,Statement Description,topics,label,1,1 ,2,2 ,2  ,3,3 ,3  ,4,4 ,5,5 ,6,6 ,7,8 ,8  , 
0,"this topic covers basic concepts in cryptography to  build the base for other sections in the knowledge  unit. this topic includes: ● encryption/decryption, sender authentication,  data integrity, non-repudiation, ● attack classification (ciphertext-only, known  plaintext, chosen plaintext, chosen ciphertext),  ● secret key (symmetric), cryptography and publickey (asymmetric) cryptography,  ● information-theoretic security (one-time pad,  shannon theorem), and • computational security ",encryption decryption,1,1,0,0,0,0,0,0,0,0,0,0,0,0,0,0,0,0,0
1,"this topic covers basic concepts in cryptography to  build the base for other sections in the knowledge  unit. this topic includes: ● encryption/decryption, sender authentication,  data integrity, non-repudiation, ● attack classification (ciphertext-only, known  plaintext, chosen plaintext, chosen ciphertext),  ● secret key (symmetric), cryptography and publickey (asymmetric) cryptography,  ● information-theoretic security (one-time pad,  shannon theorem), and • computational security ",sender authentication,1,1,0,0,0,0,0,0,0,0,0,0,0,0,0,0,0,0,0
2,"this topic covers basic concepts in cryptography to  build the base for other sections in the knowledge  unit. this topic includes: ● encryption/decryption, sender authentication,  data integrity, non-repudiation, ● attack classification (ciphertext-only, known  plaintext, chosen plaintext, chosen ciphertext),  ● secret key (symmetric), cryptography and publickey (asymmetric) cryptography,  ● information-theoretic security (one-time pad,  shannon theorem), and • computational security ",data integrity,1,1,0,0,0,0,0,0,0,0,0,0,0,0,0,0,0,0,0
3,"this topic covers basic concepts in cryptography to  build the base for other sections in the knowledge  unit. this topic includes: ● encryption/decryption, sender authentication,  data integrity, non-repudiation, ● attack classification (ciphertext-only, known  plaintext, chosen plaintext, chosen ciphertext),  ● secret key (symmetric), cryptography and publickey (asymmetric) cryptography,  ● information-theoretic security (one-time pad,  shannon theorem), and • computational security ",non repudiation,1,1,0,0,0,0,0,0,0,0,0,0,0,0,0,0,0,0,0
4,"this topic covers basic concepts in cryptography to  build the base for other sections in the knowledge  unit. this topic includes: ● encryption/decryption, sender authentication,  data integrity, non-repudiation, ● attack classification (ciphertext-only, known  plaintext, chosen plaintext, chosen ciphertext),  ● secret key (symmetric), cryptography and publickey (asymmetric) cryptography,  ● information-theoretic security (one-time pad,  shannon theorem), and • computational security ","attack classification (ciphertext only, known plaintext, chosen plaintext, chosen ciphertext)",1,1,0,0,0,0,0,0,0,0,0,0,0,0,0,0,0,0,0
5,"this topic covers basic concepts in cryptography to  build the base for other sections in the knowledge  unit. this topic includes: ● encryption/decryption, sender authentication,  data integrity, non-repudiation, ● attack classification (ciphertext-only, known  plaintext, chosen plaintext, chosen ciphertext),  ● secret key (symmetric), cryptography and publickey (asymmetric) cryptography,  ● information-theoretic security (one-time pad,  shannon theorem), and • computational security ",secret key (symmetric) cryptography,1,1,0,0,0,0,0,0,0,0,0,0,0,0,0,0,0,0,0
6,"this topic covers basic concepts in cryptography to  build the base for other sections in the knowledge  unit. this topic includes: ● encryption/decryption, sender authentication,  data integrity, non-repudiation, ● attack classification (ciphertext-only, known  plaintext, chosen plaintext, chosen ciphertext),  ● secret key (symmetric), cryptography and publickey (asymmetric) cryptography,  ● information-theoretic security (one-time pad,  shannon theorem), and • computational security ",public key (asymmetric) cryptography,1,1,0,0,0,0,0,0,0,0,0,0,0,0,0,0,0,0,0
7,"this topic covers basic concepts in cryptography to  build the base for other sections in the knowledge  unit. this topic includes: ● encryption/decryption, sender authentication,  data integrity, non-repudiation, ● attack classification (ciphertext-only, known  plaintext, chosen plaintext, chosen ciphertext),  ● secret key (symmetric), cryptography and publickey (asymmetric) cryptography,  ● information-theoretic security (one-time pad,  shannon theorem), and • computational security ","information theoretic security (one time pad, shannon theorem)",1,1,0,0,0,0,0,0,0,0,0,0,0,0,0,0,0,0,0
8,"this topic covers basic concepts in cryptography to  build the base for other sections in the knowledge  unit. this topic includes: ● encryption/decryption, sender authentication,  data integrity, non-repudiation, ● attack classification (ciphertext-only, known  plaintext, chosen plaintext, chosen ciphertext),  ● secret key (symmetric), cryptography and publickey (asymmetric) cryptography,  ● information-theoretic security (one-time pad,  shannon theorem), and • computational security ",computational security,1,1,0,0,0,0,0,0,0,0,0,0,0,0,0,0,0,0,0
9,"this topic includes: ● advanced protocols: o zero-knowledge proofs, and protocols,  o secret sharing, o commitment,  o oblivious transfer,  o secure multiparty computation, ● advanced recent developments: fully  homomorphic encryption, obfuscation, quantum  cryptography, and kljn scheme. ",advanced protocols ,1,1,0,0,0,0,0,0,0,0,0,0,0,0,0,0,0,0,0
10,"this topic includes: ● advanced protocols: o zero-knowledge proofs, and protocols,  o secret sharing, o commitment,  o oblivious transfer,  o secure multiparty computation, ● advanced recent developments: fully  homomorphic encryption, obfuscation, quantum  cryptography, and kljn scheme. ",  zero knowledge proofs,1,1,0,0,0,0,0,0,0,0,0,0,0,0,0,0,0,0,0
11,"this topic includes: ● advanced protocols: o zero-knowledge proofs, and protocols,  o secret sharing, o commitment,  o oblivious transfer,  o secure multiparty computation, ● advanced recent developments: fully  homomorphic encryption, obfuscation, quantum  cryptography, and kljn scheme. ",  secret sharing,1,1,0,0,0,0,0,0,0,0,0,0,0,0,0,0,0,0,0
12,"this topic includes: ● advanced protocols: o zero-knowledge proofs, and protocols,  o secret sharing, o commitment,  o oblivious transfer,  o secure multiparty computation, ● advanced recent developments: fully  homomorphic encryption, obfuscation, quantum  cryptography, and kljn scheme. ",  commitment,1,1,0,0,0,0,0,0,0,0,0,0,0,0,0,0,0,0,0
13,"this topic includes: ● advanced protocols: o zero-knowledge proofs, and protocols,  o secret sharing, o commitment,  o oblivious transfer,  o secure multiparty computation, ● advanced recent developments: fully  homomorphic encryption, obfuscation, quantum  cryptography, and kljn scheme. ",  oblivious transfer,1,1,0,0,0,0,0,0,0,0,0,0,0,0,0,0,0,0,0
14,"this topic includes: ● advanced protocols: o zero-knowledge proofs, and protocols,  o secret sharing, o commitment,  o oblivious transfer,  o secure multiparty computation, ● advanced recent developments: fully  homomorphic encryption, obfuscation, quantum  cryptography, and kljn scheme. ",  secure multiparty computation,1,1,0,0,0,0,0,0,0,0,0,0,0,0,0,0,0,0,0
15,"this topic includes: ● advanced protocols: o zero-knowledge proofs, and protocols,  o secret sharing, o commitment,  o oblivious transfer,  o secure multiparty computation, ● advanced recent developments: fully  homomorphic encryption, obfuscation, quantum  cryptography, and kljn scheme. ",advanced recent developments ,1,1,0,0,0,0,0,0,0,0,0,0,0,0,0,0,0,0,0
16,"this topic includes: ● advanced protocols: o zero-knowledge proofs, and protocols,  o secret sharing, o commitment,  o oblivious transfer,  o secure multiparty computation, ● advanced recent developments: fully  homomorphic encryption, obfuscation, quantum  cryptography, and kljn scheme. ",  fully homomorphic encryption,1,1,0,0,0,0,0,0,0,0,0,0,0,0,0,0,0,0,0
17,"this topic includes: ● advanced protocols: o zero-knowledge proofs, and protocols,  o secret sharing, o commitment,  o oblivious transfer,  o secure multiparty computation, ● advanced recent developments: fully  homomorphic encryption, obfuscation, quantum  cryptography, and kljn scheme. ",  obfuscation,1,1,0,0,0,0,0,0,0,0,0,0,0,0,0,0,0,0,0
18,"this topic includes: ● advanced protocols: o zero-knowledge proofs, and protocols,  o secret sharing, o commitment,  o oblivious transfer,  o secure multiparty computation, ● advanced recent developments: fully  homomorphic encryption, obfuscation, quantum  cryptography, and kljn scheme. ",  quantum cryptography,1,1,0,0,0,0,0,0,0,0,0,0,0,0,0,0,0,0,0
19,"this topic includes: ● advanced protocols: o zero-knowledge proofs, and protocols,  o secret sharing, o commitment,  o oblivious transfer,  o secure multiparty computation, ● advanced recent developments: fully  homomorphic encryption, obfuscation, quantum  cryptography, and kljn scheme. ",  kljn scheme,1,1,0,0,0,0,0,0,0,0,0,0,0,0,0,0,0,0,0
20,"this topic is essential in understanding encryption  algorithms. more advanced concepts may be included,  if needed. this topic includes: ● modular arithmetic,  ● fermat, euler theorems,  ● primitive roots, discrete log problem,  ● primality testing, factoring large integers,  ● elliptic curves, lattices and hard lattice problems,  ● abstract algebra, finite fields, and ● information theory. ",modular arithmetic,1,1,0,0,0,0,0,0,0,0,0,0,0,0,0,0,0,0,0
21,"this topic is essential in understanding encryption  algorithms. more advanced concepts may be included,  if needed. this topic includes: ● modular arithmetic,  ● fermat, euler theorems,  ● primitive roots, discrete log problem,  ● primality testing, factoring large integers,  ● elliptic curves, lattices and hard lattice problems,  ● abstract algebra, finite fields, and ● information theory. ",fermat theorems,1,1,0,0,0,0,0,0,0,0,0,0,0,0,0,0,0,0,0
22,"this topic is essential in understanding encryption  algorithms. more advanced concepts may be included,  if needed. this topic includes: ● modular arithmetic,  ● fermat, euler theorems,  ● primitive roots, discrete log problem,  ● primality testing, factoring large integers,  ● elliptic curves, lattices and hard lattice problems,  ● abstract algebra, finite fields, and ● information theory. ",euler theorems,1,1,0,0,0,0,0,0,0,0,0,0,0,0,0,0,0,0,0
23,"this topic is essential in understanding encryption  algorithms. more advanced concepts may be included,  if needed. this topic includes: ● modular arithmetic,  ● fermat, euler theorems,  ● primitive roots, discrete log problem,  ● primality testing, factoring large integers,  ● elliptic curves, lattices and hard lattice problems,  ● abstract algebra, finite fields, and ● information theory. ",primitive roots,1,1,0,0,0,0,0,0,0,0,0,0,0,0,0,0,0,0,0
24,"this topic is essential in understanding encryption  algorithms. more advanced concepts may be included,  if needed. this topic includes: ● modular arithmetic,  ● fermat, euler theorems,  ● primitive roots, discrete log problem,  ● primality testing, factoring large integers,  ● elliptic curves, lattices and hard lattice problems,  ● abstract algebra, finite fields, and ● information theory. ",discrete log problem,1,1,0,0,0,0,0,0,0,0,0,0,0,0,0,0,0,0,0
25,"this topic is essential in understanding encryption  algorithms. more advanced concepts may be included,  if needed. this topic includes: ● modular arithmetic,  ● fermat, euler theorems,  ● primitive roots, discrete log problem,  ● primality testing, factoring large integers,  ● elliptic curves, lattices and hard lattice problems,  ● abstract algebra, finite fields, and ● information theory. ",primality testing,1,1,0,0,0,0,0,0,0,0,0,0,0,0,0,0,0,0,0
26,"this topic is essential in understanding encryption  algorithms. more advanced concepts may be included,  if needed. this topic includes: ● modular arithmetic,  ● fermat, euler theorems,  ● primitive roots, discrete log problem,  ● primality testing, factoring large integers,  ● elliptic curves, lattices and hard lattice problems,  ● abstract algebra, finite fields, and ● information theory. ",factoring large integers,1,1,0,0,0,0,0,0,0,0,0,0,0,0,0,0,0,0,0
27,"this topic is essential in understanding encryption  algorithms. more advanced concepts may be included,  if needed. this topic includes: ● modular arithmetic,  ● fermat, euler theorems,  ● primitive roots, discrete log problem,  ● primality testing, factoring large integers,  ● elliptic curves, lattices and hard lattice problems,  ● abstract algebra, finite fields, and ● information theory. ",elliptic curves,1,1,0,0,0,0,0,0,0,0,0,0,0,0,0,0,0,0,0
28,"this topic is essential in understanding encryption  algorithms. more advanced concepts may be included,  if needed. this topic includes: ● modular arithmetic,  ● fermat, euler theorems,  ● primitive roots, discrete log problem,  ● primality testing, factoring large integers,  ● elliptic curves, lattices and hard lattice problems,  ● abstract algebra, finite fields, and ● information theory. ",lattices,1,1,0,0,0,0,0,0,0,0,0,0,0,0,0,0,0,0,0
29,"this topic is essential in understanding encryption  algorithms. more advanced concepts may be included,  if needed. this topic includes: ● modular arithmetic,  ● fermat, euler theorems,  ● primitive roots, discrete log problem,  ● primality testing, factoring large integers,  ● elliptic curves, lattices and hard lattice problems,  ● abstract algebra, finite fields, and ● information theory. ",hard lattice problems,1,1,0,0,0,0,0,0,0,0,0,0,0,0,0,0,0,0,0
30,"this topic is essential in understanding encryption  algorithms. more advanced concepts may be included,  if needed. this topic includes: ● modular arithmetic,  ● fermat, euler theorems,  ● primitive roots, discrete log problem,  ● primality testing, factoring large integers,  ● elliptic curves, lattices and hard lattice problems,  ● abstract algebra, finite fields, and ● information theory. ",abstract algebra,1,1,0,0,0,0,0,0,0,0,0,0,0,0,0,0,0,0,0
31,"this topic is essential in understanding encryption  algorithms. more advanced concepts may be included,  if needed. this topic includes: ● modular arithmetic,  ● fermat, euler theorems,  ● primitive roots, discrete log problem,  ● primality testing, factoring large integers,  ● elliptic curves, lattices and hard lattice problems,  ● abstract algebra, finite fields, and ● information theory. ",finite fields,1,1,0,0,0,0,0,0,0,0,0,0,0,0,0,0,0,0,0
32,"this topic is essential in understanding encryption  algorithms. more advanced concepts may be included,  if needed. this topic includes: ● modular arithmetic,  ● fermat, euler theorems,  ● primitive roots, discrete log problem,  ● primality testing, factoring large integers,  ● elliptic curves, lattices and hard lattice problems,  ● abstract algebra, finite fields, and ● information theory. ",information theory,1,1,0,0,0,0,0,0,0,0,0,0,0,0,0,0,0,0,0
33,"this topic includes the following and their current  applications (if any): ● shift cipher, affine cipher, substitution cipher,  vigenere cipher, rot-13, and ● hill cipher, enigma machine, and others ",shift cipher,1,1,0,0,0,0,0,0,0,0,0,0,0,0,0,0,0,0,0
34,"this topic includes the following and their current  applications (if any): ● shift cipher, affine cipher, substitution cipher,  vigenere cipher, rot-13, and ● hill cipher, enigma machine, and others ",affine cipher,1,1,0,0,0,0,0,0,0,0,0,0,0,0,0,0,0,0,0
35,"this topic includes the following and their current  applications (if any): ● shift cipher, affine cipher, substitution cipher,  vigenere cipher, rot-13, and ● hill cipher, enigma machine, and others ",substitution cipher,1,1,0,0,0,0,0,0,0,0,0,0,0,0,0,0,0,0,0
36,"this topic includes the following and their current  applications (if any): ● shift cipher, affine cipher, substitution cipher,  vigenere cipher, rot-13, and ● hill cipher, enigma machine, and others ",vigenere cipher,1,1,0,0,0,0,0,0,0,0,0,0,0,0,0,0,0,0,0
37,"this topic includes the following and their current  applications (if any): ● shift cipher, affine cipher, substitution cipher,  vigenere cipher, rot-13, and ● hill cipher, enigma machine, and others ",rot 13,1,1,0,0,0,0,0,0,0,0,0,0,0,0,0,0,0,0,0
38,"this topic includes the following and their current  applications (if any): ● shift cipher, affine cipher, substitution cipher,  vigenere cipher, rot-13, and ● hill cipher, enigma machine, and others ",hill cipher,1,1,0,0,0,0,0,0,0,0,0,0,0,0,0,0,0,0,0
39,"this topic includes the following and their current  applications (if any): ● shift cipher, affine cipher, substitution cipher,  vigenere cipher, rot-13, and ● hill cipher, enigma machine, and others ",enigma machine,1,1,0,0,0,0,0,0,0,0,0,0,0,0,0,0,0,0,0
40,"this topic includes: ● b block ciphers and stream ciphers (pseudorandom permutations, pseudo-random  generators),  ● feistel networks, data encryption standard  (des),  ● advanced encryption standard (aes),  ● modes of operation for block ciphers,  ● differential attack, linear attack, and ● stream ciphers, linear feedback shift registers,  rc4. ","block ciphers and stream ciphers (pseudorandom permutations, pseudorandom generators)",1,1,0,0,0,0,0,0,0,0,0,0,0,0,0,0,0,0,0
41,"this topic includes: ● b block ciphers and stream ciphers (pseudorandom permutations, pseudo-random  generators),  ● feistel networks, data encryption standard  (des),  ● advanced encryption standard (aes),  ● modes of operation for block ciphers,  ● differential attack, linear attack, and ● stream ciphers, linear feedback shift registers,  rc4. ",feistel networks,1,1,0,0,0,0,0,0,0,0,0,0,0,0,0,0,0,0,0
42,"this topic includes: ● b block ciphers and stream ciphers (pseudorandom permutations, pseudo-random  generators),  ● feistel networks, data encryption standard  (des),  ● advanced encryption standard (aes),  ● modes of operation for block ciphers,  ● differential attack, linear attack, and ● stream ciphers, linear feedback shift registers,  rc4. ",data encryption standard (des),1,1,0,0,0,0,0,0,0,0,0,0,0,0,0,0,0,0,0
43,"this topic includes: ● b block ciphers and stream ciphers (pseudorandom permutations, pseudo-random  generators),  ● feistel networks, data encryption standard  (des),  ● advanced encryption standard (aes),  ● modes of operation for block ciphers,  ● differential attack, linear attack, and ● stream ciphers, linear feedback shift registers,  rc4. ",advanced encryption standard (aes),1,1,0,0,0,0,0,0,0,0,0,0,0,0,0,0,0,0,0
44,"this topic includes: ● b block ciphers and stream ciphers (pseudorandom permutations, pseudo-random  generators),  ● feistel networks, data encryption standard  (des),  ● advanced encryption standard (aes),  ● modes of operation for block ciphers,  ● differential attack, linear attack, and ● stream ciphers, linear feedback shift registers,  rc4. ",modes of operation for block ciphers,1,1,0,0,0,0,0,0,0,0,0,0,0,0,0,0,0,0,0
45,"this topic includes: ● b block ciphers and stream ciphers (pseudorandom permutations, pseudo-random  generators),  ● feistel networks, data encryption standard  (des),  ● advanced encryption standard (aes),  ● modes of operation for block ciphers,  ● differential attack, linear attack, and ● stream ciphers, linear feedback shift registers,  rc4. ",differential attack,1,1,0,0,0,0,0,0,0,0,0,0,0,0,0,0,0,0,0
46,"this topic includes: ● b block ciphers and stream ciphers (pseudorandom permutations, pseudo-random  generators),  ● feistel networks, data encryption standard  (des),  ● advanced encryption standard (aes),  ● modes of operation for block ciphers,  ● differential attack, linear attack, and ● stream ciphers, linear feedback shift registers,  rc4. ",linear attack,1,1,0,0,0,0,0,0,0,0,0,0,0,0,0,0,0,0,0
47,"this topic includes: ● b block ciphers and stream ciphers (pseudorandom permutations, pseudo-random  generators),  ● feistel networks, data encryption standard  (des),  ● advanced encryption standard (aes),  ● modes of operation for block ciphers,  ● differential attack, linear attack, and ● stream ciphers, linear feedback shift registers,  rc4. ",stream ciphers,1,1,0,0,0,0,0,0,0,0,0,0,0,0,0,0,0,0,0
48,"this topic includes: ● b block ciphers and stream ciphers (pseudorandom permutations, pseudo-random  generators),  ● feistel networks, data encryption standard  (des),  ● advanced encryption standard (aes),  ● modes of operation for block ciphers,  ● differential attack, linear attack, and ● stream ciphers, linear feedback shift registers,  rc4. ",linear feedback shift registers,1,1,0,0,0,0,0,0,0,0,0,0,0,0,0,0,0,0,0
49,"this topic includes: ● b block ciphers and stream ciphers (pseudorandom permutations, pseudo-random  generators),  ● feistel networks, data encryption standard  (des),  ● advanced encryption standard (aes),  ● modes of operation for block ciphers,  ● differential attack, linear attack, and ● stream ciphers, linear feedback shift registers,  rc4. ",rc4,1,1,0,0,0,0,0,0,0,0,0,0,0,0,0,0,0,0,0
50,"this topic includes: ● theoretical concepts (computational complexity,  one-way trapdoor functions),  ● naive rsa,  ● weakness of naive rsa, padded rsa,  ● diffie-hellman protocol, ● el gamal cipher,  ● other public-key ciphers, including goldwassermicali, rabin, paillier, mceliece, and ● elliptic curves ciphers. ","theoretical concepts (computational complexity, one way trapdoor functions)",1,1,0,0,0,0,0,0,0,0,0,0,0,0,0,0,0,0,0
51,"this topic includes: ● theoretical concepts (computational complexity,  one-way trapdoor functions),  ● naive rsa,  ● weakness of naive rsa, padded rsa,  ● diffie-hellman protocol, ● el gamal cipher,  ● other public-key ciphers, including goldwassermicali, rabin, paillier, mceliece, and ● elliptic curves ciphers. ",naive rsa,1,1,0,0,0,0,0,0,0,0,0,0,0,0,0,0,0,0,0
52,"this topic includes: ● theoretical concepts (computational complexity,  one-way trapdoor functions),  ● naive rsa,  ● weakness of naive rsa, padded rsa,  ● diffie-hellman protocol, ● el gamal cipher,  ● other public-key ciphers, including goldwassermicali, rabin, paillier, mceliece, and ● elliptic curves ciphers. ","weakness of naive rsa, padded rsa",1,1,0,0,0,0,0,0,0,0,0,0,0,0,0,0,0,0,0
53,"this topic includes: ● theoretical concepts (computational complexity,  one-way trapdoor functions),  ● naive rsa,  ● weakness of naive rsa, padded rsa,  ● diffie-hellman protocol, ● el gamal cipher,  ● other public-key ciphers, including goldwassermicali, rabin, paillier, mceliece, and ● elliptic curves ciphers. ",diffie hellman protocol,1,1,0,0,0,0,0,0,0,0,0,0,0,0,0,0,0,0,0
54,"this topic includes: ● theoretical concepts (computational complexity,  one-way trapdoor functions),  ● naive rsa,  ● weakness of naive rsa, padded rsa,  ● diffie-hellman protocol, ● el gamal cipher,  ● other public-key ciphers, including goldwassermicali, rabin, paillier, mceliece, and ● elliptic curves ciphers. ",el gamal cipher,1,1,0,0,0,0,0,0,0,0,0,0,0,0,0,0,0,0,0
55,"this topic includes: ● theoretical concepts (computational complexity,  one-way trapdoor functions),  ● naive rsa,  ● weakness of naive rsa, padded rsa,  ● diffie-hellman protocol, ● el gamal cipher,  ● other public-key ciphers, including goldwassermicali, rabin, paillier, mceliece, and ● elliptic curves ciphers. ","other public key ciphers, including goldwassermicali, rabin, paillier, mceliece",1,1,0,0,0,0,0,0,0,0,0,0,0,0,0,0,0,0,0
56,"this topic includes: ● theoretical concepts (computational complexity,  one-way trapdoor functions),  ● naive rsa,  ● weakness of naive rsa, padded rsa,  ● diffie-hellman protocol, ● el gamal cipher,  ● other public-key ciphers, including goldwassermicali, rabin, paillier, mceliece, and ● elliptic curves ciphers. ",elliptic curves ciphers,1,1,0,0,0,0,0,0,0,0,0,0,0,0,0,0,0,0,0
57,"this topic includes: ● definition, and ● limits and types of tools (open source versus  closed source) ",definition,"1,5 ",1,0,0,0,0,0,0,0,0,0,0,1,0,0,0,0,0,0
58,"this topic includes: ● definition, and ● limits and types of tools (open source versus  closed source) ",limits of tools,"1,5 ",1,0,0,0,0,0,0,0,0,0,0,1,0,0,0,0,0,0
59,"this topic includes: ● definition, and ● limits and types of tools (open source versus  closed source) ",types of tools,"1,5 ",1,0,0,0,0,0,0,0,0,0,0,1,0,0,0,0,0,0
60,"this topic includes: ● definition, and ● limits and types of tools (open source versus  closed source) ",open source tools,"1,5 ",1,0,0,0,0,0,0,0,0,0,0,1,0,0,0,0,0,0
61,"this topic includes: ● definition, and ● limits and types of tools (open source versus  closed source) ",closed source tools,"1,5 ",1,0,0,0,0,0,0,0,0,0,0,1,0,0,0,0,0,0
62,"this topic includes: ● right to privacy, ● fourth and fifth amendments, ● protection of encryption keys under the fifth  amendment, ● types of legal authority (owner consent, search  warrant, fisa, title iii (wiretap), abandonment,  exigent circumstances, plain sight, etc.), ● protection from legal processes (e.g., isp  subscriber information via subpoena, e-mail  server transactional data from 2703(d) court  order, full content via search warrant, etc.), ● legal request for preservation of digital evidence  (e.g., via 2703(f) preservation letter), and ● affidavits, testimony and testifying, ",right to privacy,"1,5 ",1,0,0,0,0,0,0,0,0,0,0,1,0,0,0,0,0,0
63,"this topic includes: ● right to privacy, ● fourth and fifth amendments, ● protection of encryption keys under the fifth  amendment, ● types of legal authority (owner consent, search  warrant, fisa, title iii (wiretap), abandonment,  exigent circumstances, plain sight, etc.), ● protection from legal processes (e.g., isp  subscriber information via subpoena, e-mail  server transactional data from 2703(d) court  order, full content via search warrant, etc.), ● legal request for preservation of digital evidence  (e.g., via 2703(f) preservation letter), and ● affidavits, testimony and testifying, ",fourth and fifth amendments,"1,5 ",1,0,0,0,0,0,0,0,0,0,0,1,0,0,0,0,0,0
64,"this topic includes: ● right to privacy, ● fourth and fifth amendments, ● protection of encryption keys under the fifth  amendment, ● types of legal authority (owner consent, search  warrant, fisa, title iii (wiretap), abandonment,  exigent circumstances, plain sight, etc.), ● protection from legal processes (e.g., isp  subscriber information via subpoena, e-mail  server transactional data from 2703(d) court  order, full content via search warrant, etc.), ● legal request for preservation of digital evidence  (e.g., via 2703(f) preservation letter), and ● affidavits, testimony and testifying, ",protection of encryption keys under the fifth amendment,"1,5 ",1,0,0,0,0,0,0,0,0,0,0,1,0,0,0,0,0,0
65,"this topic includes: ● right to privacy, ● fourth and fifth amendments, ● protection of encryption keys under the fifth  amendment, ● types of legal authority (owner consent, search  warrant, fisa, title iii (wiretap), abandonment,  exigent circumstances, plain sight, etc.), ● protection from legal processes (e.g., isp  subscriber information via subpoena, e-mail  server transactional data from 2703(d) court  order, full content via search warrant, etc.), ● legal request for preservation of digital evidence  (e.g., via 2703(f) preservation letter), and ● affidavits, testimony and testifying, ","types of legal authority (owner consent, search warrant, fisa, title iii (wiretap), abandonment, exigent circumstances, plain sight, etc.)","1,5 ",1,0,0,0,0,0,0,0,0,0,0,1,0,0,0,0,0,0
66,"this topic includes: ● right to privacy, ● fourth and fifth amendments, ● protection of encryption keys under the fifth  amendment, ● types of legal authority (owner consent, search  warrant, fisa, title iii (wiretap), abandonment,  exigent circumstances, plain sight, etc.), ● protection from legal processes (e.g., isp  subscriber information via subpoena, e-mail  server transactional data from 2703(d) court  order, full content via search warrant, etc.), ● legal request for preservation of digital evidence  (e.g., via 2703(f) preservation letter), and ● affidavits, testimony and testifying, ","protection from legal processes (e.g., isp subscriber information via subpoena, email server transactional data from 2703(d) court order, full content via search warrant, etc.)","1,5 ",1,0,0,0,0,0,0,0,0,0,0,1,0,0,0,0,0,0
67,"this topic includes: ● right to privacy, ● fourth and fifth amendments, ● protection of encryption keys under the fifth  amendment, ● types of legal authority (owner consent, search  warrant, fisa, title iii (wiretap), abandonment,  exigent circumstances, plain sight, etc.), ● protection from legal processes (e.g., isp  subscriber information via subpoena, e-mail  server transactional data from 2703(d) court  order, full content via search warrant, etc.), ● legal request for preservation of digital evidence  (e.g., via 2703(f) preservation letter), and ● affidavits, testimony and testifying, ","legal request for preservation of digital evidence (e.g., via 2703(f) preservation letter)","1,5 ",1,0,0,0,0,0,0,0,0,0,0,1,0,0,0,0,0,0
68,"this topic includes: ● right to privacy, ● fourth and fifth amendments, ● protection of encryption keys under the fifth  amendment, ● types of legal authority (owner consent, search  warrant, fisa, title iii (wiretap), abandonment,  exigent circumstances, plain sight, etc.), ● protection from legal processes (e.g., isp  subscriber information via subpoena, e-mail  server transactional data from 2703(d) court  order, full content via search warrant, etc.), ● legal request for preservation of digital evidence  (e.g., via 2703(f) preservation letter), and ● affidavits, testimony and testifying, ","affidavits, testimony and testifying","1,5 ",1,0,0,0,0,0,0,0,0,0,0,1,0,0,0,0,0,0
69,"this topic includes: ● types, ● artifact-focused versus all-in-one tools, ● requirements, and ● limitations ",types,"1,5 ",1,0,0,0,0,0,0,0,0,0,0,1,0,0,0,0,0,0
70,"this topic includes: ● types, ● artifact-focused versus all-in-one tools, ● requirements, and ● limitations ",artifact focused versus all in one tools,"1,5 ",1,0,0,0,0,0,0,0,0,0,0,1,0,0,0,0,0,0
71,"this topic includes: ● types, ● artifact-focused versus all-in-one tools, ● requirements, and ● limitations ",requirements,"1,5 ",1,0,0,0,0,0,0,0,0,0,0,1,0,0,0,0,0,0
72,"this topic includes: ● types, ● artifact-focused versus all-in-one tools, ● requirements, and ● limitations ",limitations,"1,5 ",1,0,0,0,0,0,0,0,0,0,0,1,0,0,0,0,0,0
73,"this topic includes: ● alerts, ● identification of evidence, ● collection and preservation of evidence, ● timelines, reporting, chain of custody, and ● authentication of evidence. ",alerts,"1,5 ",1,0,0,0,0,0,0,0,0,0,0,1,0,0,0,0,0,0
74,"this topic includes: ● alerts, ● identification of evidence, ● collection and preservation of evidence, ● timelines, reporting, chain of custody, and ● authentication of evidence. ",identification of evidence,"1,5 ",1,0,0,0,0,0,0,0,0,0,0,1,0,0,0,0,0,0
75,"this topic includes: ● alerts, ● identification of evidence, ● collection and preservation of evidence, ● timelines, reporting, chain of custody, and ● authentication of evidence. ",collection and preservation of evidence,"1,5 ",1,0,0,0,0,0,0,0,0,0,0,1,0,0,0,0,0,0
76,"this topic includes: ● alerts, ● identification of evidence, ● collection and preservation of evidence, ● timelines, reporting, chain of custody, and ● authentication of evidence. ",timelines,"1,5 ",1,0,0,0,0,0,0,0,0,0,0,1,0,0,0,0,0,0
77,"this topic includes: ● alerts, ● identification of evidence, ● collection and preservation of evidence, ● timelines, reporting, chain of custody, and ● authentication of evidence. ",reporting,"1,5 ",1,0,0,0,0,0,0,0,0,0,0,1,0,0,0,0,0,0
78,"this topic includes: ● alerts, ● identification of evidence, ● collection and preservation of evidence, ● timelines, reporting, chain of custody, and ● authentication of evidence. ",chain of custody,"1,5 ",1,0,0,0,0,0,0,0,0,0,0,1,0,0,0,0,0,0
79,"this topic includes: ● alerts, ● identification of evidence, ● collection and preservation of evidence, ● timelines, reporting, chain of custody, and ● authentication of evidence. ",authentication of evidence,"1,5 ",1,0,0,0,0,0,0,0,0,0,0,1,0,0,0,0,0,0
80,"this topic includes: ● pull-the-plug versus triage, ● write-blocking, ● forensically-prepared destination media, ● imaging procedures, ● acquisition of volatile evidence, ● live forensics analysis, and ● chain of custody. ",pull the plug versus triage,"1,5 ",1,0,0,0,0,0,0,0,0,0,0,1,0,0,0,0,0,0
81,"this topic includes: ● pull-the-plug versus triage, ● write-blocking, ● forensically-prepared destination media, ● imaging procedures, ● acquisition of volatile evidence, ● live forensics analysis, and ● chain of custody. ",write blocking,"1,5 ",1,0,0,0,0,0,0,0,0,0,0,1,0,0,0,0,0,0
82,"this topic includes: ● pull-the-plug versus triage, ● write-blocking, ● forensically-prepared destination media, ● imaging procedures, ● acquisition of volatile evidence, ● live forensics analysis, and ● chain of custody. ",forensically prepared destination media,"1,5 ",1,0,0,0,0,0,0,0,0,0,0,1,0,0,0,0,0,0
83,"this topic includes: ● pull-the-plug versus triage, ● write-blocking, ● forensically-prepared destination media, ● imaging procedures, ● acquisition of volatile evidence, ● live forensics analysis, and ● chain of custody. ",imaging procedures,"1,5 ",1,0,0,0,0,0,0,0,0,0,0,1,0,0,0,0,0,0
84,"this topic includes: ● pull-the-plug versus triage, ● write-blocking, ● forensically-prepared destination media, ● imaging procedures, ● acquisition of volatile evidence, ● live forensics analysis, and ● chain of custody. ",acquisition of volatile evidence,"1,5 ",1,0,0,0,0,0,0,0,0,0,0,1,0,0,0,0,0,0
85,"this topic includes: ● pull-the-plug versus triage, ● write-blocking, ● forensically-prepared destination media, ● imaging procedures, ● acquisition of volatile evidence, ● live forensics analysis, and ● chain of custody. ",live forensics analysis,"1,5 ",1,0,0,0,0,0,0,0,0,0,0,1,0,0,0,0,0,0
86,"this topic includes: ● pull-the-plug versus triage, ● write-blocking, ● forensically-prepared destination media, ● imaging procedures, ● acquisition of volatile evidence, ● live forensics analysis, and ● chain of custody. ",chain of custody,"1,5 ",1,0,0,0,0,0,0,0,0,0,0,1,0,0,0,0,0,0
87,"this topic focuses on knowledge (awareness the  artifact exists), attributes (components and possible  variations of the artifact), origin/cause (emphasis on  why the artifact exists), discoverability (how the  artifact is located/viewed with tools), relevance  (significance in the context of the specific  investigation). includes:  ● sources of digital evidence, ● deleted and undeleted files, temporary files, ● metadata, ● print spool files ● slack space, ● hibernation files, ● windows registry, ● browser history, ● log files, ● file systems, ● file recovery, and ● file carving. ",sources of digital evidence,"1,5 ",1,0,0,0,0,0,0,0,0,0,0,1,0,0,0,0,0,0
88,"this topic focuses on knowledge (awareness the  artifact exists), attributes (components and possible  variations of the artifact), origin/cause (emphasis on  why the artifact exists), discoverability (how the  artifact is located/viewed with tools), relevance  (significance in the context of the specific  investigation). includes:  ● sources of digital evidence, ● deleted and undeleted files, temporary files, ● metadata, ● print spool files ● slack space, ● hibernation files, ● windows registry, ● browser history, ● log files, ● file systems, ● file recovery, and ● file carving. ",deleted and undeleted files,"1,5 ",1,0,0,0,0,0,0,0,0,0,0,1,0,0,0,0,0,0
89,"this topic focuses on knowledge (awareness the  artifact exists), attributes (components and possible  variations of the artifact), origin/cause (emphasis on  why the artifact exists), discoverability (how the  artifact is located/viewed with tools), relevance  (significance in the context of the specific  investigation). includes:  ● sources of digital evidence, ● deleted and undeleted files, temporary files, ● metadata, ● print spool files ● slack space, ● hibernation files, ● windows registry, ● browser history, ● log files, ● file systems, ● file recovery, and ● file carving. ",temporary files,"1,5 ",1,0,0,0,0,0,0,0,0,0,0,1,0,0,0,0,0,0
90,"this topic focuses on knowledge (awareness the  artifact exists), attributes (components and possible  variations of the artifact), origin/cause (emphasis on  why the artifact exists), discoverability (how the  artifact is located/viewed with tools), relevance  (significance in the context of the specific  investigation). includes:  ● sources of digital evidence, ● deleted and undeleted files, temporary files, ● metadata, ● print spool files ● slack space, ● hibernation files, ● windows registry, ● browser history, ● log files, ● file systems, ● file recovery, and ● file carving. ",metadata,"1,5 ",1,0,0,0,0,0,0,0,0,0,0,1,0,0,0,0,0,0
91,"this topic focuses on knowledge (awareness the  artifact exists), attributes (components and possible  variations of the artifact), origin/cause (emphasis on  why the artifact exists), discoverability (how the  artifact is located/viewed with tools), relevance  (significance in the context of the specific  investigation). includes:  ● sources of digital evidence, ● deleted and undeleted files, temporary files, ● metadata, ● print spool files ● slack space, ● hibernation files, ● windows registry, ● browser history, ● log files, ● file systems, ● file recovery, and ● file carving. ",print spool files,"1,5 ",1,0,0,0,0,0,0,0,0,0,0,1,0,0,0,0,0,0
92,"this topic focuses on knowledge (awareness the  artifact exists), attributes (components and possible  variations of the artifact), origin/cause (emphasis on  why the artifact exists), discoverability (how the  artifact is located/viewed with tools), relevance  (significance in the context of the specific  investigation). includes:  ● sources of digital evidence, ● deleted and undeleted files, temporary files, ● metadata, ● print spool files ● slack space, ● hibernation files, ● windows registry, ● browser history, ● log files, ● file systems, ● file recovery, and ● file carving. ",slack space,"1,5 ",1,0,0,0,0,0,0,0,0,0,0,1,0,0,0,0,0,0
93,"this topic focuses on knowledge (awareness the  artifact exists), attributes (components and possible  variations of the artifact), origin/cause (emphasis on  why the artifact exists), discoverability (how the  artifact is located/viewed with tools), relevance  (significance in the context of the specific  investigation). includes:  ● sources of digital evidence, ● deleted and undeleted files, temporary files, ● metadata, ● print spool files ● slack space, ● hibernation files, ● windows registry, ● browser history, ● log files, ● file systems, ● file recovery, and ● file carving. ",hibernation files,"1,5 ",1,0,0,0,0,0,0,0,0,0,0,1,0,0,0,0,0,0
94,"this topic focuses on knowledge (awareness the  artifact exists), attributes (components and possible  variations of the artifact), origin/cause (emphasis on  why the artifact exists), discoverability (how the  artifact is located/viewed with tools), relevance  (significance in the context of the specific  investigation). includes:  ● sources of digital evidence, ● deleted and undeleted files, temporary files, ● metadata, ● print spool files ● slack space, ● hibernation files, ● windows registry, ● browser history, ● log files, ● file systems, ● file recovery, and ● file carving. ",windows registry,"1,5 ",1,0,0,0,0,0,0,0,0,0,0,1,0,0,0,0,0,0
95,"this topic focuses on knowledge (awareness the  artifact exists), attributes (components and possible  variations of the artifact), origin/cause (emphasis on  why the artifact exists), discoverability (how the  artifact is located/viewed with tools), relevance  (significance in the context of the specific  investigation). includes:  ● sources of digital evidence, ● deleted and undeleted files, temporary files, ● metadata, ● print spool files ● slack space, ● hibernation files, ● windows registry, ● browser history, ● log files, ● file systems, ● file recovery, and ● file carving. ",browser history,"1,5 ",1,0,0,0,0,0,0,0,0,0,0,1,0,0,0,0,0,0
96,"this topic focuses on knowledge (awareness the  artifact exists), attributes (components and possible  variations of the artifact), origin/cause (emphasis on  why the artifact exists), discoverability (how the  artifact is located/viewed with tools), relevance  (significance in the context of the specific  investigation). includes:  ● sources of digital evidence, ● deleted and undeleted files, temporary files, ● metadata, ● print spool files ● slack space, ● hibernation files, ● windows registry, ● browser history, ● log files, ● file systems, ● file recovery, and ● file carving. ",log files,"1,5 ",1,0,0,0,0,0,0,0,0,0,0,1,0,0,0,0,0,0
97,"this topic focuses on knowledge (awareness the  artifact exists), attributes (components and possible  variations of the artifact), origin/cause (emphasis on  why the artifact exists), discoverability (how the  artifact is located/viewed with tools), relevance  (significance in the context of the specific  investigation). includes:  ● sources of digital evidence, ● deleted and undeleted files, temporary files, ● metadata, ● print spool files ● slack space, ● hibernation files, ● windows registry, ● browser history, ● log files, ● file systems, ● file recovery, and ● file carving. ",file systems,"1,5 ",1,0,0,0,0,0,0,0,0,0,0,1,0,0,0,0,0,0
98,"this topic focuses on knowledge (awareness the  artifact exists), attributes (components and possible  variations of the artifact), origin/cause (emphasis on  why the artifact exists), discoverability (how the  artifact is located/viewed with tools), relevance  (significance in the context of the specific  investigation). includes:  ● sources of digital evidence, ● deleted and undeleted files, temporary files, ● metadata, ● print spool files ● slack space, ● hibernation files, ● windows registry, ● browser history, ● log files, ● file systems, ● file recovery, and ● file carving. ",file recovery,"1,5 ",1,0,0,0,0,0,0,0,0,0,0,1,0,0,0,0,0,0
99,"this topic focuses on knowledge (awareness the  artifact exists), attributes (components and possible  variations of the artifact), origin/cause (emphasis on  why the artifact exists), discoverability (how the  artifact is located/viewed with tools), relevance  (significance in the context of the specific  investigation). includes:  ● sources of digital evidence, ● deleted and undeleted files, temporary files, ● metadata, ● print spool files ● slack space, ● hibernation files, ● windows registry, ● browser history, ● log files, ● file systems, ● file recovery, and ● file carving. ",file carving,"1,5 ",1,0,0,0,0,0,0,0,0,0,0,1,0,0,0,0,0,0
100,"this topic includes: ● timeline analysis, ● attribution,  ● lay versus technical explanations, ● executive summaries, ● detailed reports, and ● limitations. ",timeline analysis,"1,5 ",1,0,0,0,0,0,0,0,0,0,0,1,0,0,0,0,0,0
101,"this topic includes: ● timeline analysis, ● attribution,  ● lay versus technical explanations, ● executive summaries, ● detailed reports, and ● limitations. ",attribution,"1,5 ",1,0,0,0,0,0,0,0,0,0,0,1,0,0,0,0,0,0
102,"this topic includes: ● timeline analysis, ● attribution,  ● lay versus technical explanations, ● executive summaries, ● detailed reports, and ● limitations. ",lay versus technical explanations,"1,5 ",1,0,0,0,0,0,0,0,0,0,0,1,0,0,0,0,0,0
103,"this topic includes: ● timeline analysis, ● attribution,  ● lay versus technical explanations, ● executive summaries, ● detailed reports, and ● limitations. ",executive summaries,"1,5 ",1,0,0,0,0,0,0,0,0,0,0,1,0,0,0,0,0,0
104,"this topic includes: ● timeline analysis, ● attribution,  ● lay versus technical explanations, ● executive summaries, ● detailed reports, and ● limitations. ",detailed reports,"1,5 ",1,0,0,0,0,0,0,0,0,0,0,1,0,0,0,0,0,0
105,"this topic includes: ● timeline analysis, ● attribution,  ● lay versus technical explanations, ● executive summaries, ● detailed reports, and ● limitations. ",limitations,"1,5 ",1,0,0,0,0,0,0,0,0,0,0,1,0,0,0,0,0,0
106,"this topic includes: ● hashing algorithms (md5, sha-1, etc.), ● hashing entire media vs individual files, and ● pre-exam and post-exam verification hashing. ","hashing algorithms (md5, sha 1, etc.)","1,5 ",1,0,0,0,0,0,0,0,0,0,0,1,0,0,0,0,0,0
107,"this topic includes: ● hashing algorithms (md5, sha-1, etc.), ● hashing entire media vs individual files, and ● pre-exam and post-exam verification hashing. ",hashing entire media vs individual files,"1,5 ",1,0,0,0,0,0,0,0,0,0,0,1,0,0,0,0,0,0
108,"this topic includes: ● hashing algorithms (md5, sha-1, etc.), ● hashing entire media vs individual files, and ● pre-exam and post-exam verification hashing. ",pre exam and post exam verification hashing,"1,5 ",1,0,0,0,0,0,0,0,0,0,0,1,0,0,0,0,0,0
109,"this topic includes: ● report structures, ● incident detection and analysis, ● containment, eradication and recovery, ● post-incident activities, and ● information sharing, ",report structures,"1,5 ",1,0,0,0,0,0,0,0,0,0,0,1,0,0,0,0,0,0
110,"this topic includes: ● report structures, ● incident detection and analysis, ● containment, eradication and recovery, ● post-incident activities, and ● information sharing, ",incident detection and analysis,"1,5 ",1,0,0,0,0,0,0,0,0,0,0,1,0,0,0,0,0,0
111,"this topic includes: ● report structures, ● incident detection and analysis, ● containment, eradication and recovery, ● post-incident activities, and ● information sharing, ","containment, eradication and recovery","1,5 ",1,0,0,0,0,0,0,0,0,0,0,1,0,0,0,0,0,0
112,"this topic includes: ● report structures, ● incident detection and analysis, ● containment, eradication and recovery, ● post-incident activities, and ● information sharing, ",post incident activities,"1,5 ",1,0,0,0,0,0,0,0,0,0,0,1,0,0,0,0,0,0
113,"this topic includes: ● report structures, ● incident detection and analysis, ● containment, eradication and recovery, ● post-incident activities, and ● information sharing, ",information sharing,"1,5 ",1,0,0,0,0,0,0,0,0,0,0,1,0,0,0,0,0,0
114,"this topic includes: ● wireless technologies, ● mobile device technology, ● collection/isolation of mobile device, ● mobile operating systems (os) and apps, and ● mobile artifacts ",wireless technologies,"1,5 ",1,0,0,0,0,0,0,0,0,0,0,1,0,0,0,0,0,0
115,"this topic includes: ● wireless technologies, ● mobile device technology, ● collection/isolation of mobile device, ● mobile operating systems (os) and apps, and ● mobile artifacts ",mobile device technology,"1,5 ",1,0,0,0,0,0,0,0,0,0,0,1,0,0,0,0,0,0
116,"this topic includes: ● wireless technologies, ● mobile device technology, ● collection/isolation of mobile device, ● mobile operating systems (os) and apps, and ● mobile artifacts ",collection isolation of mobile device,"1,5 ",1,0,0,0,0,0,0,0,0,0,0,1,0,0,0,0,0,0
117,"this topic includes: ● wireless technologies, ● mobile device technology, ● collection/isolation of mobile device, ● mobile operating systems (os) and apps, and ● mobile artifacts ",mobile operating systems (os) and apps,"1,5 ",1,0,0,0,0,0,0,0,0,0,0,1,0,0,0,0,0,0
118,"this topic includes: ● wireless technologies, ● mobile device technology, ● collection/isolation of mobile device, ● mobile operating systems (os) and apps, and ● mobile artifacts ",mobile artifacts,"1,5 ",1,0,0,0,0,0,0,0,0,0,0,1,0,0,0,0,0,0
119,"this topic includes: ● multifactor authentication, ● cryptographic tokens, ● cryptographic devices, ● biometric authentication, ● one-time passwords, and ● knowledge-based authentication ",multifactor authentication,1,1,0,0,0,0,0,0,0,0,0,0,0,0,0,0,0,0,0
120,"this topic includes: ● multifactor authentication, ● cryptographic tokens, ● cryptographic devices, ● biometric authentication, ● one-time passwords, and ● knowledge-based authentication ",cryptographic tokens,1,1,0,0,0,0,0,0,0,0,0,0,0,0,0,0,0,0,0
121,"this topic includes: ● multifactor authentication, ● cryptographic tokens, ● cryptographic devices, ● biometric authentication, ● one-time passwords, and ● knowledge-based authentication ",cryptographic devices,1,1,0,0,0,0,0,0,0,0,0,0,0,0,0,0,0,0,0
122,"this topic includes: ● multifactor authentication, ● cryptographic tokens, ● cryptographic devices, ● biometric authentication, ● one-time passwords, and ● knowledge-based authentication ",biometric authentication,1,1,0,0,0,0,0,0,0,0,0,0,0,0,0,0,0,0,0
123,"this topic includes: ● multifactor authentication, ● cryptographic tokens, ● cryptographic devices, ● biometric authentication, ● one-time passwords, and ● knowledge-based authentication ",one time passwords,1,1,0,0,0,0,0,0,0,0,0,0,0,0,0,0,0,0,0
124,"this topic includes: ● multifactor authentication, ● cryptographic tokens, ● cryptographic devices, ● biometric authentication, ● one-time passwords, and ● knowledge-based authentication ",knowledge based authentication,1,1,0,0,0,0,0,0,0,0,0,0,0,0,0,0,0,0,0
125,"this topic includes: ● dictionary attack, ● brute force attack, ● rainbow table attack, ● phishing and social engineering, ● malware-based attack, ● spidering, ● off-line analysis, and ● password cracking tools ",dictionary attack,1,1,0,0,0,0,0,0,0,0,0,0,0,0,0,0,0,0,0
126,"this topic includes: ● dictionary attack, ● brute force attack, ● rainbow table attack, ● phishing and social engineering, ● malware-based attack, ● spidering, ● off-line analysis, and ● password cracking tools ",brute force attack,1,1,0,0,0,0,0,0,0,0,0,0,0,0,0,0,0,0,0
127,"this topic includes: ● dictionary attack, ● brute force attack, ● rainbow table attack, ● phishing and social engineering, ● malware-based attack, ● spidering, ● off-line analysis, and ● password cracking tools ",rainbow table attack,1,1,0,0,0,0,0,0,0,0,0,0,0,0,0,0,0,0,0
128,"this topic includes: ● dictionary attack, ● brute force attack, ● rainbow table attack, ● phishing and social engineering, ● malware-based attack, ● spidering, ● off-line analysis, and ● password cracking tools ",phishing and social engineering,1,1,0,0,0,0,0,0,0,0,0,0,0,0,0,0,0,0,0
129,"this topic includes: ● dictionary attack, ● brute force attack, ● rainbow table attack, ● phishing and social engineering, ● malware-based attack, ● spidering, ● off-line analysis, and ● password cracking tools ",malware based attack,1,1,0,0,0,0,0,0,0,0,0,0,0,0,0,0,0,0,0
130,"this topic includes: ● dictionary attack, ● brute force attack, ● rainbow table attack, ● phishing and social engineering, ● malware-based attack, ● spidering, ● off-line analysis, and ● password cracking tools ",spidering,1,1,0,0,0,0,0,0,0,0,0,0,0,0,0,0,0,0,0
131,"this topic includes: ● dictionary attack, ● brute force attack, ● rainbow table attack, ● phishing and social engineering, ● malware-based attack, ● spidering, ● off-line analysis, and ● password cracking tools ",off line analysis,1,1,0,0,0,0,0,0,0,0,0,0,0,0,0,0,0,0,0
132,"this topic includes: ● dictionary attack, ● brute force attack, ● rainbow table attack, ● phishing and social engineering, ● malware-based attack, ● spidering, ● off-line analysis, and ● password cracking tools ",password cracking tools,1,1,0,0,0,0,0,0,0,0,0,0,0,0,0,0,0,0,0
133,"this topic includes: ● cryptographic hash functions (sha-256, sha-3,  collision resistance), ● salting, ● iteration count, and ● password-based key derivation. ","cryptographic hash functions (sha 256, sha 3, collision resistance)",1,1,0,0,0,0,0,0,0,0,0,0,0,0,0,0,0,0,0
134,"this topic includes: ● cryptographic hash functions (sha-256, sha-3,  collision resistance), ● salting, ● iteration count, and ● password-based key derivation. ",salting,1,1,0,0,0,0,0,0,0,0,0,0,0,0,0,0,0,0,0
135,"this topic includes: ● cryptographic hash functions (sha-256, sha-3,  collision resistance), ● salting, ● iteration count, and ● password-based key derivation. ",iteration count,1,1,0,0,0,0,0,0,0,0,0,0,0,0,0,0,0,0,0
136,"this topic includes: ● cryptographic hash functions (sha-256, sha-3,  collision resistance), ● salting, ● iteration count, and ● password-based key derivation. ",password based key derivation,1,1,0,0,0,0,0,0,0,0,0,0,0,0,0,0,0,0,0
137,"this topic includes: ● message authentication codes (hmac,  cbc-mac), ● digital signatures, ● authenticated encryption, and ● hash trees. ","message authentication codes (hmac, cbc mac)",1,1,0,0,0,0,0,0,0,0,0,0,0,0,0,0,0,0,0
138,"this topic includes: ● message authentication codes (hmac,  cbc-mac), ● digital signatures, ● authenticated encryption, and ● hash trees. ",digital signatures,1,1,0,0,0,0,0,0,0,0,0,0,0,0,0,0,0,0,0
139,"this topic includes: ● message authentication codes (hmac,  cbc-mac), ● digital signatures, ● authenticated encryption, and ● hash trees. ",authenticated encryption,1,1,0,0,0,0,0,0,0,0,0,0,0,0,0,0,0,0,0
140,"this topic includes: ● message authentication codes (hmac,  cbc-mac), ● digital signatures, ● authenticated encryption, and ● hash trees. ",hash trees,1,1,0,0,0,0,0,0,0,0,0,0,0,0,0,0,0,0,0
141,"this topic includes: ● data center security, including keyed access, man  trips, key cards and video surveillance, ● rack-level security, and ● data destruction ",data center security,1,1,0,0,0,0,0,0,0,0,0,0,0,0,0,0,0,0,0
142,"this topic includes: ● data center security, including keyed access, man  trips, key cards and video surveillance, ● rack-level security, and ● data destruction ",keyed access,1,1,0,0,0,0,0,0,0,0,0,0,0,0,0,0,0,0,0
143,"this topic includes: ● data center security, including keyed access, man  trips, key cards and video surveillance, ● rack-level security, and ● data destruction ",man trips,1,1,0,0,0,0,0,0,0,0,0,0,0,0,0,0,0,0,0
144,"this topic includes: ● data center security, including keyed access, man  trips, key cards and video surveillance, ● rack-level security, and ● data destruction ",key cards,1,1,0,0,0,0,0,0,0,0,0,0,0,0,0,0,0,0,0
145,"this topic includes: ● data center security, including keyed access, man  trips, key cards and video surveillance, ● rack-level security, and ● data destruction ",video surveillance,1,1,0,0,0,0,0,0,0,0,0,0,0,0,0,0,0,0,0
146,"this topic includes: ● data center security, including keyed access, man  trips, key cards and video surveillance, ● rack-level security, and ● data destruction ",rack level security,1,1,0,0,0,0,0,0,0,0,0,0,0,0,0,0,0,0,0
147,"this topic includes: ● data center security, including keyed access, man  trips, key cards and video surveillance, ● rack-level security, and ● data destruction ",data destruction,1,1,0,0,0,0,0,0,0,0,0,0,0,0,0,0,0,0,0
148,"this topic includes: ● access control lists, group policies, passwords, ● discretionary access control (dac), ● mandatory access control (mac), ● role-based access control (rbac), ● attribute-based access control (abac), ● rule-based access control (rac), ● history-based access control (hbac), ● identity-based access control (ibac), ● organization-based access control (orbac),  and ● federated identities and access control. ",access control lists,1,1,0,0,0,0,0,0,0,0,0,0,0,0,0,0,0,0,0
149,"this topic includes: ● access control lists, group policies, passwords, ● discretionary access control (dac), ● mandatory access control (mac), ● role-based access control (rbac), ● attribute-based access control (abac), ● rule-based access control (rac), ● history-based access control (hbac), ● identity-based access control (ibac), ● organization-based access control (orbac),  and ● federated identities and access control. ",group policies,1,1,0,0,0,0,0,0,0,0,0,0,0,0,0,0,0,0,0
150,"this topic includes: ● access control lists, group policies, passwords, ● discretionary access control (dac), ● mandatory access control (mac), ● role-based access control (rbac), ● attribute-based access control (abac), ● rule-based access control (rac), ● history-based access control (hbac), ● identity-based access control (ibac), ● organization-based access control (orbac),  and ● federated identities and access control. ",passwords,1,1,0,0,0,0,0,0,0,0,0,0,0,0,0,0,0,0,0
151,"this topic includes: ● access control lists, group policies, passwords, ● discretionary access control (dac), ● mandatory access control (mac), ● role-based access control (rbac), ● attribute-based access control (abac), ● rule-based access control (rac), ● history-based access control (hbac), ● identity-based access control (ibac), ● organization-based access control (orbac),  and ● federated identities and access control. ",discretionary access control (dac),1,1,0,0,0,0,0,0,0,0,0,0,0,0,0,0,0,0,0
152,"this topic includes: ● access control lists, group policies, passwords, ● discretionary access control (dac), ● mandatory access control (mac), ● role-based access control (rbac), ● attribute-based access control (abac), ● rule-based access control (rac), ● history-based access control (hbac), ● identity-based access control (ibac), ● organization-based access control (orbac),  and ● federated identities and access control. ",mandatory access control (mac),1,1,0,0,0,0,0,0,0,0,0,0,0,0,0,0,0,0,0
153,"this topic includes: ● access control lists, group policies, passwords, ● discretionary access control (dac), ● mandatory access control (mac), ● role-based access control (rbac), ● attribute-based access control (abac), ● rule-based access control (rac), ● history-based access control (hbac), ● identity-based access control (ibac), ● organization-based access control (orbac),  and ● federated identities and access control. ",role based access control (rbac),1,1,0,0,0,0,0,0,0,0,0,0,0,0,0,0,0,0,0
154,"this topic includes: ● access control lists, group policies, passwords, ● discretionary access control (dac), ● mandatory access control (mac), ● role-based access control (rbac), ● attribute-based access control (abac), ● rule-based access control (rac), ● history-based access control (hbac), ● identity-based access control (ibac), ● organization-based access control (orbac),  and ● federated identities and access control. ",attribute based access control (abac),1,1,0,0,0,0,0,0,0,0,0,0,0,0,0,0,0,0,0
155,"this topic includes: ● access control lists, group policies, passwords, ● discretionary access control (dac), ● mandatory access control (mac), ● role-based access control (rbac), ● attribute-based access control (abac), ● rule-based access control (rac), ● history-based access control (hbac), ● identity-based access control (ibac), ● organization-based access control (orbac),  and ● federated identities and access control. ",rule based access control (rac),1,1,0,0,0,0,0,0,0,0,0,0,0,0,0,0,0,0,0
156,"this topic includes: ● access control lists, group policies, passwords, ● discretionary access control (dac), ● mandatory access control (mac), ● role-based access control (rbac), ● attribute-based access control (abac), ● rule-based access control (rac), ● history-based access control (hbac), ● identity-based access control (ibac), ● organization-based access control (orbac),  and ● federated identities and access control. ",history based access control (hbac),1,1,0,0,0,0,0,0,0,0,0,0,0,0,0,0,0,0,0
157,"this topic includes: ● access control lists, group policies, passwords, ● discretionary access control (dac), ● mandatory access control (mac), ● role-based access control (rbac), ● attribute-based access control (abac), ● rule-based access control (rac), ● history-based access control (hbac), ● identity-based access control (ibac), ● organization-based access control (orbac),  and ● federated identities and access control. ",identity based access control (ibac),1,1,0,0,0,0,0,0,0,0,0,0,0,0,0,0,0,0,0
158,"this topic includes: ● access control lists, group policies, passwords, ● discretionary access control (dac), ● mandatory access control (mac), ● role-based access control (rbac), ● attribute-based access control (abac), ● rule-based access control (rac), ● history-based access control (hbac), ● identity-based access control (ibac), ● organization-based access control (orbac),  and ● federated identities and access control. ",organization based access control (orbac),1,1,0,0,0,0,0,0,0,0,0,0,0,0,0,0,0,0,0
159,"this topic includes: ● access control lists, group policies, passwords, ● discretionary access control (dac), ● mandatory access control (mac), ● role-based access control (rbac), ● attribute-based access control (abac), ● rule-based access control (rac), ● history-based access control (hbac), ● identity-based access control (ibac), ● organization-based access control (orbac),  and ● federated identities and access control. ",federated identities and access control,1,1,0,0,0,0,0,0,0,0,0,0,0,0,0,0,0,0,0
160,"this topic includes: ● principles of a security architecture, and ● protection of information in computer systems. ",principles of a security architecture,1,1,0,0,0,0,0,0,0,0,0,0,0,0,0,0,0,0,0
161,"this topic includes: ● principles of a security architecture, and ● protection of information in computer systems. ",protection of information in computer systems,1,1,0,0,0,0,0,0,0,0,0,0,0,0,0,0,0,0,0
162,"this topic includes: ● controlling authorized boundaries, ● channels, ● destinations, and ● methods of data sharing. ",controlling authorized boundaries,1,1,0,0,0,0,0,0,0,0,0,0,0,0,0,0,0,0,0
163,"this topic includes: ● controlling authorized boundaries, ● channels, ● destinations, and ● methods of data sharing. ",channels,1,1,0,0,0,0,0,0,0,0,0,0,0,0,0,0,0,0,0
164,"this topic includes: ● controlling authorized boundaries, ● channels, ● destinations, and ● methods of data sharing. ",destinations,1,1,0,0,0,0,0,0,0,0,0,0,0,0,0,0,0,0,0
165,"this topic includes: ● controlling authorized boundaries, ● channels, ● destinations, and ● methods of data sharing. ",methods of data sharing,1,1,0,0,0,0,0,0,0,0,0,0,0,0,0,0,0,0,0
166,"this topic includes: ● http, ● https, ● ssh, and ● ssl/tls. ",http,1,1,0,0,0,0,0,0,0,0,0,0,0,0,0,0,0,0,0
167,"this topic includes: ● http, ● https, ● ssh, and ● ssl/tls. ",https,1,1,0,0,0,0,0,0,0,0,0,0,0,0,0,0,0,0,0
168,"this topic includes: ● http, ● https, ● ssh, and ● ssl/tls. ",ssh,1,1,0,0,0,0,0,0,0,0,0,0,0,0,0,0,0,0,0
169,"this topic includes: ● http, ● https, ● ssh, and ● ssl/tls. ",ssl tls,1,1,0,0,0,0,0,0,0,0,0,0,0,0,0,0,0,0,0
170,"this topic includes: ● downgrade attacks, ● certificate forgery ● implications of stolen root certificates, and ● certificate transparency. ",downgrade attacks,1,1,0,0,0,0,0,0,0,0,0,0,0,0,0,0,0,0,0
171,"this topic includes: ● downgrade attacks, ● certificate forgery ● implications of stolen root certificates, and ● certificate transparency. ",certificate forgery,1,1,0,0,0,0,0,0,0,0,0,0,0,0,0,0,0,0,0
172,"this topic includes: ● downgrade attacks, ● certificate forgery ● implications of stolen root certificates, and ● certificate transparency. ",implications of stolen root certificates,1,1,0,0,0,0,0,0,0,0,0,0,0,0,0,0,0,0,0
173,"this topic includes: ● downgrade attacks, ● certificate forgery ● implications of stolen root certificates, and ● certificate transparency. ",certificate transparency,1,1,0,0,0,0,0,0,0,0,0,0,0,0,0,0,0,0,0
174,this topic includes ipsec and vpn ,ipsec,1,1,0,0,0,0,0,0,0,0,0,0,0,0,0,0,0,0,0
175,this topic includes ipsec and vpn ,vpn,1,1,0,0,0,0,0,0,0,0,0,0,0,0,0,0,0,0,0
176,"this topic includes mixnet, tor, off-the-record  message, and signal ",mixnet,1,1,0,0,0,0,0,0,0,0,0,0,0,0,0,0,0,0,0
177,"this topic includes mixnet, tor, off-the-record  message, and signal ",tor,1,1,0,0,0,0,0,0,0,0,0,0,0,0,0,0,0,0,0
178,"this topic includes mixnet, tor, off-the-record  message, and signal ",off the record message,1,1,0,0,0,0,0,0,0,0,0,0,0,0,0,0,0,0,0
179,"this topic includes mixnet, tor, off-the-record  message, and signal ",signal,1,1,0,0,0,0,0,0,0,0,0,0,0,0,0,0,0,0,0
180,"this topic includes l2tp, ppp and radius. ",l2tp,1,1,0,0,0,0,0,0,0,0,0,0,0,0,0,0,0,0,0
181,"this topic includes l2tp, ppp and radius. ",ppp,1,1,0,0,0,0,0,0,0,0,0,0,0,0,0,0,0,0,0
182,"this topic includes l2tp, ppp and radius. ",radius,1,1,0,0,0,0,0,0,0,0,0,0,0,0,0,0,0,0,0
183,"this topic includes: ● brute-force attack,  ● frequency-based attacks,  ● attacks on the enigma machine, and ● birthday-paradox attack. ",brute force attack,1,1,0,0,0,0,0,0,0,0,0,0,0,0,0,0,0,0,0
184,"this topic includes: ● brute-force attack,  ● frequency-based attacks,  ● attacks on the enigma machine, and ● birthday-paradox attack. ",frequency based attacks,1,1,0,0,0,0,0,0,0,0,0,0,0,0,0,0,0,0,0
185,"this topic includes: ● brute-force attack,  ● frequency-based attacks,  ● attacks on the enigma machine, and ● birthday-paradox attack. ",attacks on the enigma machine,1,1,0,0,0,0,0,0,0,0,0,0,0,0,0,0,0,0,0
186,"this topic includes: ● brute-force attack,  ● frequency-based attacks,  ● attacks on the enigma machine, and ● birthday-paradox attack. ",birthday paradox attack,1,1,0,0,0,0,0,0,0,0,0,0,0,0,0,0,0,0,0
187,"this topic includes: ● timing attacks, ● power-consumption attacks, and ● differential fault analysis. ",timing attacks,1,1,0,0,0,0,0,0,0,0,0,0,0,0,0,0,0,0,0
188,"this topic includes: ● timing attacks, ● power-consumption attacks, and ● differential fault analysis. ",power consumption attacks,1,1,0,0,0,0,0,0,0,0,0,0,0,0,0,0,0,0,0
189,"this topic includes: ● timing attacks, ● power-consumption attacks, and ● differential fault analysis. ",differential fault analysis,1,1,0,0,0,0,0,0,0,0,0,0,0,0,0,0,0,0,0
190,"this topic includes: ● differential attack,  ● linear attack, and ● meet-in-the-middle attack. ",differential attack,1,1,0,0,0,0,0,0,0,0,0,0,0,0,0,0,0,0,0
191,"this topic includes: ● differential attack,  ● linear attack, and ● meet-in-the-middle attack. ",linear attack,1,1,0,0,0,0,0,0,0,0,0,0,0,0,0,0,0,0,0
192,"this topic includes: ● differential attack,  ● linear attack, and ● meet-in-the-middle attack. ",meet in the middle attack,1,1,0,0,0,0,0,0,0,0,0,0,0,0,0,0,0,0,0
193,"this topic includes factoring algorithms (pollard’s p-1  and rho methods, quadratic sieve, and number field  sieve) ",factoring algorithms,1,1,0,0,0,0,0,0,0,0,0,0,0,0,0,0,0,0,0
194,"this topic includes factoring algorithms (pollard’s p-1  and rho methods, quadratic sieve, and number field  sieve) ",  pollards p 1 method,1,1,0,0,0,0,0,0,0,0,0,0,0,0,0,0,0,0,0
195,"this topic includes factoring algorithms (pollard’s p-1  and rho methods, quadratic sieve, and number field  sieve) ",  rho methods,1,1,0,0,0,0,0,0,0,0,0,0,0,0,0,0,0,0,0
196,"this topic includes factoring algorithms (pollard’s p-1  and rho methods, quadratic sieve, and number field  sieve) ",  quadratic sieve,1,1,0,0,0,0,0,0,0,0,0,0,0,0,0,0,0,0,0
197,"this topic includes factoring algorithms (pollard’s p-1  and rho methods, quadratic sieve, and number field  sieve) ",  number field sieve,1,1,0,0,0,0,0,0,0,0,0,0,0,0,0,0,0,0,0
198,"this topic includes: ● pohlig-hellman, ● baby step/giant step, and ● pollard’s rho method ",pohlig hellman,1,1,0,0,0,0,0,0,0,0,0,0,0,0,0,0,0,0,0
199,"this topic includes: ● pohlig-hellman, ● baby step/giant step, and ● pollard’s rho method ",baby step giant step,1,1,0,0,0,0,0,0,0,0,0,0,0,0,0,0,0,0,0
200,"this topic includes: ● pohlig-hellman, ● baby step/giant step, and ● pollard’s rho method ",pollards rho method,1,1,0,0,0,0,0,0,0,0,0,0,0,0,0,0,0,0,0
201,"this topic includes: ● shared modulus, ● small public exponent, and ● partially exposed prime factors ",shared modulus,1,1,0,0,0,0,0,0,0,0,0,0,0,0,0,0,0,0,0
202,"this topic includes: ● shared modulus, ● small public exponent, and ● partially exposed prime factors ",small public exponent,1,1,0,0,0,0,0,0,0,0,0,0,0,0,0,0,0,0,0
203,"this topic includes: ● shared modulus, ● small public exponent, and ● partially exposed prime factors ",partially exposed prime factors,1,1,0,0,0,0,0,0,0,0,0,0,0,0,0,0,0,0,0
204,"this topic includes: ● definitions (brandeis, solove), ● legal (hipaa, ferpa, glba), ● data collection, ● data aggregation, ● data dissemination, ● privacy invasions, ● social engineering, and ● social media ","definitions (brandeis, solove)","1,6,8 ",1,0,0,0,0,0,0,0,0,0,0,0,1,0,0,1,0,0
205,"this topic includes: ● definitions (brandeis, solove), ● legal (hipaa, ferpa, glba), ● data collection, ● data aggregation, ● data dissemination, ● privacy invasions, ● social engineering, and ● social media ","legal (hipaa, ferpa, glba)","1,6,8 ",1,0,0,0,0,0,0,0,0,0,0,0,1,0,0,1,0,0
206,"this topic includes: ● definitions (brandeis, solove), ● legal (hipaa, ferpa, glba), ● data collection, ● data aggregation, ● data dissemination, ● privacy invasions, ● social engineering, and ● social media ",data collection,"1,6,8 ",1,0,0,0,0,0,0,0,0,0,0,0,1,0,0,1,0,0
207,"this topic includes: ● definitions (brandeis, solove), ● legal (hipaa, ferpa, glba), ● data collection, ● data aggregation, ● data dissemination, ● privacy invasions, ● social engineering, and ● social media ",data aggregation,"1,6,8 ",1,0,0,0,0,0,0,0,0,0,0,0,1,0,0,1,0,0
208,"this topic includes: ● definitions (brandeis, solove), ● legal (hipaa, ferpa, glba), ● data collection, ● data aggregation, ● data dissemination, ● privacy invasions, ● social engineering, and ● social media ",data dissemination,"1,6,8 ",1,0,0,0,0,0,0,0,0,0,0,0,1,0,0,1,0,0
209,"this topic includes: ● definitions (brandeis, solove), ● legal (hipaa, ferpa, glba), ● data collection, ● data aggregation, ● data dissemination, ● privacy invasions, ● social engineering, and ● social media ",privacy invasions,"1,6,8 ",1,0,0,0,0,0,0,0,0,0,0,0,1,0,0,1,0,0
210,"this topic includes: ● definitions (brandeis, solove), ● legal (hipaa, ferpa, glba), ● data collection, ● data aggregation, ● data dissemination, ● privacy invasions, ● social engineering, and ● social media ",social engineering,"1,6,8 ",1,0,0,0,0,0,0,0,0,0,0,0,1,0,0,1,0,0
211,"this topic includes: ● definitions (brandeis, solove), ● legal (hipaa, ferpa, glba), ● data collection, ● data aggregation, ● data dissemination, ● privacy invasions, ● social engineering, and ● social media ",social media,"1,6,8 ",1,0,0,0,0,0,0,0,0,0,0,0,1,0,0,1,0,0
212,this topic includes hardware-level versus software  encryption ,hardware level encryption,1,1,0,0,0,0,0,0,0,0,0,0,0,0,0,0,0,0,0
213,this topic includes hardware-level versus software  encryption ,software encryption,1,1,0,0,0,0,0,0,0,0,0,0,0,0,0,0,0,0,0
214,"this topic includes: ● overwriting, degaussing, ● physical destruction methods, and ● memory remanence. ",overwriting,1,1,0,0,0,0,0,0,0,0,0,0,0,0,0,0,0,0,0
215,"this topic includes: ● overwriting, degaussing, ● physical destruction methods, and ● memory remanence. ",degaussing,1,1,0,0,0,0,0,0,0,0,0,0,0,0,0,0,0,0,0
216,"this topic includes: ● overwriting, degaussing, ● physical destruction methods, and ● memory remanence. ",physical destruction methods,1,1,0,0,0,0,0,0,0,0,0,0,0,0,0,0,0,0,0
217,"this topic includes: ● overwriting, degaussing, ● physical destruction methods, and ● memory remanence. ",memory remanence,1,1,0,0,0,0,0,0,0,0,0,0,0,0,0,0,0,0,0
218,"for this topic, include the need and techniques for  data masking. the following is a non-exhaustive list  of subtopics to be covered: ● data masking for testing, ● data masking for obfuscation, and ● data masking for privacy. ",data masking for testing,1,1,0,0,0,0,0,0,0,0,0,0,0,0,0,0,0,0,0
219,"for this topic, include the need and techniques for  data masking. the following is a non-exhaustive list  of subtopics to be covered: ● data masking for testing, ● data masking for obfuscation, and ● data masking for privacy. ",data masking for obfuscation,1,1,0,0,0,0,0,0,0,0,0,0,0,0,0,0,0,0,0
220,"for this topic, include the need and techniques for  data masking. the following is a non-exhaustive list  of subtopics to be covered: ● data masking for testing, ● data masking for obfuscation, and ● data masking for privacy. ",data masking for privacy,1,1,0,0,0,0,0,0,0,0,0,0,0,0,0,0,0,0,0
221,"this topic includes: ● access/authentication, auditing, and ● app integration paradigms ",access authentication,1,1,0,0,0,0,0,0,0,0,0,0,0,0,0,0,0,0,0
222,"this topic includes: ● access/authentication, auditing, and ● app integration paradigms ",auditing,1,1,0,0,0,0,0,0,0,0,0,0,0,0,0,0,0,0,0
223,"this topic includes: ● access/authentication, auditing, and ● app integration paradigms ",app integration paradigms,1,1,0,0,0,0,0,0,0,0,0,0,0,0,0,0,0,0,0
224,"this topic introduces the legal aspects of data security,  laws and policies that govern data (e.g., hipaa). it  also provides an introduction to other law-related  topics in the organizational security knowledge area ",legal aspects of data security,1,1,0,0,0,0,0,0,0,0,0,0,0,0,0,0,0,0,0
225,"this topic introduces the legal aspects of data security,  laws and policies that govern data (e.g., hipaa). it  also provides an introduction to other law-related  topics in the organizational security knowledge area ",hipaa,1,1,0,0,0,0,0,0,0,0,0,0,0,0,0,0,0,0,0
226,"this topic introduces the legal aspects of data security,  laws and policies that govern data (e.g., hipaa). it  also provides an introduction to other law-related  topics in the organizational security knowledge area ",organizational security laws and policies,1,1,0,0,0,0,0,0,0,0,0,0,0,0,0,0,0,0,0
227,"this topic introduces the legal aspects of data security,  laws and policies that govern data (e.g., hipaa). it  also provides an introduction to other law-related  topics in the organizational security knowledge area ",introduction to data protection laws,1,1,0,0,0,0,0,0,0,0,0,0,0,0,0,0,0,0,0
228, ,ease provide the description for the topic., ,0,0,0,0,0,0,0,0,0,0,0,0,0,0,0,0,0,1
229,"this knowledge unit introduces the principles that  underlie both design and implementation. the first  five are restrictiveness principles, the next three are  simplicity principles, and the rest are methodology  principles. ",restrictiveness principles,"2,3 ",0,0,1,0,0,0,1,0,0,0,0,0,0,0,0,0,0,0
230,"this knowledge unit introduces the principles that  underlie both design and implementation. the first  five are restrictiveness principles, the next three are  simplicity principles, and the rest are methodology  principles. ",simplicity principles,"2,3 ",0,0,1,0,0,0,1,0,0,0,0,0,0,0,0,0,0,0
231,"this knowledge unit introduces the principles that  underlie both design and implementation. the first  five are restrictiveness principles, the next three are  simplicity principles, and the rest are methodology  principles. ",methodology principles,"2,3 ",0,0,1,0,0,0,1,0,0,0,0,0,0,0,0,0,0,0
232,software should be given only those privileges that it  needs to complete its task. ,software permissions,"2,3 ",0,0,1,0,0,0,1,0,0,0,0,0,0,0,0,0,0,0
233,software should be given only those privileges that it  needs to complete its task. ,task completion,"2,3 ",0,0,1,0,0,0,1,0,0,0,0,0,0,0,0,0,0,0
234,software should be given only those privileges that it  needs to complete its task. ,security measures,"2,3 ",0,0,1,0,0,0,1,0,0,0,0,0,0,0,0,0,0,0
235,"the initial state should be to deny access unless  access is explicitly required. then, unless software is  given explicit access to an object, it should be denied  access to that object and the protection state of the  system should remain unchanged. ",initial state should deny access,"2,3  ",0,0,1,0,0,0,0,1,0,0,0,0,0,0,0,0,0,0
236,"the initial state should be to deny access unless  access is explicitly required. then, unless software is  given explicit access to an object, it should be denied  access to that object and the protection state of the  system should remain unchanged. ",deny access unless explicitly required,"2,3  ",0,0,1,0,0,0,0,1,0,0,0,0,0,0,0,0,0,0
237,"the initial state should be to deny access unless  access is explicitly required. then, unless software is  given explicit access to an object, it should be denied  access to that object and the protection state of the  system should remain unchanged. ",software should be denied access to objects without explicit permission,"2,3  ",0,0,1,0,0,0,0,1,0,0,0,0,0,0,0,0,0,0
238,"the initial state should be to deny access unless  access is explicitly required. then, unless software is  given explicit access to an object, it should be denied  access to that object and the protection state of the  system should remain unchanged. ",protection state of the system should remain unchanged,"2,3  ",0,0,1,0,0,0,0,1,0,0,0,0,0,0,0,0,0,0
239,software should validate every access to objects to  ensure that the access is allowed ,software validation,"2,3  ",0,0,1,0,0,0,0,1,0,0,0,0,0,0,0,0,0,0
240,software should validate every access to objects to  ensure that the access is allowed ,object access,"2,3  ",0,0,1,0,0,0,0,1,0,0,0,0,0,0,0,0,0,0
241,software should validate every access to objects to  ensure that the access is allowed ,permission enforcement,"2,3  ",0,0,1,0,0,0,0,1,0,0,0,0,0,0,0,0,0,0
242,"software should not grant access to a resource, or  take a security-relevant action, based on a single  condition. ",multiple conditions required for access,"2,3  ",0,0,1,0,0,0,0,1,0,0,0,0,0,0,0,0,0,0
243,"software should not grant access to a resource, or  take a security-relevant action, based on a single  condition. ",preventing single point failure in security decisions,"2,3  ",0,0,1,0,0,0,0,1,0,0,0,0,0,0,0,0,0,0
244,software should check all inputs and the results of all  security-relevant actions. ,check all inputs for validity and format,"2,3  ",0,0,1,0,0,0,0,1,0,0,0,0,0,0,0,0,0,0
245,software should check all inputs and the results of all  security-relevant actions. ,verify the results of security relevant actions,"2,3  ",0,0,1,0,0,0,0,1,0,0,0,0,0,0,0,0,0,0
246,software should check all inputs and the results of all  security-relevant actions. ,implement strict input validation mechanisms,"2,3  ",0,0,1,0,0,0,0,1,0,0,0,0,0,0,0,0,0,0
247,software should check all inputs and the results of all  security-relevant actions. ,ensure comprehensive error handling and logging,"2,3  ",0,0,1,0,0,0,0,1,0,0,0,0,0,0,0,0,0,0
248,security features of software should be as simple as  possible ,simplicity in security features,"2,3  ",0,0,1,0,0,0,0,1,0,0,0,0,0,0,0,0,0,0
249,security features of software should be as simple as  possible ,economy of mechanism principle application,"2,3  ",0,0,1,0,0,0,0,1,0,0,0,0,0,0,0,0,0,0
250,the sharing of resources should be reduced as much  as possible. ,reduce resource sharing,"2,3  ",0,0,1,0,0,0,0,1,0,0,0,0,0,0,0,0,0,0
251,the sharing of resources should be reduced as much  as possible. ,minimize common mechanisms,"2,3  ",0,0,1,0,0,0,0,1,0,0,0,0,0,0,0,0,0,0
252,"security features of software, and security  mechanisms it implements, should be designed so  that their operation is as logical and simple as  possible. ",security features should be logical,"2,3  ",0,0,1,0,0,0,0,1,0,0,0,0,0,0,0,0,0,0
253,"security features of software, and security  mechanisms it implements, should be designed so  that their operation is as logical and simple as  possible. ",security features should be simple,"2,3  ",0,0,1,0,0,0,0,1,0,0,0,0,0,0,0,0,0,0
254,"security features of software, and security  mechanisms it implements, should be designed so  that their operation is as logical and simple as  possible. ",design for least astonishment in security mechanisms,"2,3  ",0,0,1,0,0,0,0,1,0,0,0,0,0,0,0,0,0,0
255,"security of software, and of what that software  provides, should not depend on the secrecy of its  design or implementation. ",security through transparency,"2,3  ",0,0,1,0,0,0,0,1,0,0,0,0,0,0,0,0,0,0
256,"security of software, and of what that software  provides, should not depend on the secrecy of its  design or implementation. ",importance of open source,"2,3  ",0,0,1,0,0,0,0,1,0,0,0,0,0,0,0,0,0,0
257,"security of software, and of what that software  provides, should not depend on the secrecy of its  design or implementation. ",benefits of open design in software security,"2,3  ",0,0,1,0,0,0,0,1,0,0,0,0,0,0,0,0,0,0
258,"organize software in layers so that modules at a  given layer interact only with modules in the layers  immediately above and below it. this allows you to  test the software one layer at a time, using either topdown or bottom-up techniques, and reduces the  access points, enforcing the principle of separation. ",organizing software in layers,"2,3  ",0,0,1,0,0,0,0,1,0,0,0,0,0,0,0,0,0,0
259,"organize software in layers so that modules at a  given layer interact only with modules in the layers  immediately above and below it. this allows you to  test the software one layer at a time, using either topdown or bottom-up techniques, and reduces the  access points, enforcing the principle of separation. ",interaction between modules within layers,"2,3  ",0,0,1,0,0,0,0,1,0,0,0,0,0,0,0,0,0,0
260,"organize software in layers so that modules at a  given layer interact only with modules in the layers  immediately above and below it. this allows you to  test the software one layer at a time, using either topdown or bottom-up techniques, and reduces the  access points, enforcing the principle of separation. ",testing software layer by layer,"2,3  ",0,0,1,0,0,0,0,1,0,0,0,0,0,0,0,0,0,0
261,"organize software in layers so that modules at a  given layer interact only with modules in the layers  immediately above and below it. this allows you to  test the software one layer at a time, using either topdown or bottom-up techniques, and reduces the  access points, enforcing the principle of separation. ",top down testing technique,"2,3  ",0,0,1,0,0,0,0,1,0,0,0,0,0,0,0,0,0,0
262,"organize software in layers so that modules at a  given layer interact only with modules in the layers  immediately above and below it. this allows you to  test the software one layer at a time, using either topdown or bottom-up techniques, and reduces the  access points, enforcing the principle of separation. ",bottom up testing technique,"2,3  ",0,0,1,0,0,0,0,1,0,0,0,0,0,0,0,0,0,0
263,"organize software in layers so that modules at a  given layer interact only with modules in the layers  immediately above and below it. this allows you to  test the software one layer at a time, using either topdown or bottom-up techniques, and reduces the  access points, enforcing the principle of separation. ",reducing access points,"2,3  ",0,0,1,0,0,0,0,1,0,0,0,0,0,0,0,0,0,0
264,"organize software in layers so that modules at a  given layer interact only with modules in the layers  immediately above and below it. this allows you to  test the software one layer at a time, using either topdown or bottom-up techniques, and reduces the  access points, enforcing the principle of separation. ",principle of separation,"2,3  ",0,0,1,0,0,0,0,1,0,0,0,0,0,0,0,0,0,0
265,"hide the internals of each layer, making only the  interfaces available; this enables you to change how  a layer carries out its tasks without affecting  components at other layers. ",hiding internals,"2,3  ",0,0,1,0,0,0,0,1,0,0,0,0,0,0,0,0,0,0
266,"hide the internals of each layer, making only the  interfaces available; this enables you to change how  a layer carries out its tasks without affecting  components at other layers. ",providing interfaces,"2,3  ",0,0,1,0,0,0,0,1,0,0,0,0,0,0,0,0,0,0
267,"hide the internals of each layer, making only the  interfaces available; this enables you to change how  a layer carries out its tasks without affecting  components at other layers. ",layer independence,"2,3  ",0,0,1,0,0,0,0,1,0,0,0,0,0,0,0,0,0,0
268,"hide the internals of each layer, making only the  interfaces available; this enables you to change how  a layer carries out its tasks without affecting  components at other layers. ",modifiability of tasks,"2,3  ",0,0,1,0,0,0,0,1,0,0,0,0,0,0,0,0,0,0
269,"design and implement the software as a collection of  co-operating components (modules); indeed, each  module interface is an abstraction ",design principles for modularity,"2,3  ",0,0,1,0,0,0,0,1,0,0,0,0,0,0,0,0,0,0
270,"design and implement the software as a collection of  co-operating components (modules); indeed, each  module interface is an abstraction ",benefits of modular design,"2,3  ",0,0,1,0,0,0,0,1,0,0,0,0,0,0,0,0,0,0
271,"design and implement the software as a collection of  co-operating components (modules); indeed, each  module interface is an abstraction ",implementing modules,"2,3  ",0,0,1,0,0,0,0,1,0,0,0,0,0,0,0,0,0,0
272,"design and implement the software as a collection of  co-operating components (modules); indeed, each  module interface is an abstraction ",module interfaces and abstractions,"2,3  ",0,0,1,0,0,0,0,1,0,0,0,0,0,0,0,0,0,0
273,"design and implement the software as a collection of  co-operating components (modules); indeed, each  module interface is an abstraction ",cooperation between modules,"2,3  ",0,0,1,0,0,0,0,1,0,0,0,0,0,0,0,0,0,0
274,tie software security design and implementation to  the security specifications for that software ,tie software security design to security specifications,"2,3  ",0,0,1,0,0,0,0,1,0,0,0,0,0,0,0,0,0,0
275,tie software security design and implementation to  the security specifications for that software ,tie software security implementation to security specifications,"2,3  ",0,0,1,0,0,0,0,1,0,0,0,0,0,0,0,0,0,0
276,"plan the design in such a way that it can be changed,  if needed. this minimizes the effects with respect to  the security of changing the design if the  specifications do not match an environment that the  software is used in. ",plan for flexibility,"2,3  ",0,0,1,0,0,0,0,1,0,0,0,0,0,0,0,0,0,0
277,"plan the design in such a way that it can be changed,  if needed. this minimizes the effects with respect to  the security of changing the design if the  specifications do not match an environment that the  software is used in. ",consider future changes,"2,3  ",0,0,1,0,0,0,0,1,0,0,0,0,0,0,0,0,0,0
278,"plan the design in such a way that it can be changed,  if needed. this minimizes the effects with respect to  the security of changing the design if the  specifications do not match an environment that the  software is used in. ",secure design modifications,"2,3  ",0,0,1,0,0,0,0,1,0,0,0,0,0,0,0,0,0,0
279,"plan the design in such a way that it can be changed,  if needed. this minimizes the effects with respect to  the security of changing the design if the  specifications do not match an environment that the  software is used in. ",match specifications to environment,"2,3  ",0,0,1,0,0,0,0,1,0,0,0,0,0,0,0,0,0,0
280,this knowledge unit describes techniques for  including security considerations throughout the  design of software. ,security considerations in design,2,0,0,1,0,0,0,0,0,0,0,0,0,0,0,0,0,0,0
281,this knowledge unit describes techniques for  including security considerations throughout the  design of software. ,techniques for integrating security,2,0,0,1,0,0,0,0,0,0,0,0,0,0,0,0,0,0,0
282,this knowledge unit describes techniques for  including security considerations throughout the  design of software. ,design phases involving security,2,0,0,1,0,0,0,0,0,0,0,0,0,0,0,0,0,0,0
283,"beginning with business, mission, or other  objectives, determine what security requirements are  necessary to succeed. these may also be derived, or  changed, as the software evolves. ",business objectives,2,0,0,1,0,0,0,0,0,0,0,0,0,0,0,0,0,0,0
284,"beginning with business, mission, or other  objectives, determine what security requirements are  necessary to succeed. these may also be derived, or  changed, as the software evolves. ",mission objectives,2,0,0,1,0,0,0,0,0,0,0,0,0,0,0,0,0,0,0
285,"beginning with business, mission, or other  objectives, determine what security requirements are  necessary to succeed. these may also be derived, or  changed, as the software evolves. ",evolving software considerations,2,0,0,1,0,0,0,0,0,0,0,0,0,0,0,0,0,0,0
286,"beginning with business, mission, or other  objectives, determine what security requirements are  necessary to succeed. these may also be derived, or  changed, as the software evolves. ",security requirement determination,2,0,0,1,0,0,0,0,0,0,0,0,0,0,0,0,0,0,0
287,"translate the security requirements into a form that  can be used (formal specification, informal  specifications, specifications for testing). ",formal specification,2,0,0,1,0,0,0,0,0,0,0,0,0,0,0,0,0,0,0
288,"translate the security requirements into a form that  can be used (formal specification, informal  specifications, specifications for testing). ",informal specifications,2,0,0,1,0,0,0,0,0,0,0,0,0,0,0,0,0,0,0
289,"translate the security requirements into a form that  can be used (formal specification, informal  specifications, specifications for testing). ",specifications for testing,2,0,0,1,0,0,0,0,0,0,0,0,0,0,0,0,0,0,0
290,"include the following examples: waterfall model,  agile development and security. ",waterfall model,2,0,0,1,0,0,0,0,0,0,0,0,0,0,0,0,0,0,0
291,"include the following examples: waterfall model,  agile development and security. ",agile development,2,0,0,1,0,0,0,0,0,0,0,0,0,0,0,0,0,0,0
292,"include the following examples: waterfall model,  agile development and security. ",security integration,2,0,0,1,0,0,0,0,0,0,0,0,0,0,0,0,0,0,0
293,"discuss the problems that programming languages  introduce, what type-safety does, and why it is  important. ",problems introduced by programming languages,2,0,0,1,0,0,0,0,0,0,0,0,0,0,0,0,0,0,0
294,"discuss the problems that programming languages  introduce, what type-safety does, and why it is  important. ",what type safety means,2,0,0,1,0,0,0,0,0,0,0,0,0,0,0,0,0,0,0
295,"discuss the problems that programming languages  introduce, what type-safety does, and why it is  important. ",benefits of type safety,2,0,0,1,0,0,0,0,0,0,0,0,0,0,0,0,0,0,0
296,"discuss the problems that programming languages  introduce, what type-safety does, and why it is  important. ",importance of type safety in programming languages,2,0,0,1,0,0,0,0,0,0,0,0,0,0,0,0,0,0,0
297,this knowledge unit describes techniques for  including security considerations throughout the  implementation of software. ,techniques for integrating security early in the development lifecycle,2,0,0,1,0,0,0,0,0,0,0,0,0,0,0,0,0,0,0
298,this knowledge unit describes techniques for  including security considerations throughout the  implementation of software. ,security testing and validation methods,2,0,0,1,0,0,0,0,0,0,0,0,0,0,0,0,0,0,0
299,this knowledge unit describes techniques for  including security considerations throughout the  implementation of software. ,secure coding practices,2,0,0,1,0,0,0,0,0,0,0,0,0,0,0,0,0,0,0
300,this knowledge unit describes techniques for  including security considerations throughout the  implementation of software. ,implementing secure software configurations,2,0,0,1,0,0,0,0,0,0,0,0,0,0,0,0,0,0,0
301,this knowledge unit describes techniques for  including security considerations throughout the  implementation of software. ,managing software dependencies and updates securely,2,0,0,1,0,0,0,0,0,0,0,0,0,0,0,0,0,0,0
302,this knowledge unit describes techniques for  including security considerations throughout the  implementation of software. ,handling sensitive data securely,2,0,0,1,0,0,0,0,0,0,0,0,0,0,0,0,0,0,0
303,this knowledge unit describes techniques for  including security considerations throughout the  implementation of software. ,secure communication protocols,2,0,0,1,0,0,0,0,0,0,0,0,0,0,0,0,0,0,0
304,this knowledge unit describes techniques for  including security considerations throughout the  implementation of software. ,access control and authentication mechanisms,2,0,0,1,0,0,0,0,0,0,0,0,0,0,0,0,0,0,0
305,this knowledge unit describes techniques for  including security considerations throughout the  implementation of software. ,monitoring and logging for security purposes,2,0,0,1,0,0,0,0,0,0,0,0,0,0,0,0,0,0,0
306,this knowledge unit describes techniques for  including security considerations throughout the  implementation of software. ,incident response planning,2,0,0,1,0,0,0,0,0,0,0,0,0,0,0,0,0,0,0
307,"for this topic: ● check bounds of buffers and values of integers  to be sure they are in range, and ● check inputs to make sure they are what is  expected and will be processed/interpreted  correctly. ",check bounds of buffers,2,0,0,1,0,0,0,0,0,0,0,0,0,0,0,0,0,0,0
308,"for this topic: ● check bounds of buffers and values of integers  to be sure they are in range, and ● check inputs to make sure they are what is  expected and will be processed/interpreted  correctly. ",verify integer values are within range,2,0,0,1,0,0,0,0,0,0,0,0,0,0,0,0,0,0,0
309,"for this topic: ● check bounds of buffers and values of integers  to be sure they are in range, and ● check inputs to make sure they are what is  expected and will be processed/interpreted  correctly. ",validate input type and format for correct processing,2,0,0,1,0,0,0,0,0,0,0,0,0,0,0,0,0,0,0
310,"for this topic: ● ensure parameters and environments are validated and controlled so that the api enforces  the security policy properly, and ● check the results of using the api for problems.  ",ensure parameters are validated,2,0,0,1,0,0,0,0,0,0,0,0,0,0,0,0,0,0,0
311,"for this topic: ● ensure parameters and environments are validated and controlled so that the api enforces  the security policy properly, and ● check the results of using the api for problems.  ",control environments properly,2,0,0,1,0,0,0,0,0,0,0,0,0,0,0,0,0,0,0
312,"for this topic: ● ensure parameters and environments are validated and controlled so that the api enforces  the security policy properly, and ● check the results of using the api for problems.  ",enforce security policies through api,2,0,0,1,0,0,0,0,0,0,0,0,0,0,0,0,0,0,0
313,"for this topic: ● ensure parameters and environments are validated and controlled so that the api enforces  the security policy properly, and ● check the results of using the api for problems.  ",check api results for issues,2,0,0,1,0,0,0,0,0,0,0,0,0,0,0,0,0,0,0
314,"for this topic: ● use cryptographic randomness, and ● properly restrict process privileges. ",cryptographic randomness,2,0,0,1,0,0,0,0,0,0,0,0,0,0,0,0,0,0,0
315,"for this topic: ● use cryptographic randomness, and ● properly restrict process privileges. ",process privilege restriction,2,0,0,1,0,0,0,0,0,0,0,0,0,0,0,0,0,0,0
316,"for this topic: ● check that the file acted upon is the one for  which the relevant attributes are checked, and ● check that processes run ",check file identity,2,0,0,1,0,0,0,0,0,0,0,0,0,0,0,0,0,0,0
317,"for this topic: ● check that the file acted upon is the one for  which the relevant attributes are checked, and ● check that processes run ",verify relevant attributes,2,0,0,1,0,0,0,0,0,0,0,0,0,0,0,0,0,0,0
318,"for this topic: ● check that the file acted upon is the one for  which the relevant attributes are checked, and ● check that processes run ",ensure process execution,2,0,0,1,0,0,0,0,0,0,0,0,0,0,0,0,0,0,0
319,"for this topic: ● block or queue signals during signal processing,  if necessary, and ● determine what information should be given to  the user, balancing usability with any need to  hide some information, and how and to whom to  report that information. ","block or queue signals during signal processing, if necessary",2,0,0,1,0,0,0,0,0,0,0,0,0,0,0,0,0,0,0
320,"for this topic: ● block or queue signals during signal processing,  if necessary, and ● determine what information should be given to  the user, balancing usability with any need to  hide some information, and how and to whom to  report that information. ",determine what information to give to the user,2,0,0,1,0,0,0,0,0,0,0,0,0,0,0,0,0,0,0
321,"for this topic: ● block or queue signals during signal processing,  if necessary, and ● determine what information should be given to  the user, balancing usability with any need to  hide some information, and how and to whom to  report that information. ",balance usability with hiding sensitive information,2,0,0,1,0,0,0,0,0,0,0,0,0,0,0,0,0,0,0
322,"for this topic: ● block or queue signals during signal processing,  if necessary, and ● determine what information should be given to  the user, balancing usability with any need to  hide some information, and how and to whom to  report that information. ",methods for reporting information,2,0,0,1,0,0,0,0,0,0,0,0,0,0,0,0,0,0,0
323,"this topic is sometimes called secure or defensive  programming. curricular content should include: ● only deallocate allocated memory, ● initialize variables before use, and ● don't rely on undefined behavior. ",only deallocate allocated memory,2,0,0,1,0,0,0,0,0,0,0,0,0,0,0,0,0,0,0
324,"this topic is sometimes called secure or defensive  programming. curricular content should include: ● only deallocate allocated memory, ● initialize variables before use, and ● don't rely on undefined behavior. ",initialize variables before use,2,0,0,1,0,0,0,0,0,0,0,0,0,0,0,0,0,0,0
325,"this topic is sometimes called secure or defensive  programming. curricular content should include: ● only deallocate allocated memory, ● initialize variables before use, and ● don't rely on undefined behavior. ",don't rely on undefined behavior,2,0,0,1,0,0,0,0,0,0,0,0,0,0,0,0,0,0,0
326,this topic includes classes and other instantiations.  example: isolating processes. ,classes,2,0,0,1,0,0,0,0,0,0,0,0,0,0,0,0,0,0,0
327,this topic includes classes and other instantiations.  example: isolating processes. ,instantiations,2,0,0,1,0,0,0,0,0,0,0,0,0,0,0,0,0,0,0
328,this topic includes classes and other instantiations.  example: isolating processes. ,isolating processes,2,0,0,1,0,0,0,0,0,0,0,0,0,0,0,0,0,0,0
329,example: don't put sensitive information in the  source code. ,sensitive information protection,2,0,0,1,0,0,0,0,0,0,0,0,0,0,0,0,0,0,0
330,example: don't put sensitive information in the  source code. ,source code management,2,0,0,1,0,0,0,0,0,0,0,0,0,0,0,0,0,0,0
331,this knowledge unit introduces testing  considerations for validating that the software meets  stated (and unstated) security requirements and  specifications. unstated requirements include those  related to robustness in general. ,testing considerations for stated security requirements,"2,3  ",0,0,1,0,0,0,0,1,0,0,0,0,0,0,0,0,0,0
332,this knowledge unit introduces testing  considerations for validating that the software meets  stated (and unstated) security requirements and  specifications. unstated requirements include those  related to robustness in general. ,testing considerations for unstated security requirements,"2,3  ",0,0,1,0,0,0,0,1,0,0,0,0,0,0,0,0,0,0
333,this knowledge unit introduces testing  considerations for validating that the software meets  stated (and unstated) security requirements and  specifications. unstated requirements include those  related to robustness in general. ,validation of software meeting security specifications,"2,3  ",0,0,1,0,0,0,0,1,0,0,0,0,0,0,0,0,0,0
334,this knowledge unit introduces testing  considerations for validating that the software meets  stated (and unstated) security requirements and  specifications. unstated requirements include those  related to robustness in general. ,robustness in security testing,"2,3  ",0,0,1,0,0,0,0,1,0,0,0,0,0,0,0,0,0,0
335,"this topic describes the different methods for each of  these, includes how static and dynamic analysis work  together, and the limits and benefits of each, as well  as how to perform these types of analyses on very  large software systems. ",methods for static analysis,"2,3  ",0,0,1,0,0,0,0,1,0,0,0,0,0,0,0,0,0,0
336,"this topic describes the different methods for each of  these, includes how static and dynamic analysis work  together, and the limits and benefits of each, as well  as how to perform these types of analyses on very  large software systems. ",methods for dynamic analysis,"2,3  ",0,0,1,0,0,0,0,1,0,0,0,0,0,0,0,0,0,0
337,"this topic describes the different methods for each of  these, includes how static and dynamic analysis work  together, and the limits and benefits of each, as well  as how to perform these types of analyses on very  large software systems. ",how static and dynamic analysis work together,"2,3  ",0,0,1,0,0,0,0,1,0,0,0,0,0,0,0,0,0,0
338,"this topic describes the different methods for each of  these, includes how static and dynamic analysis work  together, and the limits and benefits of each, as well  as how to perform these types of analyses on very  large software systems. ",limits of static analysis,"2,3  ",0,0,1,0,0,0,0,1,0,0,0,0,0,0,0,0,0,0
339,"this topic describes the different methods for each of  these, includes how static and dynamic analysis work  together, and the limits and benefits of each, as well  as how to perform these types of analyses on very  large software systems. ",benefits of static analysis,"2,3  ",0,0,1,0,0,0,0,1,0,0,0,0,0,0,0,0,0,0
340,"this topic describes the different methods for each of  these, includes how static and dynamic analysis work  together, and the limits and benefits of each, as well  as how to perform these types of analyses on very  large software systems. ",limits of dynamic analysis,"2,3  ",0,0,1,0,0,0,0,1,0,0,0,0,0,0,0,0,0,0
341,"this topic describes the different methods for each of  these, includes how static and dynamic analysis work  together, and the limits and benefits of each, as well  as how to perform these types of analyses on very  large software systems. ",benefits of dynamic analysis,"2,3  ",0,0,1,0,0,0,0,1,0,0,0,0,0,0,0,0,0,0
342,"this topic describes the different methods for each of  these, includes how static and dynamic analysis work  together, and the limits and benefits of each, as well  as how to perform these types of analyses on very  large software systems. ",performing static analysis on large software systems,"2,3  ",0,0,1,0,0,0,0,1,0,0,0,0,0,0,0,0,0,0
343,"this topic describes the different methods for each of  these, includes how static and dynamic analysis work  together, and the limits and benefits of each, as well  as how to perform these types of analyses on very  large software systems. ",performing dynamic analysis on large software systems,"2,3  ",0,0,1,0,0,0,0,1,0,0,0,0,0,0,0,0,0,0
344,"this topic describes how to test component parts of  the software, like modules ",testing individual modules,"2,3  ",0,0,1,0,0,0,0,1,0,0,0,0,0,0,0,0,0,0
345,"this topic describes how to test component parts of  the software, like modules ",components part testing,"2,3  ",0,0,1,0,0,0,0,1,0,0,0,0,0,0,0,0,0,0
346,"this topic describes how to test component parts of  the software, like modules ",unit testing process,"2,3  ",0,0,1,0,0,0,0,1,0,0,0,0,0,0,0,0,0,0
347,this topic describes how to test the software  components as they are integrated ,testing integrated components,"2,3  ",0,0,1,0,0,0,0,1,0,0,0,0,0,0,0,0,0,0
348,this topic describes how to test the software  components as they are integrated ,identifying interfaces and dependencies,"2,3  ",0,0,1,0,0,0,0,1,0,0,0,0,0,0,0,0,0,0
349,this topic describes how to test the software  components as they are integrated ,executing tests on combined modules,"2,3  ",0,0,1,0,0,0,0,1,0,0,0,0,0,0,0,0,0,0
350,this topic describes how to test the software  components as they are integrated ,handling integration issues,"2,3  ",0,0,1,0,0,0,0,1,0,0,0,0,0,0,0,0,0,0
351,"this topic describes how to test the software as a  whole, and place unit and integration testing in a  proper framework. ",testing software as a whole,"2,3  ",0,0,1,0,0,0,0,1,0,0,0,0,0,0,0,0,0,0
352,"this topic describes how to test the software as a  whole, and place unit and integration testing in a  proper framework. ",unit testing,"2,3  ",0,0,1,0,0,0,0,1,0,0,0,0,0,0,0,0,0,0
353,"this topic describes how to test the software as a  whole, and place unit and integration testing in a  proper framework. ",integration testing,"2,3  ",0,0,1,0,0,0,0,1,0,0,0,0,0,0,0,0,0,0
354,"this topic describes how to test the software as a  whole, and place unit and integration testing in a  proper framework. ",framework for testing,"2,3  ",0,0,1,0,0,0,0,1,0,0,0,0,0,0,0,0,0,0
355,"this knowledge unit discusses security considerations in the use of software, and in its  deployment, maintenance, and removal.  ",security considerations in software use,2,0,0,1,0,0,0,0,0,0,0,0,0,0,0,0,0,0,0
356,"this knowledge unit discusses security considerations in the use of software, and in its  deployment, maintenance, and removal.  ",security considerations in software deployment,2,0,0,1,0,0,0,0,0,0,0,0,0,0,0,0,0,0,0
357,"this knowledge unit discusses security considerations in the use of software, and in its  deployment, maintenance, and removal.  ",security considerations in software maintenance,2,0,0,1,0,0,0,0,0,0,0,0,0,0,0,0,0,0,0
358,"this knowledge unit discusses security considerations in the use of software, and in its  deployment, maintenance, and removal.  ",security considerations in software removal,2,0,0,1,0,0,0,0,0,0,0,0,0,0,0,0,0,0,0
359,this topic covers how to set up the software system  to make it function correctly ,setting up software environment,2,0,0,1,0,0,0,0,0,0,0,0,0,0,0,0,0,0,0
360,this topic covers how to set up the software system  to make it function correctly ,configuring software settings,2,0,0,1,0,0,0,0,0,0,0,0,0,0,0,0,0,0,0
361,this topic covers how to set up the software system  to make it function correctly ,adjusting system parameters,2,0,0,1,0,0,0,0,0,0,0,0,0,0,0,0,0,0,0
362,this topic covers how to set up the software system  to make it function correctly ,enabling necessary features,2,0,0,1,0,0,0,0,0,0,0,0,0,0,0,0,0,0,0
363,this topic covers how to set up the software system  to make it function correctly ,customizing user interfaces,2,0,0,1,0,0,0,0,0,0,0,0,0,0,0,0,0,0,0
364,"this topic includes managing vulnerability reports,  fixing the vulnerabilities, testing the patch and patch  distribution. ",managing vulnerability reports,2,0,0,1,0,0,0,0,0,0,0,0,0,0,0,0,0,0,0
365,"this topic includes managing vulnerability reports,  fixing the vulnerabilities, testing the patch and patch  distribution. ",fixing the vulnerabilities,2,0,0,1,0,0,0,0,0,0,0,0,0,0,0,0,0,0,0
366,"this topic includes managing vulnerability reports,  fixing the vulnerabilities, testing the patch and patch  distribution. ",testing the patch,2,0,0,1,0,0,0,0,0,0,0,0,0,0,0,0,0,0,0
367,"this topic includes managing vulnerability reports,  fixing the vulnerabilities, testing the patch and patch  distribution. ",patch distribution,2,0,0,1,0,0,0,0,0,0,0,0,0,0,0,0,0,0,0
368,"this topic covers ensuring the environment matches  the assumptions made in the software, and if not,  how to handle the conflict ",ensuring environmental match,2,0,0,1,0,0,0,0,0,0,0,0,0,0,0,0,0,0,0
369,"this topic covers ensuring the environment matches  the assumptions made in the software, and if not,  how to handle the conflict ",handling conflicts between environment and software assumptions,2,0,0,1,0,0,0,0,0,0,0,0,0,0,0,0,0,0,0
370,"this topic combines development and operation, and  the automation and monitoring of both. ",development,2,0,0,1,0,0,0,0,0,0,0,0,0,0,0,0,0,0,0
371,"this topic combines development and operation, and  the automation and monitoring of both. ",operations,2,0,0,1,0,0,0,0,0,0,0,0,0,0,0,0,0,0,0
372,"this topic combines development and operation, and  the automation and monitoring of both. ",automation,2,0,0,1,0,0,0,0,0,0,0,0,0,0,0,0,0,0,0
373,"this topic combines development and operation, and  the automation and monitoring of both. ",monitoring,2,0,0,1,0,0,0,0,0,0,0,0,0,0,0,0,0,0,0
374,"this topic describes what happens when the software  is removed, and how to remove it without causing  security problems. ",removing software,2,0,0,1,0,0,0,0,0,0,0,0,0,0,0,0,0,0,0
375,"this topic describes what happens when the software  is removed, and how to remove it without causing  security problems. ",ensuring security during removal,2,0,0,1,0,0,0,0,0,0,0,0,0,0,0,0,0,0,0
376,"this topic describes what happens when the software  is removed, and how to remove it without causing  security problems. ",preventing security problems,2,0,0,1,0,0,0,0,0,0,0,0,0,0,0,0,0,0,0
377,"this knowledge unit describes how to introduce and  include information about security considerations in  configuration, use, and other aspects of using the  software and maintaining it (including modifying it  when needed). ",introduction to security considerations,2,0,0,1,0,0,0,0,0,0,0,0,0,0,0,0,0,0,0
378,"this knowledge unit describes how to introduce and  include information about security considerations in  configuration, use, and other aspects of using the  software and maintaining it (including modifying it  when needed). ",security in configuration,2,0,0,1,0,0,0,0,0,0,0,0,0,0,0,0,0,0,0
379,"this knowledge unit describes how to introduce and  include information about security considerations in  configuration, use, and other aspects of using the  software and maintaining it (including modifying it  when needed). ",security in use,2,0,0,1,0,0,0,0,0,0,0,0,0,0,0,0,0,0,0
380,"this knowledge unit describes how to introduce and  include information about security considerations in  configuration, use, and other aspects of using the  software and maintaining it (including modifying it  when needed). ",security maintenance,2,0,0,1,0,0,0,0,0,0,0,0,0,0,0,0,0,0,0
381,"this knowledge unit describes how to introduce and  include information about security considerations in  configuration, use, and other aspects of using the  software and maintaining it (including modifying it  when needed). ",modifying software securely,2,0,0,1,0,0,0,0,0,0,0,0,0,0,0,0,0,0,0
382,this topic includes installation and configuration  documentation. ,installation guide,2,0,0,1,0,0,0,0,0,0,0,0,0,0,0,0,0,0,0
383,this topic includes installation and configuration  documentation. ,configuration settings,2,0,0,1,0,0,0,0,0,0,0,0,0,0,0,0,0,0,0
384,this topic includes installation and configuration  documentation. ,prerequisites checklist,2,0,0,1,0,0,0,0,0,0,0,0,0,0,0,0,0,0,0
385,this topic includes tutorials and cheat sheets (brief  guides); these should emphasize any potential  security problems the users can cause. ,tutorials,2,0,0,1,0,0,0,0,0,0,0,0,0,0,0,0,0,0,0
386,this topic includes tutorials and cheat sheets (brief  guides); these should emphasize any potential  security problems the users can cause. ,cheat sheets,2,0,0,1,0,0,0,0,0,0,0,0,0,0,0,0,0,0,0
387,this topic includes tutorials and cheat sheets (brief  guides); these should emphasize any potential  security problems the users can cause. ,security problems,2,0,0,1,0,0,0,0,0,0,0,0,0,0,0,0,0,0,0
388,"this topic focuses on how correctness was  established, and what correctness means here. ",correctness establishment methods,2,0,0,1,0,0,0,0,0,0,0,0,0,0,0,0,0,0,0
389,"this topic focuses on how correctness was  established, and what correctness means here. ",definition of correctness in assurance documentation,2,0,0,1,0,0,0,0,0,0,0,0,0,0,0,0,0,0,0
390,"this topic focuses on potential security problems,  how to avoid them, and if they occur, what the  effects might be and how to deal with them. ",potential security problems,2,0,0,1,0,0,0,0,0,0,0,0,0,0,0,0,0,0,0
391,"this topic focuses on potential security problems,  how to avoid them, and if they occur, what the  effects might be and how to deal with them. ",methods to avoid security issues,2,0,0,1,0,0,0,0,0,0,0,0,0,0,0,0,0,0,0
392,"this topic focuses on potential security problems,  how to avoid them, and if they occur, what the  effects might be and how to deal with them. ",consequences of security breaches,2,0,0,1,0,0,0,0,0,0,0,0,0,0,0,0,0,0,0
393,"this topic focuses on potential security problems,  how to avoid them, and if they occur, what the  effects might be and how to deal with them. ",response strategies for security incidents,2,0,0,1,0,0,0,0,0,0,0,0,0,0,0,0,0,0,0
394,"this knowledge unit introduces ethical  considerations in all of the above areas, so students  will be able to reason about the consequences of  security-related choices and effects. ",ethical considerations in security,"2,7,8 ",0,0,1,0,0,0,0,0,0,0,0,0,0,0,1,1,0,0
395,"this knowledge unit introduces ethical  considerations in all of the above areas, so students  will be able to reason about the consequences of  security-related choices and effects. ",consequences of security related choices,"2,7,8 ",0,0,1,0,0,0,0,0,0,0,0,0,0,0,1,1,0,0
396,"this knowledge unit introduces ethical  considerations in all of the above areas, so students  will be able to reason about the consequences of  security-related choices and effects. ",effects of security measures,"2,7,8 ",0,0,1,0,0,0,0,0,0,0,0,0,0,0,1,1,0,0
397,"this topic covers code reuse (licensing), professional  responsibility, codes of ethics such as the  acm/ieee-cs software engineering code of ethics  and professional practice. ",code reuse (licensing),"2,7,8  ",0,0,1,0,0,0,0,0,0,0,0,0,0,0,1,0,1,0
398,"this topic covers code reuse (licensing), professional  responsibility, codes of ethics such as the  acm/ieee-cs software engineering code of ethics  and professional practice. ",professional responsibility,"2,7,8  ",0,0,1,0,0,0,0,0,0,0,0,0,0,0,1,0,1,0
399,"this topic covers code reuse (licensing), professional  responsibility, codes of ethics such as the  acm/ieee-cs software engineering code of ethics  and professional practice. ",codes of ethics,"2,7,8  ",0,0,1,0,0,0,0,0,0,0,0,0,0,0,1,0,1,0
400,"this topic covers code reuse (licensing), professional  responsibility, codes of ethics such as the  acm/ieee-cs software engineering code of ethics  and professional practice. ",acm ieee cs software engineering code of ethics and professional practice,"2,7,8  ",0,0,1,0,0,0,0,0,0,0,0,0,0,0,1,0,1,0
401,"this topic covers considerations of the effects of  software under development, both when the software  works properly and the consequences of poor or non- secure programming practices.  ",effects of proper software functioning on society,"2,7,8  ",0,0,1,0,0,0,0,0,0,0,0,0,0,0,1,0,1,0
402,"this topic covers considerations of the effects of  software under development, both when the software  works properly and the consequences of poor or non- secure programming practices.  ",consequences of poor programming practices,"2,7,8  ",0,0,1,0,0,0,0,0,0,0,0,0,0,0,1,0,1,0
403,"this topic covers considerations of the effects of  software under development, both when the software  works properly and the consequences of poor or non- secure programming practices.  ",security implications in software development,"2,7,8  ",0,0,1,0,0,0,0,0,0,0,0,0,0,0,1,0,1,0
404,"this topic covers considerations of the effects of  software under development, both when the software  works properly and the consequences of poor or non- secure programming practices.  ",social impact of software reliability,"2,7,8  ",0,0,1,0,0,0,0,0,0,0,0,0,0,0,1,0,1,0
405,"this topic discusses the liability aspects of software,  regulations; also compliance and issues related to it. ",liability aspects of software,"2,7,8  ",0,0,1,0,0,0,0,0,0,0,0,0,0,0,1,0,1,0
406,"this topic discusses the liability aspects of software,  regulations; also compliance and issues related to it. ",regulations,"2,7,8  ",0,0,1,0,0,0,0,0,0,0,0,0,0,0,1,0,1,0
407,"this topic discusses the liability aspects of software,  regulations; also compliance and issues related to it. ",compliance,"2,7,8  ",0,0,1,0,0,0,0,0,0,0,0,0,0,0,1,0,1,0
408,"this topic discusses the liability aspects of software,  regulations; also compliance and issues related to it. ",issues related to compliance,"2,7,8  ",0,0,1,0,0,0,0,0,0,0,0,0,0,0,1,0,1,0
409,"this topic covers how to disclose, to whom to  disclose, and when to disclose (“responsible  disclosure”). ",how to disclose vulnerabilities,"2,7,8  ",0,0,1,0,0,0,0,0,0,0,0,0,0,0,1,0,1,0
410,"this topic covers how to disclose, to whom to  disclose, and when to disclose (“responsible  disclosure”). ",to whom to disclose vulnerabilities,"2,7,8  ",0,0,1,0,0,0,0,0,0,0,0,0,0,0,1,0,1,0
411,"this topic covers how to disclose, to whom to  disclose, and when to disclose (“responsible  disclosure”). ",when to disclose vulnerabilities (responsible disclosure),"2,7,8  ",0,0,1,0,0,0,0,0,0,0,0,0,0,0,1,0,1,0
412,"this topic describes the ethical implications of  testing, especially including corner cases. ",what are ethical implications of testing,"2,7,8 ",0,0,1,0,0,0,0,0,0,0,0,0,0,0,1,1,0,0
413,"this topic describes the ethical implications of  testing, especially including corner cases. ",when should testing consider corner cases,"2,7,8 ",0,0,1,0,0,0,0,0,0,0,0,0,0,0,1,1,0,0
414,"this topic describes the ethical implications of  testing, especially including corner cases. ",why is it important to address corner cases in testing,"2,7,8 ",0,0,1,0,0,0,0,0,0,0,0,0,0,0,1,1,0,0
415, ,ease provide the description for the topic., ,0,0,0,0,0,0,0,0,0,0,0,0,0,0,0,0,0,1
416,this knowledge unit introduces design principles and  techniques which increase the security of  components ,design principles for security,"3,2 ",0,0,0,1,0,1,0,0,0,0,0,0,0,0,0,0,0,0
417,this knowledge unit introduces design principles and  techniques which increase the security of  components ,techniques to increase security,"3,2 ",0,0,0,1,0,1,0,0,0,0,0,0,0,0,0,0,0,0
418,this knowledge unit introduces design principles and  techniques which increase the security of  components ,components security enhancements,"3,2 ",0,0,0,1,0,1,0,0,0,0,0,0,0,0,0,0,0,0
419,"this topic covers threats to the security of  component design artifacts (e.g., schematics, netlists,  and masks) such as hardware trojans, intellectual  property piracy, reverse engineering, tampering, side-channel analysis and counterfeiting. it also  introduces techniques for protecting components  from unauthorized access and use. ",hardware trojans,"3,2  ",0,0,0,0,1,1,0,0,0,0,0,0,0,0,0,0,0,0
420,"this topic covers threats to the security of  component design artifacts (e.g., schematics, netlists,  and masks) such as hardware trojans, intellectual  property piracy, reverse engineering, tampering, side-channel analysis and counterfeiting. it also  introduces techniques for protecting components  from unauthorized access and use. ",intellectual property piracy,"3,2  ",0,0,0,0,1,1,0,0,0,0,0,0,0,0,0,0,0,0
421,"this topic covers threats to the security of  component design artifacts (e.g., schematics, netlists,  and masks) such as hardware trojans, intellectual  property piracy, reverse engineering, tampering, side-channel analysis and counterfeiting. it also  introduces techniques for protecting components  from unauthorized access and use. ",reverse engineering,"3,2  ",0,0,0,0,1,1,0,0,0,0,0,0,0,0,0,0,0,0
422,"this topic covers threats to the security of  component design artifacts (e.g., schematics, netlists,  and masks) such as hardware trojans, intellectual  property piracy, reverse engineering, tampering, side-channel analysis and counterfeiting. it also  introduces techniques for protecting components  from unauthorized access and use. ",tampering,"3,2  ",0,0,0,0,1,1,0,0,0,0,0,0,0,0,0,0,0,0
423,"this topic covers threats to the security of  component design artifacts (e.g., schematics, netlists,  and masks) such as hardware trojans, intellectual  property piracy, reverse engineering, tampering, side-channel analysis and counterfeiting. it also  introduces techniques for protecting components  from unauthorized access and use. ",side channel analysis,"3,2  ",0,0,0,0,1,1,0,0,0,0,0,0,0,0,0,0,0,0
424,"this topic covers threats to the security of  component design artifacts (e.g., schematics, netlists,  and masks) such as hardware trojans, intellectual  property piracy, reverse engineering, tampering, side-channel analysis and counterfeiting. it also  introduces techniques for protecting components  from unauthorized access and use. ",counterfeiting,"3,2  ",0,0,0,0,1,1,0,0,0,0,0,0,0,0,0,0,0,0
425,"this topic covers threats to the security of  component design artifacts (e.g., schematics, netlists,  and masks) such as hardware trojans, intellectual  property piracy, reverse engineering, tampering, side-channel analysis and counterfeiting. it also  introduces techniques for protecting components  from unauthorized access and use. ",techniques for protecting components from unauthorized access and use,"3,2  ",0,0,0,0,1,1,0,0,0,0,0,0,0,0,0,0,0,0
426,"this topic covers principles such as establishing a  sound security policy, treating security as an integral  part of system design, trusted computing platforms,  chain of trust, reducing risk, layered security,  simplicity of design, minimizing system elements to  be trusted, and avoiding unnecessary security  mechanisms. ",establishing a sound security policy,"3,2  ",0,0,0,0,1,1,0,0,0,0,0,0,0,0,0,0,0,0
427,"this topic covers principles such as establishing a  sound security policy, treating security as an integral  part of system design, trusted computing platforms,  chain of trust, reducing risk, layered security,  simplicity of design, minimizing system elements to  be trusted, and avoiding unnecessary security  mechanisms. ",treating security as an integral part of system design,"3,2  ",0,0,0,0,1,1,0,0,0,0,0,0,0,0,0,0,0,0
428,"this topic covers principles such as establishing a  sound security policy, treating security as an integral  part of system design, trusted computing platforms,  chain of trust, reducing risk, layered security,  simplicity of design, minimizing system elements to  be trusted, and avoiding unnecessary security  mechanisms. ",trusted computing platforms,"3,2  ",0,0,0,0,1,1,0,0,0,0,0,0,0,0,0,0,0,0
429,"this topic covers principles such as establishing a  sound security policy, treating security as an integral  part of system design, trusted computing platforms,  chain of trust, reducing risk, layered security,  simplicity of design, minimizing system elements to  be trusted, and avoiding unnecessary security  mechanisms. ",chain of trust,"3,2  ",0,0,0,0,1,1,0,0,0,0,0,0,0,0,0,0,0,0
430,"this topic covers principles such as establishing a  sound security policy, treating security as an integral  part of system design, trusted computing platforms,  chain of trust, reducing risk, layered security,  simplicity of design, minimizing system elements to  be trusted, and avoiding unnecessary security  mechanisms. ",reducing risk,"3,2  ",0,0,0,0,1,1,0,0,0,0,0,0,0,0,0,0,0,0
431,"this topic covers principles such as establishing a  sound security policy, treating security as an integral  part of system design, trusted computing platforms,  chain of trust, reducing risk, layered security,  simplicity of design, minimizing system elements to  be trusted, and avoiding unnecessary security  mechanisms. ",layered security,"3,2  ",0,0,0,0,1,1,0,0,0,0,0,0,0,0,0,0,0,0
432,"this topic covers principles such as establishing a  sound security policy, treating security as an integral  part of system design, trusted computing platforms,  chain of trust, reducing risk, layered security,  simplicity of design, minimizing system elements to  be trusted, and avoiding unnecessary security  mechanisms. ",simplicity of design,"3,2  ",0,0,0,0,1,1,0,0,0,0,0,0,0,0,0,0,0,0
433,"this topic covers principles such as establishing a  sound security policy, treating security as an integral  part of system design, trusted computing platforms,  chain of trust, reducing risk, layered security,  simplicity of design, minimizing system elements to  be trusted, and avoiding unnecessary security  mechanisms. ",minimizing system elements to be trusted,"3,2  ",0,0,0,0,1,1,0,0,0,0,0,0,0,0,0,0,0,0
434,"this topic covers principles such as establishing a  sound security policy, treating security as an integral  part of system design, trusted computing platforms,  chain of trust, reducing risk, layered security,  simplicity of design, minimizing system elements to  be trusted, and avoiding unnecessary security  mechanisms. ",avoiding unnecessary security mechanisms,"3,2  ",0,0,0,0,1,1,0,0,0,0,0,0,0,0,0,0,0,0
435,"this topic covers techniques such as watermarking,  fingerprinting, metering, encrypted ids, and physical  unclonable functions for protecting components  against intellectual property theft and ensuring  component authenticity. ",watermarking,"3,2  ",0,0,0,0,1,1,0,0,0,0,0,0,0,0,0,0,0,0
436,"this topic covers techniques such as watermarking,  fingerprinting, metering, encrypted ids, and physical  unclonable functions for protecting components  against intellectual property theft and ensuring  component authenticity. ",fingerprinting,"3,2  ",0,0,0,0,1,1,0,0,0,0,0,0,0,0,0,0,0,0
437,"this topic covers techniques such as watermarking,  fingerprinting, metering, encrypted ids, and physical  unclonable functions for protecting components  against intellectual property theft and ensuring  component authenticity. ",metering,"3,2  ",0,0,0,0,1,1,0,0,0,0,0,0,0,0,0,0,0,0
438,"this topic covers techniques such as watermarking,  fingerprinting, metering, encrypted ids, and physical  unclonable functions for protecting components  against intellectual property theft and ensuring  component authenticity. ",encrypted ids,"3,2  ",0,0,0,0,1,1,0,0,0,0,0,0,0,0,0,0,0,0
439,"this topic covers techniques such as watermarking,  fingerprinting, metering, encrypted ids, and physical  unclonable functions for protecting components  against intellectual property theft and ensuring  component authenticity. ",physical unclonable functions,"3,2  ",0,0,0,0,1,1,0,0,0,0,0,0,0,0,0,0,0,0
440,this topic covers techniques such as design  obfuscation and camouflaging for making component  designs and implementations difficult to reverse  engineer ,design obfuscation,"3,2  ",0,0,0,0,1,1,0,0,0,0,0,0,0,0,0,0,0,0
441,this topic covers techniques such as design  obfuscation and camouflaging for making component  designs and implementations difficult to reverse  engineer ,camouflaging,"3,2  ",0,0,0,0,1,1,0,0,0,0,0,0,0,0,0,0,0,0
442,"this topic covers techniques for defending against  side-channel attacks primarily targeted at  cryptographic algorithms. defensive techniques  include leakage reduction, noise injection, frequent  key updates, physical random functions, and secure  scan chains. ",leakage reduction,"3,2  ",0,0,0,0,1,1,0,0,0,0,0,0,0,0,0,0,0,0
443,"this topic covers techniques for defending against  side-channel attacks primarily targeted at  cryptographic algorithms. defensive techniques  include leakage reduction, noise injection, frequent  key updates, physical random functions, and secure  scan chains. ",noise injection,"3,2  ",0,0,0,0,1,1,0,0,0,0,0,0,0,0,0,0,0,0
444,"this topic covers techniques for defending against  side-channel attacks primarily targeted at  cryptographic algorithms. defensive techniques  include leakage reduction, noise injection, frequent  key updates, physical random functions, and secure  scan chains. ",frequent key updates,"3,2  ",0,0,0,0,1,1,0,0,0,0,0,0,0,0,0,0,0,0
445,"this topic covers techniques for defending against  side-channel attacks primarily targeted at  cryptographic algorithms. defensive techniques  include leakage reduction, noise injection, frequent  key updates, physical random functions, and secure  scan chains. ",physical random functions,"3,2  ",0,0,0,0,1,1,0,0,0,0,0,0,0,0,0,0,0,0
446,"this topic covers techniques for defending against  side-channel attacks primarily targeted at  cryptographic algorithms. defensive techniques  include leakage reduction, noise injection, frequent  key updates, physical random functions, and secure  scan chains. ",secure scan chains,"3,2  ",0,0,0,0,1,1,0,0,0,0,0,0,0,0,0,0,0,0
447,"this topic covers techniques for making components  resistant to physical and electronic attacks including  physical protection techniques, tamper evident  systems and tamper responding systems. ",physical protection techniques,"3,2  ",0,0,0,0,1,1,0,0,0,0,0,0,0,0,0,0,0,0
448,"this topic covers techniques for making components  resistant to physical and electronic attacks including  physical protection techniques, tamper evident  systems and tamper responding systems. ",tamper evident systems,"3,2  ",0,0,0,0,1,1,0,0,0,0,0,0,0,0,0,0,0,0
449,"this topic covers techniques for making components  resistant to physical and electronic attacks including  physical protection techniques, tamper evident  systems and tamper responding systems. ",tamper responding systems,"3,2  ",0,0,0,0,1,1,0,0,0,0,0,0,0,0,0,0,0,0
450,this knowledge unit describes techniques for  ensuring that the security of system components is  maintained throughout the procurement process. ,techniques for maintaining security throughout procurement,3,0,0,0,0,0,1,0,0,0,0,0,0,0,0,0,0,0,0
451,this knowledge unit describes techniques for  ensuring that the security of system components is  maintained throughout the procurement process. ,security considerations during system component acquisition,3,0,0,0,0,0,1,0,0,0,0,0,0,0,0,0,0,0,0
452,this topic describes security threats and risks to both  hardware and software in component procurement. ,security threats to hardware in component procurement,3,0,0,0,0,0,1,0,0,0,0,0,0,0,0,0,0,0,0
453,this topic describes security threats and risks to both  hardware and software in component procurement. ,security risks to software in component procurement,3,0,0,0,0,0,1,0,0,0,0,0,0,0,0,0,0,0,0
454,"this topic describes strategies such as physical  security, split manufacturing, traceability, cargo  screening and validation, and inspections to detect  and prevent compromises of component security  during the procurement process ",physical security,3,0,0,0,0,0,1,0,0,0,0,0,0,0,0,0,0,0,0
455,"this topic describes strategies such as physical  security, split manufacturing, traceability, cargo  screening and validation, and inspections to detect  and prevent compromises of component security  during the procurement process ",split manufacturing,3,0,0,0,0,0,1,0,0,0,0,0,0,0,0,0,0,0,0
456,"this topic describes strategies such as physical  security, split manufacturing, traceability, cargo  screening and validation, and inspections to detect  and prevent compromises of component security  during the procurement process ",traceability,3,0,0,0,0,0,1,0,0,0,0,0,0,0,0,0,0,0,0
457,"this topic describes strategies such as physical  security, split manufacturing, traceability, cargo  screening and validation, and inspections to detect  and prevent compromises of component security  during the procurement process ",cargo screening and validation,3,0,0,0,0,0,1,0,0,0,0,0,0,0,0,0,0,0,0
458,"this topic describes strategies such as physical  security, split manufacturing, traceability, cargo  screening and validation, and inspections to detect  and prevent compromises of component security  during the procurement process ",inspections,3,0,0,0,0,0,1,0,0,0,0,0,0,0,0,0,0,0,0
459,this topic includes strategies such as supplier  credentialing to establish trusted suppliers and  transporters of components. ,supplier credentialing,3,0,0,0,0,0,1,0,0,0,0,0,0,0,0,0,0,0,0
460,this topic includes strategies such as supplier  credentialing to establish trusted suppliers and  transporters of components. ,trusted suppliers,3,0,0,0,0,0,1,0,0,0,0,0,0,0,0,0,0,0,0
461,this topic includes strategies such as supplier  credentialing to establish trusted suppliers and  transporters of components. ,transporters of components,3,0,0,0,0,0,1,0,0,0,0,0,0,0,0,0,0,0,0
462,this knowledge unit introduces unit testing  techniques and describes tools and techniques used to  test the security properties of a component. ,unit testing techniques,"3,2 ",0,0,0,1,0,1,0,0,0,0,0,0,0,0,0,0,0,0
463,this knowledge unit introduces unit testing  techniques and describes tools and techniques used to  test the security properties of a component. ,tools for security testing,"3,2 ",0,0,0,1,0,1,0,0,0,0,0,0,0,0,0,0,0,0
464,this knowledge unit introduces unit testing  techniques and describes tools and techniques used to  test the security properties of a component. ,techniques for testing security properties,"3,2 ",0,0,0,1,0,1,0,0,0,0,0,0,0,0,0,0,0,0
465,this topic describes unit testing tools and techniques  as distinguished from system-level testing ,unit testing tools,"3,2 ",0,0,0,1,0,1,0,0,0,0,0,0,0,0,0,0,0,0
466,this topic describes unit testing tools and techniques  as distinguished from system-level testing ,techniques for unit testing,"3,2 ",0,0,0,1,0,1,0,0,0,0,0,0,0,0,0,0,0,0
467,this topic describes unit testing tools and techniques  as distinguished from system-level testing ,comparison with system level testing,"3,2 ",0,0,0,1,0,1,0,0,0,0,0,0,0,0,0,0,0,0
468,this topic describes tools and techniques such as  fuzz testing for testing the security properties of a  component beyond its functional correctness. ,fuzz testing,"3,2 ",0,0,0,1,0,1,0,0,0,0,0,0,0,0,0,0,0,0
469,this topic describes tools and techniques such as  fuzz testing for testing the security properties of a  component beyond its functional correctness. ,security properties testing,"3,2 ",0,0,0,1,0,1,0,0,0,0,0,0,0,0,0,0,0,0
470,this topic describes tools and techniques such as  fuzz testing for testing the security properties of a  component beyond its functional correctness. ,component security testing,"3,2 ",0,0,0,1,0,1,0,0,0,0,0,0,0,0,0,0,0,0
471,this knowledge unit describes techniques for  discovering the design and functionality of a  component with incomplete information. ,techniques for discovering component design,3,0,0,0,0,0,1,0,0,0,0,0,0,0,0,0,0,0,0
472,this knowledge unit describes techniques for  discovering the design and functionality of a  component with incomplete information. ,techniques for discovering component functionality,3,0,0,0,0,0,1,0,0,0,0,0,0,0,0,0,0,0,0
473,this knowledge unit describes techniques for  discovering the design and functionality of a  component with incomplete information. ,working with incomplete information,3,0,0,0,0,0,1,0,0,0,0,0,0,0,0,0,0,0,0
474,this topic describes tools and techniques for  discovering the design of a component at some level  of abstraction. ,tools for reverse engineering,3,0,0,0,0,0,1,0,0,0,0,0,0,0,0,0,0,0,0
475,this topic describes tools and techniques for  discovering the design of a component at some level  of abstraction. ,techniques for discovering design,3,0,0,0,0,0,1,0,0,0,0,0,0,0,0,0,0,0,0
476,this topic describes tools and techniques for  discovering the design of a component at some level  of abstraction. ,level of abstraction in design reverse engineering,3,0,0,0,0,0,1,0,0,0,0,0,0,0,0,0,0,0,0
477,"this topic describes tools and techniques for  discovering the functionality and other properties of  a component’s hardware, such as the functions of an  integrated circuit. ",tools for disassembly,3,0,0,0,0,0,1,0,0,0,0,0,0,0,0,0,0,0,0
478,"this topic describes tools and techniques for  discovering the functionality and other properties of  a component’s hardware, such as the functions of an  integrated circuit. ",techniques for analyzing integrated circuits,3,0,0,0,0,0,1,0,0,0,0,0,0,0,0,0,0,0,0
479,"this topic describes tools and techniques for  discovering the functionality and other properties of  a component’s hardware, such as the functions of an  integrated circuit. ",discovering functionality,3,0,0,0,0,0,1,0,0,0,0,0,0,0,0,0,0,0,0
480,"this topic describes tools and techniques for  discovering the functionality and other properties of  a component’s hardware, such as the functions of an  integrated circuit. ",revealing properties of components,3,0,0,0,0,0,1,0,0,0,0,0,0,0,0,0,0,0,0
481,this topic describes tools and techniques such as  static and dynamic analysis for discovering the  functionality and properties of a component’s  software. ,tools for static analysis,3,0,0,0,0,0,1,0,0,0,0,0,0,0,0,0,0,0,0
482,this topic describes tools and techniques such as  static and dynamic analysis for discovering the  functionality and properties of a component’s  software. ,techniques for static analysis,3,0,0,0,0,0,1,0,0,0,0,0,0,0,0,0,0,0,0
483,this topic describes tools and techniques such as  static and dynamic analysis for discovering the  functionality and properties of a component’s  software. ,tools for dynamic analysis,3,0,0,0,0,0,1,0,0,0,0,0,0,0,0,0,0,0,0
484,this topic describes tools and techniques such as  static and dynamic analysis for discovering the  functionality and properties of a component’s  software. ,techniques for dynamic analysis,3,0,0,0,0,0,1,0,0,0,0,0,0,0,0,0,0,0,0
485,this topic describes tools and techniques such as  static and dynamic analysis for discovering the  functionality and properties of a component’s  software. ,discovering functionality,3,0,0,0,0,0,1,0,0,0,0,0,0,0,0,0,0,0,0
486,this topic describes tools and techniques such as  static and dynamic analysis for discovering the  functionality and properties of a component’s  software. ,discovering properties,3,0,0,0,0,0,1,0,0,0,0,0,0,0,0,0,0,0,0
487, ,ease provide the description for the topic., ,0,0,0,0,0,0,0,0,0,0,0,0,0,0,0,0,0,1
488,"this knowledge unit introduces the concepts of  physical signaling and transmission. these general  concepts could be introduced through presenting the  history of ethernet protocols and 802.11 wireless.  starting with a coax broadcast domain and  csma/cd, moving to hubs and then switches  without changing the addressing and payload. the  introduction of switching required simulating  broadcast behavior to simulate the coax broadcast  behavior. wireless is a shared medium but physical  characteristics of the medium required different  collision avoidance mechanisms than coax ",physical signaling,4,0,0,0,0,0,0,0,0,1,0,0,0,0,0,0,0,0,0
489,"this knowledge unit introduces the concepts of  physical signaling and transmission. these general  concepts could be introduced through presenting the  history of ethernet protocols and 802.11 wireless.  starting with a coax broadcast domain and  csma/cd, moving to hubs and then switches  without changing the addressing and payload. the  introduction of switching required simulating  broadcast behavior to simulate the coax broadcast  behavior. wireless is a shared medium but physical  characteristics of the medium required different  collision avoidance mechanisms than coax ",transmission concepts,4,0,0,0,0,0,0,0,0,1,0,0,0,0,0,0,0,0,0
490,"this knowledge unit introduces the concepts of  physical signaling and transmission. these general  concepts could be introduced through presenting the  history of ethernet protocols and 802.11 wireless.  starting with a coax broadcast domain and  csma/cd, moving to hubs and then switches  without changing the addressing and payload. the  introduction of switching required simulating  broadcast behavior to simulate the coax broadcast  behavior. wireless is a shared medium but physical  characteristics of the medium required different  collision avoidance mechanisms than coax ",history of ethernet protocols,4,0,0,0,0,0,0,0,0,1,0,0,0,0,0,0,0,0,0
491,"this knowledge unit introduces the concepts of  physical signaling and transmission. these general  concepts could be introduced through presenting the  history of ethernet protocols and 802.11 wireless.  starting with a coax broadcast domain and  csma/cd, moving to hubs and then switches  without changing the addressing and payload. the  introduction of switching required simulating  broadcast behavior to simulate the coax broadcast  behavior. wireless is a shared medium but physical  characteristics of the medium required different  collision avoidance mechanisms than coax ",802.11 wireless,4,0,0,0,0,0,0,0,0,1,0,0,0,0,0,0,0,0,0
492,"this knowledge unit introduces the concepts of  physical signaling and transmission. these general  concepts could be introduced through presenting the  history of ethernet protocols and 802.11 wireless.  starting with a coax broadcast domain and  csma/cd, moving to hubs and then switches  without changing the addressing and payload. the  introduction of switching required simulating  broadcast behavior to simulate the coax broadcast  behavior. wireless is a shared medium but physical  characteristics of the medium required different  collision avoidance mechanisms than coax ",coax broadcast domain,4,0,0,0,0,0,0,0,0,1,0,0,0,0,0,0,0,0,0
493,"this knowledge unit introduces the concepts of  physical signaling and transmission. these general  concepts could be introduced through presenting the  history of ethernet protocols and 802.11 wireless.  starting with a coax broadcast domain and  csma/cd, moving to hubs and then switches  without changing the addressing and payload. the  introduction of switching required simulating  broadcast behavior to simulate the coax broadcast  behavior. wireless is a shared medium but physical  characteristics of the medium required different  collision avoidance mechanisms than coax ",csma cd,4,0,0,0,0,0,0,0,0,1,0,0,0,0,0,0,0,0,0
494,"this knowledge unit introduces the concepts of  physical signaling and transmission. these general  concepts could be introduced through presenting the  history of ethernet protocols and 802.11 wireless.  starting with a coax broadcast domain and  csma/cd, moving to hubs and then switches  without changing the addressing and payload. the  introduction of switching required simulating  broadcast behavior to simulate the coax broadcast  behavior. wireless is a shared medium but physical  characteristics of the medium required different  collision avoidance mechanisms than coax ",hubs,4,0,0,0,0,0,0,0,0,1,0,0,0,0,0,0,0,0,0
495,"this knowledge unit introduces the concepts of  physical signaling and transmission. these general  concepts could be introduced through presenting the  history of ethernet protocols and 802.11 wireless.  starting with a coax broadcast domain and  csma/cd, moving to hubs and then switches  without changing the addressing and payload. the  introduction of switching required simulating  broadcast behavior to simulate the coax broadcast  behavior. wireless is a shared medium but physical  characteristics of the medium required different  collision avoidance mechanisms than coax ",switches,4,0,0,0,0,0,0,0,0,1,0,0,0,0,0,0,0,0,0
496,"this knowledge unit introduces the concepts of  physical signaling and transmission. these general  concepts could be introduced through presenting the  history of ethernet protocols and 802.11 wireless.  starting with a coax broadcast domain and  csma/cd, moving to hubs and then switches  without changing the addressing and payload. the  introduction of switching required simulating  broadcast behavior to simulate the coax broadcast  behavior. wireless is a shared medium but physical  characteristics of the medium required different  collision avoidance mechanisms than coax ",addressing and payload,4,0,0,0,0,0,0,0,0,1,0,0,0,0,0,0,0,0,0
497,"this knowledge unit introduces the concepts of  physical signaling and transmission. these general  concepts could be introduced through presenting the  history of ethernet protocols and 802.11 wireless.  starting with a coax broadcast domain and  csma/cd, moving to hubs and then switches  without changing the addressing and payload. the  introduction of switching required simulating  broadcast behavior to simulate the coax broadcast  behavior. wireless is a shared medium but physical  characteristics of the medium required different  collision avoidance mechanisms than coax ",switching and broadcast behavior,4,0,0,0,0,0,0,0,0,1,0,0,0,0,0,0,0,0,0
498,"this knowledge unit introduces the concepts of  physical signaling and transmission. these general  concepts could be introduced through presenting the  history of ethernet protocols and 802.11 wireless.  starting with a coax broadcast domain and  csma/cd, moving to hubs and then switches  without changing the addressing and payload. the  introduction of switching required simulating  broadcast behavior to simulate the coax broadcast  behavior. wireless is a shared medium but physical  characteristics of the medium required different  collision avoidance mechanisms than coax ",wireless shared medium,4,0,0,0,0,0,0,0,0,1,0,0,0,0,0,0,0,0,0
499,"this knowledge unit introduces the concepts of  physical signaling and transmission. these general  concepts could be introduced through presenting the  history of ethernet protocols and 802.11 wireless.  starting with a coax broadcast domain and  csma/cd, moving to hubs and then switches  without changing the addressing and payload. the  introduction of switching required simulating  broadcast behavior to simulate the coax broadcast  behavior. wireless is a shared medium but physical  characteristics of the medium required different  collision avoidance mechanisms than coax ",collision avoidance mechanisms,4,0,0,0,0,0,0,0,0,1,0,0,0,0,0,0,0,0,0
500,"this topic covers signals in coax, twisted pair, optical fiber, and air ",coaxial cable,4,0,0,0,0,0,0,0,0,1,0,0,0,0,0,0,0,0,0
501,"this topic covers signals in coax, twisted pair, optical fiber, and air ",twisted pair,4,0,0,0,0,0,0,0,0,1,0,0,0,0,0,0,0,0,0
502,"this topic covers signals in coax, twisted pair, optical fiber, and air ",optical fiber,4,0,0,0,0,0,0,0,0,1,0,0,0,0,0,0,0,0,0
503,"this topic covers signals in coax, twisted pair, optical fiber, and air ",air,4,0,0,0,0,0,0,0,0,1,0,0,0,0,0,0,0,0,0
504,this topic discusses the communication  characteristic of the media ,shared media,4,0,0,0,0,0,0,0,0,1,0,0,0,0,0,0,0,0,0
505,this topic discusses the communication  characteristic of the media ,point to point media,4,0,0,0,0,0,0,0,0,1,0,0,0,0,0,0,0,0,0
506,this topic discusses the communication  characteristic of the media ,communication characteristics comparison,4,0,0,0,0,0,0,0,0,1,0,0,0,0,0,0,0,0,0
507,this topic describes the various schemes for sharing  media between multiple clients. for example: 802.1  mac addressing and ppp. ,802.1 mac addressing,4,0,0,0,0,0,0,0,0,1,0,0,0,0,0,0,0,0,0
508,this topic describes the various schemes for sharing  media between multiple clients. for example: 802.1  mac addressing and ppp. ,ppp (point to point protocol),4,0,0,0,0,0,0,0,0,1,0,0,0,0,0,0,0,0,0
509,"this topic examines various implementations of the  models covered above. ieee 802.3 (ethernet),  ieee 802.11 (wi-fi), ieee 802.16 (fixed wireless  broadband) ",ieee 802.3 (ethernet),4,0,0,0,0,0,0,0,0,1,0,0,0,0,0,0,0,0,0
510,"this topic examines various implementations of the  models covered above. ieee 802.3 (ethernet),  ieee 802.11 (wi-fi), ieee 802.16 (fixed wireless  broadband) ",ieee 802.11 (wi fi),4,0,0,0,0,0,0,0,0,1,0,0,0,0,0,0,0,0,0
511,"this topic examines various implementations of the  models covered above. ieee 802.3 (ethernet),  ieee 802.11 (wi-fi), ieee 802.16 (fixed wireless  broadband) ",ieee 802.16 (fixed wireless broadband),4,0,0,0,0,0,0,0,0,1,0,0,0,0,0,0,0,0,0
512,"this knowledge unit describes the characteristics of  connectors, their materials, and standards that define  the characteristics of the connectors. different  materials have different characteristics and signal  transmission capability. even non-technical security  people need to understand that optical fiber is  different than twisted pair and that each has  different standards and specific standard connectors. ",characteristics of connectors,4,0,0,0,0,0,0,0,0,1,0,0,0,0,0,0,0,0,0
513,"this knowledge unit describes the characteristics of  connectors, their materials, and standards that define  the characteristics of the connectors. different  materials have different characteristics and signal  transmission capability. even non-technical security  people need to understand that optical fiber is  different than twisted pair and that each has  different standards and specific standard connectors. ",materials used for connectors,4,0,0,0,0,0,0,0,0,1,0,0,0,0,0,0,0,0,0
514,"this knowledge unit describes the characteristics of  connectors, their materials, and standards that define  the characteristics of the connectors. different  materials have different characteristics and signal  transmission capability. even non-technical security  people need to understand that optical fiber is  different than twisted pair and that each has  different standards and specific standard connectors. ",standards defining connector characteristics,4,0,0,0,0,0,0,0,0,1,0,0,0,0,0,0,0,0,0
515,"this knowledge unit describes the characteristics of  connectors, their materials, and standards that define  the characteristics of the connectors. different  materials have different characteristics and signal  transmission capability. even non-technical security  people need to understand that optical fiber is  different than twisted pair and that each has  different standards and specific standard connectors. ",signal transmission capabilities of different materials,4,0,0,0,0,0,0,0,0,1,0,0,0,0,0,0,0,0,0
516,"this knowledge unit describes the characteristics of  connectors, their materials, and standards that define  the characteristics of the connectors. different  materials have different characteristics and signal  transmission capability. even non-technical security  people need to understand that optical fiber is  different than twisted pair and that each has  different standards and specific standard connectors. ",optical fiber vs twisted pair,4,0,0,0,0,0,0,0,0,1,0,0,0,0,0,0,0,0,0
517,"this knowledge unit describes the characteristics of  connectors, their materials, and standards that define  the characteristics of the connectors. different  materials have different characteristics and signal  transmission capability. even non-technical security  people need to understand that optical fiber is  different than twisted pair and that each has  different standards and specific standard connectors. ",specific standard connectors for different types,4,0,0,0,0,0,0,0,0,1,0,0,0,0,0,0,0,0,0
518,this topic introduces the connection characteristics  of various media and the requirements for physical  connections. ,connection characteristics of various media,4,0,0,0,0,0,0,0,0,1,0,0,0,0,0,0,0,0,0
519,this topic introduces the connection characteristics  of various media and the requirements for physical  connections. ,requirements for physical connections,4,0,0,0,0,0,0,0,0,1,0,0,0,0,0,0,0,0,0
520,this topic examines various standards for  connectors. ,connectors,4,0,0,0,0,0,0,0,0,1,0,0,0,0,0,0,0,0,0
521,this topic examines various standards for  connectors. ,standards,4,0,0,0,0,0,0,0,0,1,0,0,0,0,0,0,0,0,0
522,"rj 11, rj 45, st, sc, mtrj, sff isa buss, etc. ",rj 11,4,0,0,0,0,0,0,0,0,1,0,0,0,0,0,0,0,0,0
523,"rj 11, rj 45, st, sc, mtrj, sff isa buss, etc. ",rj 45,4,0,0,0,0,0,0,0,0,1,0,0,0,0,0,0,0,0,0
524,"rj 11, rj 45, st, sc, mtrj, sff isa buss, etc. ",st,4,0,0,0,0,0,0,0,0,1,0,0,0,0,0,0,0,0,0
525,"rj 11, rj 45, st, sc, mtrj, sff isa buss, etc. ",sc,4,0,0,0,0,0,0,0,0,1,0,0,0,0,0,0,0,0,0
526,"rj 11, rj 45, st, sc, mtrj, sff isa buss, etc. ",mtrj,4,0,0,0,0,0,0,0,0,1,0,0,0,0,0,0,0,0,0
527,"rj 11, rj 45, st, sc, mtrj, sff isa buss, etc. ",sff isa bus,4,0,0,0,0,0,0,0,0,1,0,0,0,0,0,0,0,0,0
528,this knowledge unit introduces the advantages and  potential vulnerabilities of standard hardware  architectures. ,advantages of standard hardware architectures,4,0,0,0,0,0,0,0,0,1,0,0,0,0,0,0,0,0,0
529,this knowledge unit introduces the advantages and  potential vulnerabilities of standard hardware  architectures. ,potential vulnerabilities of standard hardware architectures,4,0,0,0,0,0,0,0,0,1,0,0,0,0,0,0,0,0,0
530,this topic should introduce the idea of standard  architectures and the advantages of standardization.  the history of pc motherboards could be used as an  example showing the evolution from isa through  pci and beyond. the ability for cards to add  functionality without changing the base architecture  is important. adding multiport ethernet ports in a  card allows a pc to become a router. ,introduction to standard architectures,4,0,0,0,0,0,0,0,0,1,0,0,0,0,0,0,0,0,0
531,this topic should introduce the idea of standard  architectures and the advantages of standardization.  the history of pc motherboards could be used as an  example showing the evolution from isa through  pci and beyond. the ability for cards to add  functionality without changing the base architecture  is important. adding multiport ethernet ports in a  card allows a pc to become a router. ,advantages of standardization,4,0,0,0,0,0,0,0,0,1,0,0,0,0,0,0,0,0,0
532,this topic should introduce the idea of standard  architectures and the advantages of standardization.  the history of pc motherboards could be used as an  example showing the evolution from isa through  pci and beyond. the ability for cards to add  functionality without changing the base architecture  is important. adding multiport ethernet ports in a  card allows a pc to become a router. ,history of pc motherboards,4,0,0,0,0,0,0,0,0,1,0,0,0,0,0,0,0,0,0
533,this topic should introduce the idea of standard  architectures and the advantages of standardization.  the history of pc motherboards could be used as an  example showing the evolution from isa through  pci and beyond. the ability for cards to add  functionality without changing the base architecture  is important. adding multiport ethernet ports in a  card allows a pc to become a router. ,evolution from isa to pci,4,0,0,0,0,0,0,0,0,1,0,0,0,0,0,0,0,0,0
534,this topic should introduce the idea of standard  architectures and the advantages of standardization.  the history of pc motherboards could be used as an  example showing the evolution from isa through  pci and beyond. the ability for cards to add  functionality without changing the base architecture  is important. adding multiport ethernet ports in a  card allows a pc to become a router. ,benefits of non invasive card functionality,4,0,0,0,0,0,0,0,0,1,0,0,0,0,0,0,0,0,0
535,this topic should introduce the idea of standard  architectures and the advantages of standardization.  the history of pc motherboards could be used as an  example showing the evolution from isa through  pci and beyond. the ability for cards to add  functionality without changing the base architecture  is important. adding multiport ethernet ports in a  card allows a pc to become a router. ,multiport ethernet and its role in routing,4,0,0,0,0,0,0,0,0,1,0,0,0,0,0,0,0,0,0
536,"this topic introduces various hardware interface  standards starting with ic package design, through  busses such as isa and pci for integration  platforms and on to networking standards like  ieee 802.3 ",ic package design,4,0,0,0,0,0,0,0,0,1,0,0,0,0,0,0,0,0,0
537,"this topic introduces various hardware interface  standards starting with ic package design, through  busses such as isa and pci for integration  platforms and on to networking standards like  ieee 802.3 ","busses (isa, pci)",4,0,0,0,0,0,0,0,0,1,0,0,0,0,0,0,0,0,0
538,"this topic introduces various hardware interface  standards starting with ic package design, through  busses such as isa and pci for integration  platforms and on to networking standards like  ieee 802.3 ",networking standards (ieee 802.3),4,0,0,0,0,0,0,0,0,1,0,0,0,0,0,0,0,0,0
539,"this topic should examine the current technologies  learners will face (cpu chips, pc motherboard,  ethernet standards) ",cpu chips,4,0,0,0,0,0,0,0,0,1,0,0,0,0,0,0,0,0,0
540,"this topic should examine the current technologies  learners will face (cpu chips, pc motherboard,  ethernet standards) ",pc motherboard,4,0,0,0,0,0,0,0,0,1,0,0,0,0,0,0,0,0,0
541,"this topic should examine the current technologies  learners will face (cpu chips, pc motherboard,  ethernet standards) ",ethernet standards,4,0,0,0,0,0,0,0,0,1,0,0,0,0,0,0,0,0,0
542,"this knowledge unit introduces the general concepts  of distributed systems and how they are connected  together. the internet is not the only network and  tcp/ip is not the only protocol for system interconnection. each implementation has specific  characteristics and different potential  vulnerabilities. the focus of the curriculum should  be on similarities, differences, and why design  choices are made. each architecture has advantages  and disadvantages for particular use cases and each  has particular vulnerabilities and strengths from a  security perspective. one cannot assume that a  mitigation strategy for the internet will be  appropriate for a supercomputer infrastructure.  ",general concepts of distributed systems,4,0,0,0,0,0,0,0,0,1,0,0,0,0,0,0,0,0,0
543,"this knowledge unit introduces the general concepts  of distributed systems and how they are connected  together. the internet is not the only network and  tcp/ip is not the only protocol for system interconnection. each implementation has specific  characteristics and different potential  vulnerabilities. the focus of the curriculum should  be on similarities, differences, and why design  choices are made. each architecture has advantages  and disadvantages for particular use cases and each  has particular vulnerabilities and strengths from a  security perspective. one cannot assume that a  mitigation strategy for the internet will be  appropriate for a supercomputer infrastructure.  ",networks other than the internet,4,0,0,0,0,0,0,0,0,1,0,0,0,0,0,0,0,0,0
544,"this knowledge unit introduces the general concepts  of distributed systems and how they are connected  together. the internet is not the only network and  tcp/ip is not the only protocol for system interconnection. each implementation has specific  characteristics and different potential  vulnerabilities. the focus of the curriculum should  be on similarities, differences, and why design  choices are made. each architecture has advantages  and disadvantages for particular use cases and each  has particular vulnerabilities and strengths from a  security perspective. one cannot assume that a  mitigation strategy for the internet will be  appropriate for a supercomputer infrastructure.  ",protocols other than tcp ip for system interconnection,4,0,0,0,0,0,0,0,0,1,0,0,0,0,0,0,0,0,0
545,"this knowledge unit introduces the general concepts  of distributed systems and how they are connected  together. the internet is not the only network and  tcp/ip is not the only protocol for system interconnection. each implementation has specific  characteristics and different potential  vulnerabilities. the focus of the curriculum should  be on similarities, differences, and why design  choices are made. each architecture has advantages  and disadvantages for particular use cases and each  has particular vulnerabilities and strengths from a  security perspective. one cannot assume that a  mitigation strategy for the internet will be  appropriate for a supercomputer infrastructure.  ",specific characteristics of different implementations,4,0,0,0,0,0,0,0,0,1,0,0,0,0,0,0,0,0,0
546,"this knowledge unit introduces the general concepts  of distributed systems and how they are connected  together. the internet is not the only network and  tcp/ip is not the only protocol for system interconnection. each implementation has specific  characteristics and different potential  vulnerabilities. the focus of the curriculum should  be on similarities, differences, and why design  choices are made. each architecture has advantages  and disadvantages for particular use cases and each  has particular vulnerabilities and strengths from a  security perspective. one cannot assume that a  mitigation strategy for the internet will be  appropriate for a supercomputer infrastructure.  ",potential vulnerabilities of different architectures,4,0,0,0,0,0,0,0,0,1,0,0,0,0,0,0,0,0,0
547,"this knowledge unit introduces the general concepts  of distributed systems and how they are connected  together. the internet is not the only network and  tcp/ip is not the only protocol for system interconnection. each implementation has specific  characteristics and different potential  vulnerabilities. the focus of the curriculum should  be on similarities, differences, and why design  choices are made. each architecture has advantages  and disadvantages for particular use cases and each  has particular vulnerabilities and strengths from a  security perspective. one cannot assume that a  mitigation strategy for the internet will be  appropriate for a supercomputer infrastructure.  ",similarities and differences between architectures,4,0,0,0,0,0,0,0,0,1,0,0,0,0,0,0,0,0,0
548,"this knowledge unit introduces the general concepts  of distributed systems and how they are connected  together. the internet is not the only network and  tcp/ip is not the only protocol for system interconnection. each implementation has specific  characteristics and different potential  vulnerabilities. the focus of the curriculum should  be on similarities, differences, and why design  choices are made. each architecture has advantages  and disadvantages for particular use cases and each  has particular vulnerabilities and strengths from a  security perspective. one cannot assume that a  mitigation strategy for the internet will be  appropriate for a supercomputer infrastructure.  ",design choices and their implications,4,0,0,0,0,0,0,0,0,1,0,0,0,0,0,0,0,0,0
549,"this knowledge unit introduces the general concepts  of distributed systems and how they are connected  together. the internet is not the only network and  tcp/ip is not the only protocol for system interconnection. each implementation has specific  characteristics and different potential  vulnerabilities. the focus of the curriculum should  be on similarities, differences, and why design  choices are made. each architecture has advantages  and disadvantages for particular use cases and each  has particular vulnerabilities and strengths from a  security perspective. one cannot assume that a  mitigation strategy for the internet will be  appropriate for a supercomputer infrastructure.  ",advantages and disadvantages for particular use cases,4,0,0,0,0,0,0,0,0,1,0,0,0,0,0,0,0,0,0
550,"this knowledge unit introduces the general concepts  of distributed systems and how they are connected  together. the internet is not the only network and  tcp/ip is not the only protocol for system interconnection. each implementation has specific  characteristics and different potential  vulnerabilities. the focus of the curriculum should  be on similarities, differences, and why design  choices are made. each architecture has advantages  and disadvantages for particular use cases and each  has particular vulnerabilities and strengths from a  security perspective. one cannot assume that a  mitigation strategy for the internet will be  appropriate for a supercomputer infrastructure.  ",security perspectives on various architectures,4,0,0,0,0,0,0,0,0,1,0,0,0,0,0,0,0,0,0
551,"this knowledge unit introduces the general concepts  of distributed systems and how they are connected  together. the internet is not the only network and  tcp/ip is not the only protocol for system interconnection. each implementation has specific  characteristics and different potential  vulnerabilities. the focus of the curriculum should  be on similarities, differences, and why design  choices are made. each architecture has advantages  and disadvantages for particular use cases and each  has particular vulnerabilities and strengths from a  security perspective. one cannot assume that a  mitigation strategy for the internet will be  appropriate for a supercomputer infrastructure.  ",mitigation strategies for different infrastructures,4,0,0,0,0,0,0,0,0,1,0,0,0,0,0,0,0,0,0
552,"this topic should start with the idea of a process in  and operating system and then introduce the various  architectures for running processes and enabling  their communication. symmetric multiprocessing  and shared memory, network based with an  interprocess communication model. ",process in operating system,4,0,0,0,0,0,0,0,0,1,0,0,0,0,0,0,0,0,0
553,"this topic should start with the idea of a process in  and operating system and then introduce the various  architectures for running processes and enabling  their communication. symmetric multiprocessing  and shared memory, network based with an  interprocess communication model. ",architectures for running processes,4,0,0,0,0,0,0,0,0,1,0,0,0,0,0,0,0,0,0
554,"this topic should start with the idea of a process in  and operating system and then introduce the various  architectures for running processes and enabling  their communication. symmetric multiprocessing  and shared memory, network based with an  interprocess communication model. ",enabling communication between processes,4,0,0,0,0,0,0,0,0,1,0,0,0,0,0,0,0,0,0
555,"this topic should start with the idea of a process in  and operating system and then introduce the various  architectures for running processes and enabling  their communication. symmetric multiprocessing  and shared memory, network based with an  interprocess communication model. ",symmetric multiprocessing,4,0,0,0,0,0,0,0,0,1,0,0,0,0,0,0,0,0,0
556,"this topic should start with the idea of a process in  and operating system and then introduce the various  architectures for running processes and enabling  their communication. symmetric multiprocessing  and shared memory, network based with an  interprocess communication model. ",shared memory architecture,4,0,0,0,0,0,0,0,0,1,0,0,0,0,0,0,0,0,0
557,"this topic should start with the idea of a process in  and operating system and then introduce the various  architectures for running processes and enabling  their communication. symmetric multiprocessing  and shared memory, network based with an  interprocess communication model. ",network based interprocess communication,4,0,0,0,0,0,0,0,0,1,0,0,0,0,0,0,0,0,0
558,this topic covers the http/https protocol and  demonstrates how it is an example of a distributed  processing standard. ,http https protocol,4,0,0,0,0,0,0,0,0,1,0,0,0,0,0,0,0,0,0
559,this topic covers the http/https protocol and  demonstrates how it is an example of a distributed  processing standard. ,distributed processing standard,4,0,0,0,0,0,0,0,0,1,0,0,0,0,0,0,0,0,0
560,this topic covers the evolution of the internet as a  distributed processing platform. learners should be  clear as to why the world-wide-web and the internet  are not equivalent. ,evolution of the internet,4,0,0,0,0,0,0,0,0,1,0,0,0,0,0,0,0,0,0
561,this topic covers the evolution of the internet as a  distributed processing platform. learners should be  clear as to why the world-wide-web and the internet  are not equivalent. ,distributed processing platform,4,0,0,0,0,0,0,0,0,1,0,0,0,0,0,0,0,0,0
562,this topic covers the evolution of the internet as a  distributed processing platform. learners should be  clear as to why the world-wide-web and the internet  are not equivalent. ,world wide web vs internet distinction,4,0,0,0,0,0,0,0,0,1,0,0,0,0,0,0,0,0,0
563,this topic covers the 7 layer osi model along with  the 5 layer internet model and compares them as an  example of encapsulation and layering to enable  services that build on each other ,osi model layers,4,0,0,0,0,0,0,0,0,1,0,0,0,0,0,0,0,0,0
564,this topic covers the 7 layer osi model along with  the 5 layer internet model and compares them as an  example of encapsulation and layering to enable  services that build on each other ,internet model layers,4,0,0,0,0,0,0,0,0,1,0,0,0,0,0,0,0,0,0
565,this topic covers the 7 layer osi model along with  the 5 layer internet model and compares them as an  example of encapsulation and layering to enable  services that build on each other ,encapsulation process,4,0,0,0,0,0,0,0,0,1,0,0,0,0,0,0,0,0,0
566,this topic covers the 7 layer osi model along with  the 5 layer internet model and compares them as an  example of encapsulation and layering to enable  services that build on each other ,layering concept,4,0,0,0,0,0,0,0,0,1,0,0,0,0,0,0,0,0,0
567,this topic covers the 7 layer osi model along with  the 5 layer internet model and compares them as an  example of encapsulation and layering to enable  services that build on each other ,comparison between osi and internet models,4,0,0,0,0,0,0,0,0,1,0,0,0,0,0,0,0,0,0
568,this topic introduces hpc and use cases that  distinguish hpc from the standard internet. ,introduction to high performance computing (hpc),4,0,0,0,0,0,0,0,0,1,0,0,0,0,0,0,0,0,0
569,this topic introduces hpc and use cases that  distinguish hpc from the standard internet. ,distinguishing hpc from standard internet,4,0,0,0,0,0,0,0,0,1,0,0,0,0,0,0,0,0,0
570,this topic introduces hpc and use cases that  distinguish hpc from the standard internet. ,use cases of hpc,4,0,0,0,0,0,0,0,0,1,0,0,0,0,0,0,0,0,0
571,"this topic introduces the concepts of providing  infrastructure as a service (iaas), software as a  service (saas), platform as a service (paas), and all  of their relatives relevant to the learners should be  covered ",infrastructure as a service (iaas),4,0,0,0,0,0,0,0,0,1,0,0,0,0,0,0,0,0,0
572,"this topic introduces the concepts of providing  infrastructure as a service (iaas), software as a  service (saas), platform as a service (paas), and all  of their relatives relevant to the learners should be  covered ",software as a service (saas),4,0,0,0,0,0,0,0,0,1,0,0,0,0,0,0,0,0,0
573,"this topic introduces the concepts of providing  infrastructure as a service (iaas), software as a  service (saas), platform as a service (paas), and all  of their relatives relevant to the learners should be  covered ",platform as a service (paas),4,0,0,0,0,0,0,0,0,1,0,0,0,0,0,0,0,0,0
574,"this topic introduces the concepts of providing  infrastructure as a service (iaas), software as a  service (saas), platform as a service (paas), and all  of their relatives relevant to the learners should be  covered ",hypervisors in cloud computing,4,0,0,0,0,0,0,0,0,1,0,0,0,0,0,0,0,0,0
575,"this topic introduces the concepts of providing  infrastructure as a service (iaas), software as a  service (saas), platform as a service (paas), and all  of their relatives relevant to the learners should be  covered ",virtual machines in cloud environments,4,0,0,0,0,0,0,0,0,1,0,0,0,0,0,0,0,0,0
576,"this topic introduces the concepts of providing  infrastructure as a service (iaas), software as a  service (saas), platform as a service (paas), and all  of their relatives relevant to the learners should be  covered ",resource allocation in cloud infrastructure,4,0,0,0,0,0,0,0,0,1,0,0,0,0,0,0,0,0,0
577,"this topic introduces the concepts of providing  infrastructure as a service (iaas), software as a  service (saas), platform as a service (paas), and all  of their relatives relevant to the learners should be  covered ",scalability and elasticity in cloud computing,4,0,0,0,0,0,0,0,0,1,0,0,0,0,0,0,0,0,0
578,"this topic examines the attack surfaces of the  various distributed computing models emphasizing  the fact that every interface introduces potential  vulnerabilities. the hypervisor, virtual networking,  physical network, and interprocess communication  should all be covered. ",attack surfaces of distributed computing models,4,0,0,0,0,0,0,0,0,1,0,0,0,0,0,0,0,0,0
579,"this topic examines the attack surfaces of the  various distributed computing models emphasizing  the fact that every interface introduces potential  vulnerabilities. the hypervisor, virtual networking,  physical network, and interprocess communication  should all be covered. ",hypervisor vulnerabilities,4,0,0,0,0,0,0,0,0,1,0,0,0,0,0,0,0,0,0
580,"this topic examines the attack surfaces of the  various distributed computing models emphasizing  the fact that every interface introduces potential  vulnerabilities. the hypervisor, virtual networking,  physical network, and interprocess communication  should all be covered. ",virtual networking vulnerabilities,4,0,0,0,0,0,0,0,0,1,0,0,0,0,0,0,0,0,0
581,"this topic examines the attack surfaces of the  various distributed computing models emphasizing  the fact that every interface introduces potential  vulnerabilities. the hypervisor, virtual networking,  physical network, and interprocess communication  should all be covered. ",physical network vulnerabilities,4,0,0,0,0,0,0,0,0,1,0,0,0,0,0,0,0,0,0
582,"this topic examines the attack surfaces of the  various distributed computing models emphasizing  the fact that every interface introduces potential  vulnerabilities. the hypervisor, virtual networking,  physical network, and interprocess communication  should all be covered. ",interprocess communication vulnerabilities,4,0,0,0,0,0,0,0,0,1,0,0,0,0,0,0,0,0,0
583,this knowledge unit introduces the concepts  typically covered in a computer networking course.  it provides the foundation for the more specialized  kus. ,concepts covered in computer networking courses,4,0,0,0,0,0,0,0,0,1,0,0,0,0,0,0,0,0,0
584,this knowledge unit introduces the concepts  typically covered in a computer networking course.  it provides the foundation for the more specialized  kus. ,foundation for specialized knowledge units,4,0,0,0,0,0,0,0,0,1,0,0,0,0,0,0,0,0,0
585,this topic should cover the ideas of nodes and  edges with the names of the various topologies and  the transmission characteristics of the topologies. ,nodes,4,0,0,0,0,0,0,0,0,1,0,0,0,0,0,0,0,0,0
586,this topic should cover the ideas of nodes and  edges with the names of the various topologies and  the transmission characteristics of the topologies. ,edges,4,0,0,0,0,0,0,0,0,1,0,0,0,0,0,0,0,0,0
587,this topic should cover the ideas of nodes and  edges with the names of the various topologies and  the transmission characteristics of the topologies. ,"topologies (e.g., bus, ring, star, mesh)",4,0,0,0,0,0,0,0,0,1,0,0,0,0,0,0,0,0,0
588,this topic should cover the ideas of nodes and  edges with the names of the various topologies and  the transmission characteristics of the topologies. ,"transmission characteristics (e.g., bandwidth, latency)",4,0,0,0,0,0,0,0,0,1,0,0,0,0,0,0,0,0,0
589,"this topic covers the ieee 802 network architecture and how the various networks are named based on  the physical characteristics (lans, mans, etc.). ",ieee 802 network architecture,4,0,0,0,0,0,0,0,0,1,0,0,0,0,0,0,0,0,0
590,"this topic covers the ieee 802 network architecture and how the various networks are named based on  the physical characteristics (lans, mans, etc.). ",lans (local area networks),4,0,0,0,0,0,0,0,0,1,0,0,0,0,0,0,0,0,0
591,"this topic covers the ieee 802 network architecture and how the various networks are named based on  the physical characteristics (lans, mans, etc.). ",mans (metropolitan area networks),4,0,0,0,0,0,0,0,0,1,0,0,0,0,0,0,0,0,0
592,"this topic covers packet forwarding in general.  since similar switching silicone is now used in  routers and switches, and sdn treats forwarding  separate from building the forwarding table, this is  its own topic. ",packet forwarding in routers,4,0,0,0,0,0,0,0,0,1,0,0,0,0,0,0,0,0,0
593,"this topic covers packet forwarding in general.  since similar switching silicone is now used in  routers and switches, and sdn treats forwarding  separate from building the forwarding table, this is  its own topic. ",packet forwarding in switches,4,0,0,0,0,0,0,0,0,1,0,0,0,0,0,0,0,0,0
594,"this topic covers packet forwarding in general.  since similar switching silicone is now used in  routers and switches, and sdn treats forwarding  separate from building the forwarding table, this is  its own topic. ",similar silicones used in routers and switches,4,0,0,0,0,0,0,0,0,1,0,0,0,0,0,0,0,0,0
595,"this topic covers packet forwarding in general.  since similar switching silicone is now used in  routers and switches, and sdn treats forwarding  separate from building the forwarding table, this is  its own topic. ",sdn and forwarding separation,4,0,0,0,0,0,0,0,0,1,0,0,0,0,0,0,0,0,0
596,this topic covers routing algorithms and explains  how forwarding tables are built using graph analysis  algorithms such as link-state and distance vector. ,routing algorithms,4,0,0,0,0,0,0,0,0,1,0,0,0,0,0,0,0,0,0
597,this topic covers routing algorithms and explains  how forwarding tables are built using graph analysis  algorithms such as link-state and distance vector. ,forwarding tables,4,0,0,0,0,0,0,0,0,1,0,0,0,0,0,0,0,0,0
598,this topic covers routing algorithms and explains  how forwarding tables are built using graph analysis  algorithms such as link-state and distance vector. ,graph analysis algorithms,4,0,0,0,0,0,0,0,0,1,0,0,0,0,0,0,0,0,0
599,this topic covers routing algorithms and explains  how forwarding tables are built using graph analysis  algorithms such as link-state and distance vector. ,link state algorithm,4,0,0,0,0,0,0,0,0,1,0,0,0,0,0,0,0,0,0
600,this topic covers routing algorithms and explains  how forwarding tables are built using graph analysis  algorithms such as link-state and distance vector. ,distance vector algorithm,4,0,0,0,0,0,0,0,0,1,0,0,0,0,0,0,0,0,0
601,this topic covers learning algorithms and ieee  802.1 bridging along with spanning tree protocol  and its relationship to routing. it is not currently  clear how this topic will evolve with stp being  replaced through the emergence of trill and stp. ,learning algorithms,4,0,0,0,0,0,0,0,0,1,0,0,0,0,0,0,0,0,0
602,this topic covers learning algorithms and ieee  802.1 bridging along with spanning tree protocol  and its relationship to routing. it is not currently  clear how this topic will evolve with stp being  replaced through the emergence of trill and stp. ,ieee 802.1 bridging,4,0,0,0,0,0,0,0,0,1,0,0,0,0,0,0,0,0,0
603,this topic covers learning algorithms and ieee  802.1 bridging along with spanning tree protocol  and its relationship to routing. it is not currently  clear how this topic will evolve with stp being  replaced through the emergence of trill and stp. ,spanning tree protocol (stp),4,0,0,0,0,0,0,0,0,1,0,0,0,0,0,0,0,0,0
604,this topic covers learning algorithms and ieee  802.1 bridging along with spanning tree protocol  and its relationship to routing. it is not currently  clear how this topic will evolve with stp being  replaced through the emergence of trill and stp. ,routing,4,0,0,0,0,0,0,0,0,1,0,0,0,0,0,0,0,0,0
605,this topic covers learning algorithms and ieee  802.1 bridging along with spanning tree protocol  and its relationship to routing. it is not currently  clear how this topic will evolve with stp being  replaced through the emergence of trill and stp. ,trill (transparent interconnection of lots of links),4,0,0,0,0,0,0,0,0,1,0,0,0,0,0,0,0,0,0
606,this topic covers emerging technologies and their  impact as they emerge. currently the impact of  sdn and adding routing to layer 2 with enhanced  learning bridges would be the content. this is  evolving rapidly. ,sdn,4,0,0,0,0,0,0,0,0,1,0,0,0,0,0,0,0,0,0
607,this topic covers emerging technologies and their  impact as they emerge. currently the impact of  sdn and adding routing to layer 2 with enhanced  learning bridges would be the content. this is  evolving rapidly. ,adding routing to layer 2,4,0,0,0,0,0,0,0,0,1,0,0,0,0,0,0,0,0,0
608,this topic covers emerging technologies and their  impact as they emerge. currently the impact of  sdn and adding routing to layer 2 with enhanced  learning bridges would be the content. this is  evolving rapidly. ,enhanced learning bridges,4,0,0,0,0,0,0,0,0,1,0,0,0,0,0,0,0,0,0
609,virtualization has provided ways to design  architecture using either native virtualization  (type 1) or virtualization under the control of a host  operating system (type 2). ,native virtualization (type 1),"4,5 ",0,0,0,0,0,0,0,0,1,0,0,1,0,0,0,0,0,0
610,virtualization has provided ways to design  architecture using either native virtualization  (type 1) or virtualization under the control of a host  operating system (type 2). ,hosted virtualization (type 2),"4,5 ",0,0,0,0,0,0,0,0,1,0,0,1,0,0,0,0,0,0
611,"this knowledge unit explores specific technologies  that implement the general concepts of networking.  network architecture concepts may be illustrated by  specific implementations but it should be made  clear that there are other possibilities. it should be  emphasized that vulnerabilities are exploited in  implementations. often an architecture can be  proven correct theoretically, but implemented in a  way that has vulnerabilities. also seams between  technologies often open vulnerabilities. arp  poisoning is a perfect example of how a seam  between technologies opens vulnerabilities. ",specific technologies in networking,4,0,0,0,0,0,0,0,0,1,0,0,0,0,0,0,0,0,0
612,"this knowledge unit explores specific technologies  that implement the general concepts of networking.  network architecture concepts may be illustrated by  specific implementations but it should be made  clear that there are other possibilities. it should be  emphasized that vulnerabilities are exploited in  implementations. often an architecture can be  proven correct theoretically, but implemented in a  way that has vulnerabilities. also seams between  technologies often open vulnerabilities. arp  poisoning is a perfect example of how a seam  between technologies opens vulnerabilities. ",network architecture concepts,4,0,0,0,0,0,0,0,0,1,0,0,0,0,0,0,0,0,0
613,"this knowledge unit explores specific technologies  that implement the general concepts of networking.  network architecture concepts may be illustrated by  specific implementations but it should be made  clear that there are other possibilities. it should be  emphasized that vulnerabilities are exploited in  implementations. often an architecture can be  proven correct theoretically, but implemented in a  way that has vulnerabilities. also seams between  technologies often open vulnerabilities. arp  poisoning is a perfect example of how a seam  between technologies opens vulnerabilities. ",implementation variability,4,0,0,0,0,0,0,0,0,1,0,0,0,0,0,0,0,0,0
614,"this knowledge unit explores specific technologies  that implement the general concepts of networking.  network architecture concepts may be illustrated by  specific implementations but it should be made  clear that there are other possibilities. it should be  emphasized that vulnerabilities are exploited in  implementations. often an architecture can be  proven correct theoretically, but implemented in a  way that has vulnerabilities. also seams between  technologies often open vulnerabilities. arp  poisoning is a perfect example of how a seam  between technologies opens vulnerabilities. ",vulnerabilities in implementations,4,0,0,0,0,0,0,0,0,1,0,0,0,0,0,0,0,0,0
615,"this knowledge unit explores specific technologies  that implement the general concepts of networking.  network architecture concepts may be illustrated by  specific implementations but it should be made  clear that there are other possibilities. it should be  emphasized that vulnerabilities are exploited in  implementations. often an architecture can be  proven correct theoretically, but implemented in a  way that has vulnerabilities. also seams between  technologies often open vulnerabilities. arp  poisoning is a perfect example of how a seam  between technologies opens vulnerabilities. ",correctness vs. implementation security,4,0,0,0,0,0,0,0,0,1,0,0,0,0,0,0,0,0,0
616,"this knowledge unit explores specific technologies  that implement the general concepts of networking.  network architecture concepts may be illustrated by  specific implementations but it should be made  clear that there are other possibilities. it should be  emphasized that vulnerabilities are exploited in  implementations. often an architecture can be  proven correct theoretically, but implemented in a  way that has vulnerabilities. also seams between  technologies often open vulnerabilities. arp  poisoning is a perfect example of how a seam  between technologies opens vulnerabilities. ",seam vulnerabilities,4,0,0,0,0,0,0,0,0,1,0,0,0,0,0,0,0,0,0
617,"this knowledge unit explores specific technologies  that implement the general concepts of networking.  network architecture concepts may be illustrated by  specific implementations but it should be made  clear that there are other possibilities. it should be  emphasized that vulnerabilities are exploited in  implementations. often an architecture can be  proven correct theoretically, but implemented in a  way that has vulnerabilities. also seams between  technologies often open vulnerabilities. arp  poisoning is a perfect example of how a seam  between technologies opens vulnerabilities. ",arp poisoning example,4,0,0,0,0,0,0,0,0,1,0,0,0,0,0,0,0,0,0
618,this topic is a deep dive into the iso standards. it is  expected that this topic will be introduced other  places. ,iso standards,4,0,0,0,0,0,0,0,0,1,0,0,0,0,0,0,0,0,0
619,this topic is a deep dive into the iso standards. it is  expected that this topic will be introduced other  places. ,introduction to ieee 802 iso networks,4,0,0,0,0,0,0,0,0,1,0,0,0,0,0,0,0,0,0
620,this is a deep dive into the basic infrastructure of  the internet and tcp. ,basic infrastructure of the internet,4,0,0,0,0,0,0,0,0,1,0,0,0,0,0,0,0,0,0
621,this is a deep dive into the basic infrastructure of  the internet and tcp. ,tcp protocol overview,4,0,0,0,0,0,0,0,0,1,0,0,0,0,0,0,0,0,0
622,"this topic looks at the problem of integrating  technologies through the implementation of what  could be called interface shims or glue code. arp is  the obvious example. a mechanism was required to  map the ip addresses of the ietf internetworking  model to the mac addresses of the underlying  networks. arp is the glue. similarly, infiniband  needs a shim to carry ip traffic. other examples abound.  ",arp as an example of glue protocol,4,0,0,0,0,0,0,0,0,1,0,0,0,0,0,0,0,0,0
623,"this topic looks at the problem of integrating  technologies through the implementation of what  could be called interface shims or glue code. arp is  the obvious example. a mechanism was required to  map the ip addresses of the ietf internetworking  model to the mac addresses of the underlying  networks. arp is the glue. similarly, infiniband  needs a shim to carry ip traffic. other examples abound.  ",infiniband and ip traffic,4,0,0,0,0,0,0,0,0,1,0,0,0,0,0,0,0,0,0
624,"this topic looks at the problem of integrating  technologies through the implementation of what  could be called interface shims or glue code. arp is  the obvious example. a mechanism was required to  map the ip addresses of the ietf internetworking  model to the mac addresses of the underlying  networks. arp is the glue. similarly, infiniband  needs a shim to carry ip traffic. other examples abound.  ",interface shims for technology integration,4,0,0,0,0,0,0,0,0,1,0,0,0,0,0,0,0,0,0
625,"this topic should provide examples from the  technologies important to the program. if arp is  chosen as an example, arp poisoning as a mitm  attach works well. usb and other serial connections  could also provide examples. ",arp,4,0,0,0,0,0,0,0,0,1,0,0,0,0,0,0,0,0,0
626,"this topic should provide examples from the  technologies important to the program. if arp is  chosen as an example, arp poisoning as a mitm  attach works well. usb and other serial connections  could also provide examples. ",arp poisoning,4,0,0,0,0,0,0,0,0,1,0,0,0,0,0,0,0,0,0
627,"this topic should provide examples from the  technologies important to the program. if arp is  chosen as an example, arp poisoning as a mitm  attach works well. usb and other serial connections  could also provide examples. ",mitm attack,4,0,0,0,0,0,0,0,0,1,0,0,0,0,0,0,0,0,0
628,"this topic should provide examples from the  technologies important to the program. if arp is  chosen as an example, arp poisoning as a mitm  attach works well. usb and other serial connections  could also provide examples. ",usb,4,0,0,0,0,0,0,0,0,1,0,0,0,0,0,0,0,0,0
629,"this topic should provide examples from the  technologies important to the program. if arp is  chosen as an example, arp poisoning as a mitm  attach works well. usb and other serial connections  could also provide examples. ",serial connections,4,0,0,0,0,0,0,0,0,1,0,0,0,0,0,0,0,0,0
630,"this knowledge unit explores different models used  to implement connectivity between the consumer of  a service and the provider of a service. each topic  can be explored at many levels with many examples  (e.g., wireless issues surrounding biomedical  devices). this area is broken out because the service  models can be implemented in so many ways with  so many different architectures. remote procedure  calls (rpc) are implemented over many different  connection technologies varying from process-to-process in a single processor to across the internet.  the security concerns are different and the design  tradeoffs change based on implementations and  requirements. ",models for service connectivity,4,0,0,0,0,0,0,0,0,1,0,0,0,0,0,0,0,0,0
631,"this knowledge unit explores different models used  to implement connectivity between the consumer of  a service and the provider of a service. each topic  can be explored at many levels with many examples  (e.g., wireless issues surrounding biomedical  devices). this area is broken out because the service  models can be implemented in so many ways with  so many different architectures. remote procedure  calls (rpc) are implemented over many different  connection technologies varying from process-to-process in a single processor to across the internet.  the security concerns are different and the design  tradeoffs change based on implementations and  requirements. ",remote procedure calls (rpc),4,0,0,0,0,0,0,0,0,1,0,0,0,0,0,0,0,0,0
632,"this knowledge unit explores different models used  to implement connectivity between the consumer of  a service and the provider of a service. each topic  can be explored at many levels with many examples  (e.g., wireless issues surrounding biomedical  devices). this area is broken out because the service  models can be implemented in so many ways with  so many different architectures. remote procedure  calls (rpc) are implemented over many different  connection technologies varying from process-to-process in a single processor to across the internet.  the security concerns are different and the design  tradeoffs change based on implementations and  requirements. ",connection technologies,4,0,0,0,0,0,0,0,0,1,0,0,0,0,0,0,0,0,0
633,"this knowledge unit explores different models used  to implement connectivity between the consumer of  a service and the provider of a service. each topic  can be explored at many levels with many examples  (e.g., wireless issues surrounding biomedical  devices). this area is broken out because the service  models can be implemented in so many ways with  so many different architectures. remote procedure  calls (rpc) are implemented over many different  connection technologies varying from process-to-process in a single processor to across the internet.  the security concerns are different and the design  tradeoffs change based on implementations and  requirements. ",process to process communication,4,0,0,0,0,0,0,0,0,1,0,0,0,0,0,0,0,0,0
634,"this knowledge unit explores different models used  to implement connectivity between the consumer of  a service and the provider of a service. each topic  can be explored at many levels with many examples  (e.g., wireless issues surrounding biomedical  devices). this area is broken out because the service  models can be implemented in so many ways with  so many different architectures. remote procedure  calls (rpc) are implemented over many different  connection technologies varying from process-to-process in a single processor to across the internet.  the security concerns are different and the design  tradeoffs change based on implementations and  requirements. ",internet scale communication,4,0,0,0,0,0,0,0,0,1,0,0,0,0,0,0,0,0,0
635,"this knowledge unit explores different models used  to implement connectivity between the consumer of  a service and the provider of a service. each topic  can be explored at many levels with many examples  (e.g., wireless issues surrounding biomedical  devices). this area is broken out because the service  models can be implemented in so many ways with  so many different architectures. remote procedure  calls (rpc) are implemented over many different  connection technologies varying from process-to-process in a single processor to across the internet.  the security concerns are different and the design  tradeoffs change based on implementations and  requirements. ",security concerns in service models,4,0,0,0,0,0,0,0,0,1,0,0,0,0,0,0,0,0,0
636,"this knowledge unit explores different models used  to implement connectivity between the consumer of  a service and the provider of a service. each topic  can be explored at many levels with many examples  (e.g., wireless issues surrounding biomedical  devices). this area is broken out because the service  models can be implemented in so many ways with  so many different architectures. remote procedure  calls (rpc) are implemented over many different  connection technologies varying from process-to-process in a single processor to across the internet.  the security concerns are different and the design  tradeoffs change based on implementations and  requirements. ",design tradeoffs based on implementations and requirements,4,0,0,0,0,0,0,0,0,1,0,0,0,0,0,0,0,0,0
637,"this knowledge unit explores different models used  to implement connectivity between the consumer of  a service and the provider of a service. each topic  can be explored at many levels with many examples  (e.g., wireless issues surrounding biomedical  devices). this area is broken out because the service  models can be implemented in so many ways with  so many different architectures. remote procedure  calls (rpc) are implemented over many different  connection technologies varying from process-to-process in a single processor to across the internet.  the security concerns are different and the design  tradeoffs change based on implementations and  requirements. ",wireless issues surrounding biomedical devices,4,0,0,0,0,0,0,0,0,1,0,0,0,0,0,0,0,0,0
638,this topic is a network-centric dive into one model  of distributed computing. a service is a process that  provides something to another process based on a  request. ,network centric view,4,0,0,0,0,0,0,0,0,1,0,0,0,0,0,0,0,0,0
639,this topic is a network-centric dive into one model  of distributed computing. a service is a process that  provides something to another process based on a  request. ,distributed computing model,4,0,0,0,0,0,0,0,0,1,0,0,0,0,0,0,0,0,0
640,this topic is a network-centric dive into one model  of distributed computing. a service is a process that  provides something to another process based on a  request. ,service as a process,4,0,0,0,0,0,0,0,0,1,0,0,0,0,0,0,0,0,0
641,this topic is a network-centric dive into one model  of distributed computing. a service is a process that  provides something to another process based on a  request. ,request response mechanism,4,0,0,0,0,0,0,0,0,1,0,0,0,0,0,0,0,0,0
642,"this topic is a network-centric look at how services  are modelled. from a network perspective, the  client initiates a connection and a server responds.  with p2p either side can initiate the request ",client server model,4,0,0,0,0,0,0,0,0,1,0,0,0,0,0,0,0,0,0
643,"this topic is a network-centric look at how services  are modelled. from a network perspective, the  client initiates a connection and a server responds.  with p2p either side can initiate the request ",peer to peer model,4,0,0,0,0,0,0,0,0,1,0,0,0,0,0,0,0,0,0
644,"this topic describes all of the ways components  connect. procedure calls, ipc requests, interface  definition languages with stub code, private  protocols over a socket, everything. ",ipc requests,4,0,0,0,0,0,0,0,0,1,0,0,0,0,0,0,0,0,0
645,"this topic describes all of the ways components  connect. procedure calls, ipc requests, interface  definition languages with stub code, private  protocols over a socket, everything. ",interface definition languages (idls),4,0,0,0,0,0,0,0,0,1,0,0,0,0,0,0,0,0,0
646,"this topic describes all of the ways components  connect. procedure calls, ipc requests, interface  definition languages with stub code, private  protocols over a socket, everything. ",stub code generation,4,0,0,0,0,0,0,0,0,1,0,0,0,0,0,0,0,0,0
647,"this topic describes all of the ways components  connect. procedure calls, ipc requests, interface  definition languages with stub code, private  protocols over a socket, everything. ",private protocols over a socket,4,0,0,0,0,0,0,0,0,1,0,0,0,0,0,0,0,0,0
648,"this topic describes all of the ways components  connect. procedure calls, ipc requests, interface  definition languages with stub code, private  protocols over a socket, everything. ",procedure calls,4,0,0,0,0,0,0,0,0,1,0,0,0,0,0,0,0,0,0
649,"this topic looks at specific services and how their  protocols are implemented. examples are smtp,  http, snmp, rest, corba, etc. specialty  connections such as wireless control of implanted  medical devices can also be examined. ",smtp protocols,4,0,0,0,0,0,0,0,0,1,0,0,0,0,0,0,0,0,0
650,"this topic looks at specific services and how their  protocols are implemented. examples are smtp,  http, snmp, rest, corba, etc. specialty  connections such as wireless control of implanted  medical devices can also be examined. ",http protocols,4,0,0,0,0,0,0,0,0,1,0,0,0,0,0,0,0,0,0
651,"this topic looks at specific services and how their  protocols are implemented. examples are smtp,  http, snmp, rest, corba, etc. specialty  connections such as wireless control of implanted  medical devices can also be examined. ",snmp protocols,4,0,0,0,0,0,0,0,0,1,0,0,0,0,0,0,0,0,0
652,"this topic looks at specific services and how their  protocols are implemented. examples are smtp,  http, snmp, rest, corba, etc. specialty  connections such as wireless control of implanted  medical devices can also be examined. ",rest protocols,4,0,0,0,0,0,0,0,0,1,0,0,0,0,0,0,0,0,0
653,"this topic looks at specific services and how their  protocols are implemented. examples are smtp,  http, snmp, rest, corba, etc. specialty  connections such as wireless control of implanted  medical devices can also be examined. ",corba protocols,4,0,0,0,0,0,0,0,0,1,0,0,0,0,0,0,0,0,0
654,"this topic looks at specific services and how their  protocols are implemented. examples are smtp,  http, snmp, rest, corba, etc. specialty  connections such as wireless control of implanted  medical devices can also be examined. ",wireless control of implanted medical devices connections,4,0,0,0,0,0,0,0,0,1,0,0,0,0,0,0,0,0,0
655,this topic covers service virtualization as a method  to emulate the behavior of specific components such  as cloud-based applications and service-oriented  architecture. ,emulation of cloud based applications,4,0,0,0,0,0,0,0,0,1,0,0,0,0,0,0,0,0,0
656,this topic covers service virtualization as a method  to emulate the behavior of specific components such  as cloud-based applications and service-oriented  architecture. ,service oriented architecture simulation,4,0,0,0,0,0,0,0,0,1,0,0,0,0,0,0,0,0,0
657,this topic covers service virtualization as a method  to emulate the behavior of specific components such  as cloud-based applications and service-oriented  architecture. ,methodology of service virtualization,4,0,0,0,0,0,0,0,0,1,0,0,0,0,0,0,0,0,0
658,"this topic looks at the vulnerabilities and exploits of  client-server, peer-to-peer, and virtualization  network services. common service signatures are  often used for vulnerability profiling. ",client server network services vulnerabilities,4,0,0,0,0,0,0,0,0,1,0,0,0,0,0,0,0,0,0
659,"this topic looks at the vulnerabilities and exploits of  client-server, peer-to-peer, and virtualization  network services. common service signatures are  often used for vulnerability profiling. ",peer to peer network services vulnerabilities,4,0,0,0,0,0,0,0,0,1,0,0,0,0,0,0,0,0,0
660,"this topic looks at the vulnerabilities and exploits of  client-server, peer-to-peer, and virtualization  network services. common service signatures are  often used for vulnerability profiling. ",virtualization network services vulnerabilities,4,0,0,0,0,0,0,0,0,1,0,0,0,0,0,0,0,0,0
661,"this topic looks at the vulnerabilities and exploits of  client-server, peer-to-peer, and virtualization  network services. common service signatures are  often used for vulnerability profiling. ",common service signatures for vulnerability profiling,4,0,0,0,0,0,0,0,0,1,0,0,0,0,0,0,0,0,0
662,this knowledge unit captures current concepts in  network protection. it is likely that the vocabulary  and technology will evolve significantly over time.  the key ideas should include connection vulnerabilities like inserting a tap into a connector  and enabling eavesdropping. all of these provide  vulnerabilities that can be exploited for man-in-the-middle attacks. the idea of base-line capture and  monitoring for deviations from the base needs to be  covered as it applies in several of the specific topics. ,connection vulnerabilities,4,0,0,0,0,0,0,0,0,1,0,0,0,0,0,0,0,0,0
663,this knowledge unit captures current concepts in  network protection. it is likely that the vocabulary  and technology will evolve significantly over time.  the key ideas should include connection vulnerabilities like inserting a tap into a connector  and enabling eavesdropping. all of these provide  vulnerabilities that can be exploited for man-in-the-middle attacks. the idea of base-line capture and  monitoring for deviations from the base needs to be  covered as it applies in several of the specific topics. ,inserting a tap into a connector,4,0,0,0,0,0,0,0,0,1,0,0,0,0,0,0,0,0,0
664,this knowledge unit captures current concepts in  network protection. it is likely that the vocabulary  and technology will evolve significantly over time.  the key ideas should include connection vulnerabilities like inserting a tap into a connector  and enabling eavesdropping. all of these provide  vulnerabilities that can be exploited for man-in-the-middle attacks. the idea of base-line capture and  monitoring for deviations from the base needs to be  covered as it applies in several of the specific topics. ,enabling eavesdropping,4,0,0,0,0,0,0,0,0,1,0,0,0,0,0,0,0,0,0
665,this knowledge unit captures current concepts in  network protection. it is likely that the vocabulary  and technology will evolve significantly over time.  the key ideas should include connection vulnerabilities like inserting a tap into a connector  and enabling eavesdropping. all of these provide  vulnerabilities that can be exploited for man-in-the-middle attacks. the idea of base-line capture and  monitoring for deviations from the base needs to be  covered as it applies in several of the specific topics. ,man in the middle attacks,4,0,0,0,0,0,0,0,0,1,0,0,0,0,0,0,0,0,0
666,this knowledge unit captures current concepts in  network protection. it is likely that the vocabulary  and technology will evolve significantly over time.  the key ideas should include connection vulnerabilities like inserting a tap into a connector  and enabling eavesdropping. all of these provide  vulnerabilities that can be exploited for man-in-the-middle attacks. the idea of base-line capture and  monitoring for deviations from the base needs to be  covered as it applies in several of the specific topics. ,base line capture,4,0,0,0,0,0,0,0,0,1,0,0,0,0,0,0,0,0,0
667,this knowledge unit captures current concepts in  network protection. it is likely that the vocabulary  and technology will evolve significantly over time.  the key ideas should include connection vulnerabilities like inserting a tap into a connector  and enabling eavesdropping. all of these provide  vulnerabilities that can be exploited for man-in-the-middle attacks. the idea of base-line capture and  monitoring for deviations from the base needs to be  covered as it applies in several of the specific topics. ,monitoring for deviations from the base,4,0,0,0,0,0,0,0,0,1,0,0,0,0,0,0,0,0,0
668,this topic covers ways to help the network defend  itself from unauthorized access. ,physical security of network hardware,4,0,0,0,0,0,0,0,0,1,0,0,0,0,0,0,0,0,0
669,this topic covers ways to help the network defend  itself from unauthorized access. ,secure configuration of devices,4,0,0,0,0,0,0,0,0,1,0,0,0,0,0,0,0,0,0
670,this topic covers ways to help the network defend  itself from unauthorized access. ,patch management,4,0,0,0,0,0,0,0,0,1,0,0,0,0,0,0,0,0,0
671,this topic covers ways to help the network defend  itself from unauthorized access. ,network segmentation,4,0,0,0,0,0,0,0,0,1,0,0,0,0,0,0,0,0,0
672,this topic covers ways to help the network defend  itself from unauthorized access. ,access control and authentication,4,0,0,0,0,0,0,0,0,1,0,0,0,0,0,0,0,0,0
673,this topic covers ways to help the network defend  itself from unauthorized access. ,encryption,4,0,0,0,0,0,0,0,0,1,0,0,0,0,0,0,0,0,0
674,this topic covers ways to help the network defend  itself from unauthorized access. ,monitoring and logging,4,0,0,0,0,0,0,0,0,1,0,0,0,0,0,0,0,0,0
675,this topic covers intrusion detection and intrusion  prevention services. these services audit the  network traffic. ,intrusion detection services,4,0,0,0,0,0,0,0,0,1,0,0,0,0,0,0,0,0,0
676,this topic covers intrusion detection and intrusion  prevention services. these services audit the  network traffic. ,intrusion prevention services,4,0,0,0,0,0,0,0,0,1,0,0,0,0,0,0,0,0,0
677,this topic covers intrusion detection and intrusion  prevention services. these services audit the  network traffic. ,auditing network traffic,4,0,0,0,0,0,0,0,0,1,0,0,0,0,0,0,0,0,0
678,this topic covers the installation and use of firewalls and virtual private networks ,installation of firewalls,4,0,0,0,0,0,0,0,0,1,0,0,0,0,0,0,0,0,0
679,this topic covers the installation and use of firewalls and virtual private networks ,use of firewalls,4,0,0,0,0,0,0,0,0,1,0,0,0,0,0,0,0,0,0
680,this topic covers the installation and use of firewalls and virtual private networks ,installation of virtual private networks,4,0,0,0,0,0,0,0,0,1,0,0,0,0,0,0,0,0,0
681,this topic covers the installation and use of firewalls and virtual private networks ,use of virtual private networks,4,0,0,0,0,0,0,0,0,1,0,0,0,0,0,0,0,0,0
682,this topic introduces the idea that defenses must be  layered. ,layered defenses,4,0,0,0,0,0,0,0,0,1,0,0,0,0,0,0,0,0,0
683,this topic introduces the idea that defenses must be  layered. ,defense in depth concept,4,0,0,0,0,0,0,0,0,1,0,0,0,0,0,0,0,0,0
684,this topic introduces the idea of providing  intentionally vulnerable networks and devices in  isolated networks so that they can be watched and  analyzed as they are attacked ,definition of honeypots,4,0,0,0,0,0,0,0,0,1,0,0,0,0,0,0,0,0,0
685,this topic introduces the idea of providing  intentionally vulnerable networks and devices in  isolated networks so that they can be watched and  analyzed as they are attacked ,definition of honeynets,4,0,0,0,0,0,0,0,0,1,0,0,0,0,0,0,0,0,0
686,this topic introduces the idea of providing  intentionally vulnerable networks and devices in  isolated networks so that they can be watched and  analyzed as they are attacked ,purpose of using honeypots and honeynets,4,0,0,0,0,0,0,0,0,1,0,0,0,0,0,0,0,0,0
687,this topic introduces the idea of providing  intentionally vulnerable networks and devices in  isolated networks so that they can be watched and  analyzed as they are attacked ,types of honeypots,4,0,0,0,0,0,0,0,0,1,0,0,0,0,0,0,0,0,0
688,this topic introduces the idea of providing  intentionally vulnerable networks and devices in  isolated networks so that they can be watched and  analyzed as they are attacked ,types of honeynets,4,0,0,0,0,0,0,0,0,1,0,0,0,0,0,0,0,0,0
689,this topic introduces the idea of providing  intentionally vulnerable networks and devices in  isolated networks so that they can be watched and  analyzed as they are attacked ,deployment strategies for honeypots and honeynets,4,0,0,0,0,0,0,0,0,1,0,0,0,0,0,0,0,0,0
690,this topic introduces the idea of providing  intentionally vulnerable networks and devices in  isolated networks so that they can be watched and  analyzed as they are attacked ,benefits of using honeypots and honeynets,4,0,0,0,0,0,0,0,0,1,0,0,0,0,0,0,0,0,0
691,this topic introduces the idea of providing  intentionally vulnerable networks and devices in  isolated networks so that they can be watched and  analyzed as they are attacked ,limitations of honeypots and honeynets,4,0,0,0,0,0,0,0,0,1,0,0,0,0,0,0,0,0,0
692,this topic introduces the idea of providing  intentionally vulnerable networks and devices in  isolated networks so that they can be watched and  analyzed as they are attacked ,legal and ethical considerations,4,0,0,0,0,0,0,0,0,1,0,0,0,0,0,0,0,0,0
693,this topic introduces the idea of providing  intentionally vulnerable networks and devices in  isolated networks so that they can be watched and  analyzed as they are attacked ,case studies of successful use of honeypots and honeynets,4,0,0,0,0,0,0,0,0,1,0,0,0,0,0,0,0,0,0
694,this topic covers the tools and techniques for  monitoring network devices and their associated  logs. ,tools for network monitoring,4,0,0,0,0,0,0,0,0,1,0,0,0,0,0,0,0,0,0
695,this topic covers the tools and techniques for  monitoring network devices and their associated  logs. ,techniques for network monitoring,4,0,0,0,0,0,0,0,0,1,0,0,0,0,0,0,0,0,0
696,this topic covers the tools and techniques for  monitoring network devices and their associated  logs. ,network device monitoring,4,0,0,0,0,0,0,0,0,1,0,0,0,0,0,0,0,0,0
697,this topic covers the tools and techniques for  monitoring network devices and their associated  logs. ,analysis of network logs,4,0,0,0,0,0,0,0,0,1,0,0,0,0,0,0,0,0,0
698,this topic covers the tools and techniques for  capturing and analyzing the packets flowing through  the network. research topic in this area include  threat hunting and attack pattern detection. ,tools for capturing network packets,4,0,0,0,0,0,0,0,0,1,0,0,0,0,0,0,0,0,0
699,this topic covers the tools and techniques for  capturing and analyzing the packets flowing through  the network. research topic in this area include  threat hunting and attack pattern detection. ,techniques for analyzing network traffic,4,0,0,0,0,0,0,0,0,1,0,0,0,0,0,0,0,0,0
700,this topic covers the tools and techniques for  capturing and analyzing the packets flowing through  the network. research topic in this area include  threat hunting and attack pattern detection. ,threat hunting methodologies,4,0,0,0,0,0,0,0,0,1,0,0,0,0,0,0,0,0,0
701,this topic covers the tools and techniques for  capturing and analyzing the packets flowing through  the network. research topic in this area include  threat hunting and attack pattern detection. ,attack pattern detection approaches,4,0,0,0,0,0,0,0,0,1,0,0,0,0,0,0,0,0,0
702,this topic covers the tools and techniques for  finding and mitigating vulnerabilities through  looking at potential weaknesses. ,tools for identifying vulnerabilities,4,0,0,0,0,0,0,0,0,1,0,0,0,0,0,0,0,0,0
703,this topic covers the tools and techniques for  finding and mitigating vulnerabilities through  looking at potential weaknesses. ,techniques for assessing attack surface,4,0,0,0,0,0,0,0,0,1,0,0,0,0,0,0,0,0,0
704,this topic covers the tools and techniques for  finding and mitigating vulnerabilities through  looking at potential weaknesses. ,mitigating known vectors of attack,4,0,0,0,0,0,0,0,0,1,0,0,0,0,0,0,0,0,0
705,this topic covers the tools and techniques for  finding and mitigating vulnerabilities through  looking at potential weaknesses. ,vulnerability management processes,4,0,0,0,0,0,0,0,0,1,0,0,0,0,0,0,0,0,0
706,this topic covers the tools and techniques for  finding and mitigating vulnerabilities through  looking at potential weaknesses. ,security hardening practices,4,0,0,0,0,0,0,0,0,1,0,0,0,0,0,0,0,0,0
707,"this topic covers tools and techniques for limiting  the flow of packets based upon rules for packet  content. examples include network admission  control techniques; machine certificates; machine  profiling techniques; probing with snmp, dhcp,  http, dns, ldap, and nmap. ",network admission control techniques,4,0,0,0,0,0,0,0,0,1,0,0,0,0,0,0,0,0,0
708,"this topic covers tools and techniques for limiting  the flow of packets based upon rules for packet  content. examples include network admission  control techniques; machine certificates; machine  profiling techniques; probing with snmp, dhcp,  http, dns, ldap, and nmap. ",machine certificates,4,0,0,0,0,0,0,0,0,1,0,0,0,0,0,0,0,0,0
709,"this topic covers tools and techniques for limiting  the flow of packets based upon rules for packet  content. examples include network admission  control techniques; machine certificates; machine  profiling techniques; probing with snmp, dhcp,  http, dns, ldap, and nmap. ",machine profiling techniques,4,0,0,0,0,0,0,0,0,1,0,0,0,0,0,0,0,0,0
710,"this topic covers tools and techniques for limiting  the flow of packets based upon rules for packet  content. examples include network admission  control techniques; machine certificates; machine  profiling techniques; probing with snmp, dhcp,  http, dns, ldap, and nmap. ",probing with snmp,4,0,0,0,0,0,0,0,0,1,0,0,0,0,0,0,0,0,0
711,"this topic covers tools and techniques for limiting  the flow of packets based upon rules for packet  content. examples include network admission  control techniques; machine certificates; machine  profiling techniques; probing with snmp, dhcp,  http, dns, ldap, and nmap. ",probing with dhcp,4,0,0,0,0,0,0,0,0,1,0,0,0,0,0,0,0,0,0
712,"this topic covers tools and techniques for limiting  the flow of packets based upon rules for packet  content. examples include network admission  control techniques; machine certificates; machine  profiling techniques; probing with snmp, dhcp,  http, dns, ldap, and nmap. ",probing with http,4,0,0,0,0,0,0,0,0,1,0,0,0,0,0,0,0,0,0
713,"this topic covers tools and techniques for limiting  the flow of packets based upon rules for packet  content. examples include network admission  control techniques; machine certificates; machine  profiling techniques; probing with snmp, dhcp,  http, dns, ldap, and nmap. ",probing with dns,4,0,0,0,0,0,0,0,0,1,0,0,0,0,0,0,0,0,0
714,"this topic covers tools and techniques for limiting  the flow of packets based upon rules for packet  content. examples include network admission  control techniques; machine certificates; machine  profiling techniques; probing with snmp, dhcp,  http, dns, ldap, and nmap. ",probing with ldap,4,0,0,0,0,0,0,0,0,1,0,0,0,0,0,0,0,0,0
715,"this topic covers tools and techniques for limiting  the flow of packets based upon rules for packet  content. examples include network admission  control techniques; machine certificates; machine  profiling techniques; probing with snmp, dhcp,  http, dns, ldap, and nmap. ",probing with nmap,4,0,0,0,0,0,0,0,0,1,0,0,0,0,0,0,0,0,0
716,this topic covers tools and techniques for  implementing defense in depth using isolated  networks and special servers. ,perimeter networks,4,0,0,0,0,0,0,0,0,1,0,0,0,0,0,0,0,0,0
717,this topic covers tools and techniques for  implementing defense in depth using isolated  networks and special servers. ,demilitarized zones (dmzs),4,0,0,0,0,0,0,0,0,1,0,0,0,0,0,0,0,0,0
718,this topic covers tools and techniques for  implementing defense in depth using isolated  networks and special servers. ,defense in depth,4,0,0,0,0,0,0,0,0,1,0,0,0,0,0,0,0,0,0
719,this topic covers tools and techniques for  implementing defense in depth using isolated  networks and special servers. ,isolated networks,4,0,0,0,0,0,0,0,0,1,0,0,0,0,0,0,0,0,0
720,this topic covers tools and techniques for  implementing defense in depth using isolated  networks and special servers. ,proxy servers,4,0,0,0,0,0,0,0,0,1,0,0,0,0,0,0,0,0,0
721,this topic covers the creation of policies that  provide guidance and requirements for the services  provided by the network along with the measures to  be used to see that the policies are followed. ,creation of network policies,4,0,0,0,0,0,0,0,0,1,0,0,0,0,0,0,0,0,0
722,this topic covers the creation of policies that  provide guidance and requirements for the services  provided by the network along with the measures to  be used to see that the policies are followed. ,guidance and requirements for network services,4,0,0,0,0,0,0,0,0,1,0,0,0,0,0,0,0,0,0
723,this topic covers the creation of policies that  provide guidance and requirements for the services  provided by the network along with the measures to  be used to see that the policies are followed. ,measures for policy enforcement,4,0,0,0,0,0,0,0,0,1,0,0,0,0,0,0,0,0,0
724,this topic discusses the creation of procedures that  are used to operate the network ,creation of network operating procedures,4,0,0,0,0,0,0,0,0,1,0,0,0,0,0,0,0,0,0
725,this topic discusses the creation of procedures that  are used to operate the network ,types of network operations,4,0,0,0,0,0,0,0,0,1,0,0,0,0,0,0,0,0,0
726,this topic discusses the creation of procedures that  are used to operate the network ,implementation of network operational procedures,4,0,0,0,0,0,0,0,0,1,0,0,0,0,0,0,0,0,0
727,this topic discusses the creation of procedures that  are used to operate the network ,maintenance and updates of network procedures,4,0,0,0,0,0,0,0,0,1,0,0,0,0,0,0,0,0,0
728,this topic discusses the creation of procedures that  are used to operate the network ,monitoring network operations effectiveness,4,0,0,0,0,0,0,0,0,1,0,0,0,0,0,0,0,0,0
729,this topic covers the tools and techniques used to test the network by actually attempting to exploit  vulnerabilities.  ,session hijacking,4,0,0,0,0,0,0,0,0,1,0,0,0,0,0,0,0,0,0
730,this topic covers the tools and techniques used to test the network by actually attempting to exploit  vulnerabilities.  ,man in the middle attacks,4,0,0,0,0,0,0,0,0,1,0,0,0,0,0,0,0,0,0
731,this topic covers the tools and techniques used to test the network by actually attempting to exploit  vulnerabilities.  ,tools for network testing,4,0,0,0,0,0,0,0,0,1,0,0,0,0,0,0,0,0,0
732,this topic covers the tools and techniques used to test the network by actually attempting to exploit  vulnerabilities.  ,techniques for exploiting vulnerabilities,4,0,0,0,0,0,0,0,0,1,0,0,0,0,0,0,0,0,0
733,this topic covers how proactive threat hunting uses  machine learning to detect patterns in attack vectors. ,proactive threat hunting,4,0,0,0,0,0,0,0,0,1,0,0,0,0,0,0,0,0,0
734,this topic covers how proactive threat hunting uses  machine learning to detect patterns in attack vectors. ,machine learning in threat detection,4,0,0,0,0,0,0,0,0,1,0,0,0,0,0,0,0,0,0
735,this topic covers how proactive threat hunting uses  machine learning to detect patterns in attack vectors. ,attack vector analysis,4,0,0,0,0,0,0,0,0,1,0,0,0,0,0,0,0,0,0
736,this topic covers how proactive threat hunting uses  machine learning to detect patterns in attack vectors. ,pattern recognition in cybersecurity,4,0,0,0,0,0,0,0,0,1,0,0,0,0,0,0,0,0,0
737, ,ease provide the description for the topic., ,0,0,0,0,0,0,0,0,0,0,0,0,0,0,0,0,0,1
738,"this knowledge unit introduces the student to  thinking of the system as a whole, rather than  simply a number of connected components.  ",system thinking,5,0,0,0,0,0,0,0,0,0,0,1,0,0,0,0,0,0,0
739,"this knowledge unit introduces the student to  thinking of the system as a whole, rather than  simply a number of connected components.  ",holistic approach,5,0,0,0,0,0,0,0,0,0,0,1,0,0,0,0,0,0,0
740,"this knowledge unit introduces the student to  thinking of the system as a whole, rather than  simply a number of connected components.  ",connected components,5,0,0,0,0,0,0,0,0,0,0,1,0,0,0,0,0,0,0
741,this topic discusses the definition of system and  how it depends on context ,definition of system,5,0,0,0,0,0,0,0,0,0,0,1,0,0,0,0,0,0,0
742,this topic discusses the definition of system and  how it depends on context ,context dependency of system,5,0,0,0,0,0,0,0,0,0,0,1,0,0,0,0,0,0,0
743,this topic focuses on the value of having good  systems engineering artifacts in order to inform  security risk management ,value of systems engineering artifacts,5,0,0,0,0,0,0,0,0,0,0,1,0,0,0,0,0,0,0
744,this topic focuses on the value of having good  systems engineering artifacts in order to inform  security risk management ,informing security risk management,5,0,0,0,0,0,0,0,0,0,0,1,0,0,0,0,0,0,0
745,"this topic covers viewing the system as a whole  rather than as simply a collection of interconnected  components. for example, viewing the human,  organizational and environmental considerations of  the whole as opposed to viewing each individual  component and connection and how they affect the  view of risk. ",viewing the human considerations as part of the whole,5,0,0,0,0,0,0,0,0,0,0,1,0,0,0,0,0,0,0
746,"this topic covers viewing the system as a whole  rather than as simply a collection of interconnected  components. for example, viewing the human,  organizational and environmental considerations of  the whole as opposed to viewing each individual  component and connection and how they affect the  view of risk. ",viewing organizational considerations as part of the whole,5,0,0,0,0,0,0,0,0,0,0,1,0,0,0,0,0,0,0
747,"this topic covers viewing the system as a whole  rather than as simply a collection of interconnected  components. for example, viewing the human,  organizational and environmental considerations of  the whole as opposed to viewing each individual  component and connection and how they affect the  view of risk. ",viewing environmental considerations as part of the whole,5,0,0,0,0,0,0,0,0,0,0,1,0,0,0,0,0,0,0
748,"this topic covers viewing the system as a whole  rather than as simply a collection of interconnected  components. for example, viewing the human,  organizational and environmental considerations of  the whole as opposed to viewing each individual  component and connection and how they affect the  view of risk. ",understanding the impact of interconnected components on risk,5,0,0,0,0,0,0,0,0,0,0,1,0,0,0,0,0,0,0
749,"this topic covers viewing the system as a whole  rather than as simply a collection of interconnected  components. for example, viewing the human,  organizational and environmental considerations of  the whole as opposed to viewing each individual  component and connection and how they affect the  view of risk. ",holistic risk management,5,0,0,0,0,0,0,0,0,0,0,1,0,0,0,0,0,0,0
750,"this topic covers viewing the system as a whole  rather than as simply a collection of interconnected  components. for example, viewing the human,  organizational and environmental considerations of  the whole as opposed to viewing each individual  component and connection and how they affect the  view of risk. ",systems thinking approach,5,0,0,0,0,0,0,0,0,0,0,1,0,0,0,0,0,0,0
751,this topic covers the security considerations of  computing and of systems in general. ,security considerations for computing systems,5,0,0,0,0,0,0,0,0,0,0,1,0,0,0,0,0,0,0
752,this topic covers the security considerations of  computing and of systems in general. ,general security measures for systems,5,0,0,0,0,0,0,0,0,0,0,1,0,0,0,0,0,0,0
753,this topic covers security considerations derived  from the purposes to which the system is put. ,security requirements based on system purpose,5,0,0,0,0,0,0,0,0,0,0,1,0,0,0,0,0,0,0
754,this topic covers security considerations derived  from the purposes to which the system is put. ,specialized security measures for specific applications,5,0,0,0,0,0,0,0,0,0,0,1,0,0,0,0,0,0,0
755,this topic covers security considerations derived  from the purposes to which the system is put. ,considerations for secure system design tailored to function,5,0,0,0,0,0,0,0,0,0,0,1,0,0,0,0,0,0,0
756,"this topic covers what security problems can arise  and how they might be realized, detected, and  mitigated. ",security problems arising,5,0,0,0,0,0,0,0,0,0,0,1,0,0,0,0,0,0,0
757,"this topic covers what security problems can arise  and how they might be realized, detected, and  mitigated. ",realization of security problems,5,0,0,0,0,0,0,0,0,0,0,1,0,0,0,0,0,0,0
758,"this topic covers what security problems can arise  and how they might be realized, detected, and  mitigated. ",detection of security issues,5,0,0,0,0,0,0,0,0,0,0,1,0,0,0,0,0,0,0
759,"this topic covers what security problems can arise  and how they might be realized, detected, and  mitigated. ",mitigation strategies,5,0,0,0,0,0,0,0,0,0,0,1,0,0,0,0,0,0,0
760,"this topic presents requirements derivation and  validation throughout the system lifecycle,  including in various methodologies such as the  waterfall and agile development methodologies. ",requirements derivation,5,0,0,0,0,0,0,0,0,0,0,1,0,0,0,0,0,0,0
761,"this topic presents requirements derivation and  validation throughout the system lifecycle,  including in various methodologies such as the  waterfall and agile development methodologies. ",requirements validation,5,0,0,0,0,0,0,0,0,0,0,1,0,0,0,0,0,0,0
762,"this topic presents requirements derivation and  validation throughout the system lifecycle,  including in various methodologies such as the  waterfall and agile development methodologies. ",waterfall methodology,5,0,0,0,0,0,0,0,0,0,0,1,0,0,0,0,0,0,0
763,"this topic presents requirements derivation and  validation throughout the system lifecycle,  including in various methodologies such as the  waterfall and agile development methodologies. ",agile development methodology,5,0,0,0,0,0,0,0,0,0,0,1,0,0,0,0,0,0,0
764,"the software security knowledge area covers these  principles in detail, but they also apply here. ",software security principles,"5,2 ",0,0,0,1,0,0,0,0,0,0,1,0,0,0,0,0,0,0
765,"the software security knowledge area covers these  principles in detail, but they also apply here. ",fundamental concepts in security,"5,2 ",0,0,0,1,0,0,0,0,0,0,1,0,0,0,0,0,0,0
766,this topic covers designing systems for ease and  effectiveness of testing. ,designing systems with testability in mind,5,0,0,0,0,0,0,0,0,0,0,1,0,0,0,0,0,0,0
767,this topic covers designing systems for ease and  effectiveness of testing. ,incorporating testing frameworks and tools,5,0,0,0,0,0,0,0,0,0,0,1,0,0,0,0,0,0,0
768,this topic covers designing systems for ease and  effectiveness of testing. ,creating modular and decoupled components,5,0,0,0,0,0,0,0,0,0,0,1,0,0,0,0,0,0,0
769,this topic covers designing systems for ease and  effectiveness of testing. ,implementing logging and monitoring,5,0,0,0,0,0,0,0,0,0,0,1,0,0,0,0,0,0,0
770,this topic covers designing systems for ease and  effectiveness of testing. ,writing clear and maintainable code,5,0,0,0,0,0,0,0,0,0,0,1,0,0,0,0,0,0,0
771,this topic covers designing systems for ease and  effectiveness of testing. ,conducting regular code reviews,5,0,0,0,0,0,0,0,0,0,0,1,0,0,0,0,0,0,0
772,this topic covers designing systems for ease and  effectiveness of testing. ,establishing automated testing processes,5,0,0,0,0,0,0,0,0,0,0,1,0,0,0,0,0,0,0
773,this topic covers designing systems for ease and  effectiveness of testing. ,integrating continuous integration continuous deployment (ci cd),5,0,0,0,0,0,0,0,0,0,0,1,0,0,0,0,0,0,0
774,this knowledge unit describes techniques for  including security considerations throughout the  management of the system. ,security considerations in system management,5,0,0,0,0,0,0,0,0,0,0,1,0,0,0,0,0,0,0
775,this knowledge unit describes techniques for  including security considerations throughout the  management of the system. ,techniques for integrating security,5,0,0,0,0,0,0,0,0,0,0,1,0,0,0,0,0,0,0
776,this knowledge unit describes techniques for  including security considerations throughout the  management of the system. ,management of system security throughout its lifecycle,5,0,0,0,0,0,0,0,0,0,0,1,0,0,0,0,0,0,0
777,"this topic includes examples such as belllapadula, clark-wilson, chinese wall, and  clinical information systems security ",bell lapadula model,5,0,0,0,0,0,0,0,0,0,0,1,0,0,0,0,0,0,0
778,"this topic includes examples such as belllapadula, clark-wilson, chinese wall, and  clinical information systems security ",clark wilson model,5,0,0,0,0,0,0,0,0,0,0,1,0,0,0,0,0,0,0
779,"this topic includes examples such as belllapadula, clark-wilson, chinese wall, and  clinical information systems security ",chinese wall model,5,0,0,0,0,0,0,0,0,0,0,1,0,0,0,0,0,0,0
780,"this topic includes examples such as belllapadula, clark-wilson, chinese wall, and  clinical information systems security ",clinical information systems security,5,0,0,0,0,0,0,0,0,0,0,1,0,0,0,0,0,0,0
781,this topic covers restrictiveness. ,restrictiveness,5,0,0,0,0,0,0,0,0,0,0,1,0,0,0,0,0,0,0
782,"this topic includes data mining, machine learning  and related techniques, and their benefits and  limitations ",data mining,5,0,0,0,0,0,0,0,0,0,0,1,0,0,0,0,0,0,0
783,"this topic includes data mining, machine learning  and related techniques, and their benefits and  limitations ",machine learning,5,0,0,0,0,0,0,0,0,0,0,1,0,0,0,0,0,0,0
784,"this topic includes data mining, machine learning  and related techniques, and their benefits and  limitations ",benefits of automation,5,0,0,0,0,0,0,0,0,0,0,1,0,0,0,0,0,0,0
785,"this topic includes data mining, machine learning  and related techniques, and their benefits and  limitations ",limitations of automation,5,0,0,0,0,0,0,0,0,0,0,1,0,0,0,0,0,0,0
786,"this topic includes the security issues patching  raises such as whether to patch a system, and  patching a running system, as well as how to handle  vulnerability reports ",security issues related to patching,"5,2 ",0,0,0,1,0,0,0,0,0,0,1,0,0,0,0,0,0,0
787,"this topic includes the security issues patching  raises such as whether to patch a system, and  patching a running system, as well as how to handle  vulnerability reports ",decision making process for patching a system,"5,2 ",0,0,0,1,0,0,0,0,0,0,1,0,0,0,0,0,0,0
788,"this topic includes the security issues patching  raises such as whether to patch a system, and  patching a running system, as well as how to handle  vulnerability reports ",patching a running system,"5,2 ",0,0,0,1,0,0,0,0,0,0,1,0,0,0,0,0,0,0
789,"this topic includes the security issues patching  raises such as whether to patch a system, and  patching a running system, as well as how to handle  vulnerability reports ",handling vulnerability reports,"5,2 ",0,0,0,1,0,0,0,0,0,0,1,0,0,0,0,0,0,0
790,"this topic includes security in operation, and the  importance of usability considerations ",security in operation,5,0,0,0,0,0,0,0,0,0,0,1,0,0,0,0,0,0,0
791,"this topic includes security in operation, and the  importance of usability considerations ",usability considerations,5,0,0,0,0,0,0,0,0,0,0,1,0,0,0,0,0,0,0
792,this topic describes the security considerations  when installing and removing a system. ,security considerations during installation,5,0,0,0,0,0,0,0,0,0,0,1,0,0,0,0,0,0,0
793,this topic describes the security considerations  when installing and removing a system. ,security considerations during removal,5,0,0,0,0,0,0,0,0,0,0,1,0,0,0,0,0,0,0
794,this topic describes the security considerations  when installing and removing a system. ,access control during commissioning,5,0,0,0,0,0,0,0,0,0,0,1,0,0,0,0,0,0,0
795,this topic describes the security considerations  when installing and removing a system. ,access control during decommissioning,5,0,0,0,0,0,0,0,0,0,0,1,0,0,0,0,0,0,0
796,this topic describes the security considerations  when installing and removing a system. ,data protection during commissioning,5,0,0,0,0,0,0,0,0,0,0,1,0,0,0,0,0,0,0
797,this topic describes the security considerations  when installing and removing a system. ,data protection during decommissioning,5,0,0,0,0,0,0,0,0,0,0,1,0,0,0,0,0,0,0
798,this topic describes the security considerations  when installing and removing a system. ,network configuration during commissioning,5,0,0,0,0,0,0,0,0,0,0,1,0,0,0,0,0,0,0
799,this topic describes the security considerations  when installing and removing a system. ,network configuration during decommissioning,5,0,0,0,0,0,0,0,0,0,0,1,0,0,0,0,0,0,0
800,this topic describes the security considerations  when installing and removing a system. ,physical security during commissioning,5,0,0,0,0,0,0,0,0,0,0,1,0,0,0,0,0,0,0
801,this topic describes the security considerations  when installing and removing a system. ,physical security during decommissioning,5,0,0,0,0,0,0,0,0,0,0,1,0,0,0,0,0,0,0
802,"this topic includes examples of insider threats such  as data exfiltration and sabotage, and covers  countermeasures.  ",data exfiltration,5,0,0,0,0,0,0,0,0,0,0,1,0,0,0,0,0,0,0
803,"this topic includes examples of insider threats such  as data exfiltration and sabotage, and covers  countermeasures.  ",sabotage,5,0,0,0,0,0,0,0,0,0,0,1,0,0,0,0,0,0,0
804,"this topic includes examples of insider threats such  as data exfiltration and sabotage, and covers  countermeasures.  ",countermeasures,5,0,0,0,0,0,0,0,0,0,0,1,0,0,0,0,0,0,0
805,this topic covers security and assurance  documentation as well as installation and user  guides focused on the system itself. ,security documentation,5,0,0,0,0,0,0,0,0,0,0,1,0,0,0,0,0,0,0
806,this topic covers security and assurance  documentation as well as installation and user  guides focused on the system itself. ,assurance documentation,5,0,0,0,0,0,0,0,0,0,0,1,0,0,0,0,0,0,0
807,this topic covers security and assurance  documentation as well as installation and user  guides focused on the system itself. ,installation guides,5,0,0,0,0,0,0,0,0,0,0,1,0,0,0,0,0,0,0
808,this topic covers security and assurance  documentation as well as installation and user  guides focused on the system itself. ,user guides,5,0,0,0,0,0,0,0,0,0,0,1,0,0,0,0,0,0,0
809,this topic discusses procedures that are used to  manage systems. ,procedures for system management,5,0,0,0,0,0,0,0,0,0,0,1,0,0,0,0,0,0,0
810,this topic discusses procedures that are used to  manage systems. ,types of systems managed,5,0,0,0,0,0,0,0,0,0,0,1,0,0,0,0,0,0,0
811,this topic discusses procedures that are used to  manage systems. ,importance of procedures in system management,5,0,0,0,0,0,0,0,0,0,0,1,0,0,0,0,0,0,0
812,"this knowledge unit introduces security  considerations about controlling access to systems.  it deals with the identification of entities, and  confirmation of that identification to the desired  level of granularity. topics overlap with the human  security knowledge area, but the focus here is on  the system elements and not the human ones. ",security considerations for access control,"5,6 ",0,0,0,0,0,0,0,0,0,0,1,0,0,1,0,0,0,0
813,"this knowledge unit introduces security  considerations about controlling access to systems.  it deals with the identification of entities, and  confirmation of that identification to the desired  level of granularity. topics overlap with the human  security knowledge area, but the focus here is on  the system elements and not the human ones. ",identification of entities,"5,6 ",0,0,0,0,0,0,0,0,0,0,1,0,0,1,0,0,0,0
814,"this knowledge unit introduces security  considerations about controlling access to systems.  it deals with the identification of entities, and  confirmation of that identification to the desired  level of granularity. topics overlap with the human  security knowledge area, but the focus here is on  the system elements and not the human ones. ",confirmation of entity identification,"5,6 ",0,0,0,0,0,0,0,0,0,0,1,0,0,1,0,0,0,0
815,"this knowledge unit introduces security  considerations about controlling access to systems.  it deals with the identification of entities, and  confirmation of that identification to the desired  level of granularity. topics overlap with the human  security knowledge area, but the focus here is on  the system elements and not the human ones. ",granularity of access control,"5,6 ",0,0,0,0,0,0,0,0,0,0,1,0,0,1,0,0,0,0
816,"this knowledge unit introduces security  considerations about controlling access to systems.  it deals with the identification of entities, and  confirmation of that identification to the desired  level of granularity. topics overlap with the human  security knowledge area, but the focus here is on  the system elements and not the human ones. ",relationship with human security knowledge area,"5,6 ",0,0,0,0,0,0,0,0,0,0,1,0,0,1,0,0,0,0
817,"authentication methods refers to human-to-system  or system-to-system authentication; examples  include passwords, biometrics, dongles, and single  sign-on. ",human to system authentication,"5,6 ",0,0,0,0,0,0,0,0,0,0,1,0,0,1,0,0,0,0
818,"authentication methods refers to human-to-system  or system-to-system authentication; examples  include passwords, biometrics, dongles, and single  sign-on. ",system to system authentication,"5,6 ",0,0,0,0,0,0,0,0,0,0,1,0,0,1,0,0,0,0
819,"authentication methods refers to human-to-system  or system-to-system authentication; examples  include passwords, biometrics, dongles, and single  sign-on. ",passwords,"5,6 ",0,0,0,0,0,0,0,0,0,0,1,0,0,1,0,0,0,0
820,"authentication methods refers to human-to-system  or system-to-system authentication; examples  include passwords, biometrics, dongles, and single  sign-on. ",biometrics,"5,6 ",0,0,0,0,0,0,0,0,0,0,1,0,0,1,0,0,0,0
821,"authentication methods refers to human-to-system  or system-to-system authentication; examples  include passwords, biometrics, dongles, and single  sign-on. ",dongles,"5,6 ",0,0,0,0,0,0,0,0,0,0,1,0,0,1,0,0,0,0
822,"authentication methods refers to human-to-system  or system-to-system authentication; examples  include passwords, biometrics, dongles, and single  sign-on. ",single sign on,"5,6 ",0,0,0,0,0,0,0,0,0,0,1,0,0,1,0,0,0,0
823,"how is identity represented to the system? this  topic includes roles as well as names, etc. ",representation of roles in the system,"5,6 ",0,0,0,0,0,0,0,0,0,0,1,0,0,1,0,0,0,0
824,"how is identity represented to the system? this  topic includes roles as well as names, etc. ",use of names in identifying users,"5,6 ",0,0,0,0,0,0,0,0,0,0,1,0,0,1,0,0,0,0
825,"how is identity represented to the system? this  topic includes roles as well as names, etc. ",methods for assigning identities,"5,6 ",0,0,0,0,0,0,0,0,0,0,1,0,0,1,0,0,0,0
826,"how is identity represented to the system? this  topic includes roles as well as names, etc. ",impact of identity representation on system security,"5,6 ",0,0,0,0,0,0,0,0,0,0,1,0,0,1,0,0,0,0
827,"how is identity represented to the system? this  topic includes roles as well as names, etc. ",role based access control systems,"5,6 ",0,0,0,0,0,0,0,0,0,0,1,0,0,1,0,0,0,0
828,"this knowledge unit examines the security  considerations involved in controlling the system  itself. it includes detecting, compensating for,  defending against, and preventing attacks. ",detecting attacks,5,0,0,0,0,0,0,0,0,0,0,1,0,0,0,0,0,0,0
829,"this knowledge unit examines the security  considerations involved in controlling the system  itself. it includes detecting, compensating for,  defending against, and preventing attacks. ",compensating for attacks,5,0,0,0,0,0,0,0,0,0,0,1,0,0,0,0,0,0,0
830,"this knowledge unit examines the security  considerations involved in controlling the system  itself. it includes detecting, compensating for,  defending against, and preventing attacks. ",defending against attacks,5,0,0,0,0,0,0,0,0,0,0,1,0,0,0,0,0,0,0
831,"this knowledge unit examines the security  considerations involved in controlling the system  itself. it includes detecting, compensating for,  defending against, and preventing attacks. ",preventing attacks,5,0,0,0,0,0,0,0,0,0,0,1,0,0,0,0,0,0,0
832,"this topic focuses on controlling access to  resources, and the integrity of the controls, rather  than their controlling access to data, which is  covered in the data security knowledge area. ",controlling access to resources,"5,1 ",0,1,0,0,0,0,0,0,0,0,1,0,0,0,0,0,0,0
833,"this topic focuses on controlling access to  resources, and the integrity of the controls, rather  than their controlling access to data, which is  covered in the data security knowledge area. ",integrity of access controls,"5,1 ",0,1,0,0,0,0,0,0,0,0,1,0,0,0,0,0,0,0
834,"this topic covers the management of authorization  across many systems, and the distinction between  authentication and authorization ",management of authorization across systems,5,0,0,0,0,0,0,0,0,0,0,1,0,0,0,0,0,0,0
835,"this topic covers the management of authorization  across many systems, and the distinction between  authentication and authorization ",distinction between authentication and authorization,5,0,0,0,0,0,0,0,0,0,0,1,0,0,0,0,0,0,0
836,"this topic covers anomaly, misuse (rule-based,  signature-based) and specification-based  techniques ",anomaly techniques,5,0,0,0,0,0,0,0,0,0,0,1,0,0,0,0,0,0,0
837,"this topic covers anomaly, misuse (rule-based,  signature-based) and specification-based  techniques ",misuse techniques,5,0,0,0,0,0,0,0,0,0,0,1,0,0,0,0,0,0,0
838,"this topic covers anomaly, misuse (rule-based,  signature-based) and specification-based  techniques ",  rule based,5,0,0,0,0,0,0,0,0,0,0,1,0,0,0,0,0,0,0
839,"this topic covers anomaly, misuse (rule-based,  signature-based) and specification-based  techniques ",  signature based,5,0,0,0,0,0,0,0,0,0,0,1,0,0,0,0,0,0,0
840,"this topic covers anomaly, misuse (rule-based,  signature-based) and specification-based  techniques ",specification based techniques,5,0,0,0,0,0,0,0,0,0,0,1,0,0,0,0,0,0,0
841,this topic covers attack models (such as attack  trees and graphs) and specific attacks. ,attack trees,5,0,0,0,0,0,0,0,0,0,0,1,0,0,0,0,0,0,0
842,this topic covers attack models (such as attack  trees and graphs) and specific attacks. ,attack graphs,5,0,0,0,0,0,0,0,0,0,0,1,0,0,0,0,0,0,0
843,this topic covers attack models (such as attack  trees and graphs) and specific attacks. ,specific attacks,5,0,0,0,0,0,0,0,0,0,0,1,0,0,0,0,0,0,0
844,"this topic includes examples such as aslr, ip  hopping, and intrusion tolerance. ",aslr,5,0,0,0,0,0,0,0,0,0,0,1,0,0,0,0,0,0,0
845,"this topic includes examples such as aslr, ip  hopping, and intrusion tolerance. ",ip hopping,5,0,0,0,0,0,0,0,0,0,0,1,0,0,0,0,0,0,0
846,"this topic includes examples such as aslr, ip  hopping, and intrusion tolerance. ",intrusion tolerance,5,0,0,0,0,0,0,0,0,0,0,1,0,0,0,0,0,0,0
847,"this topic covers logging, log analysis, and  relationship to intrusion detection. ",logging,5,0,0,0,0,0,0,0,0,0,0,1,0,0,0,0,0,0,0
848,"this topic covers logging, log analysis, and  relationship to intrusion detection. ",log analysis,5,0,0,0,0,0,0,0,0,0,0,1,0,0,0,0,0,0,0
849,"this topic covers logging, log analysis, and  relationship to intrusion detection. ",intrusion detection relationship,5,0,0,0,0,0,0,0,0,0,0,1,0,0,0,0,0,0,0
850,"this topic includes examples such as computer viruses, worms, ransomware, and other forms of  malware ",computer viruses,5,0,0,0,0,0,0,0,0,0,0,1,0,0,0,0,0,0,0
851,"this topic includes examples such as computer viruses, worms, ransomware, and other forms of  malware ",worms,5,0,0,0,0,0,0,0,0,0,0,1,0,0,0,0,0,0,0
852,"this topic includes examples such as computer viruses, worms, ransomware, and other forms of  malware ",ransomware,5,0,0,0,0,0,0,0,0,0,0,1,0,0,0,0,0,0,0
853,"this topic includes examples such as computer viruses, worms, ransomware, and other forms of  malware ",other forms of malware,5,0,0,0,0,0,0,0,0,0,0,1,0,0,0,0,0,0,0
854,this topic includes examples such as risos and  pa; and enumerations such as cve and cwe. ,risos,5,0,0,0,0,0,0,0,0,0,0,1,0,0,0,0,0,0,0
855,this topic includes examples such as risos and  pa; and enumerations such as cve and cwe. ,pa,5,0,0,0,0,0,0,0,0,0,0,1,0,0,0,0,0,0,0
856,this topic includes examples such as risos and  pa; and enumerations such as cve and cwe. ,cve,5,0,0,0,0,0,0,0,0,0,0,1,0,0,0,0,0,0,0
857,this topic includes examples such as risos and  pa; and enumerations such as cve and cwe. ,cwe,5,0,0,0,0,0,0,0,0,0,0,1,0,0,0,0,0,0,0
858,"this topic covers the flaw hypothesis  methodology and other forms (issaf, osstmm,  gista, ptes, etc.).  ",flaw hypothesis,5,0,0,0,0,0,0,0,0,0,0,1,0,0,0,0,0,0,0
859,"this topic covers the flaw hypothesis  methodology and other forms (issaf, osstmm,  gista, ptes, etc.).  ",methodology,5,0,0,0,0,0,0,0,0,0,0,1,0,0,0,0,0,0,0
860,"this topic covers the flaw hypothesis  methodology and other forms (issaf, osstmm,  gista, ptes, etc.).  ",issaf,5,0,0,0,0,0,0,0,0,0,0,1,0,0,0,0,0,0,0
861,"this topic covers the flaw hypothesis  methodology and other forms (issaf, osstmm,  gista, ptes, etc.).  ",osstmm,5,0,0,0,0,0,0,0,0,0,0,1,0,0,0,0,0,0,0
862,"this topic covers the flaw hypothesis  methodology and other forms (issaf, osstmm,  gista, ptes, etc.).  ",gista,5,0,0,0,0,0,0,0,0,0,0,1,0,0,0,0,0,0,0
863,"this topic covers the flaw hypothesis  methodology and other forms (issaf, osstmm,  gista, ptes, etc.).  ",ptes,5,0,0,0,0,0,0,0,0,0,0,1,0,0,0,0,0,0,0
864,this topic focuses on the system requirements for  forensics. ,system requirements for forensics,"5,1 ",0,1,0,0,0,0,0,0,0,0,1,0,0,0,0,0,0,0
865,this topic includes availability mechanisms. ,availability mechanisms,5,0,0,0,0,0,0,0,0,0,0,1,0,0,0,0,0,0,0
866,this topic includes availability mechanisms. ,recovery processes,5,0,0,0,0,0,0,0,0,0,0,1,0,0,0,0,0,0,0
867,this topic includes availability mechanisms. ,resilience strategies,5,0,0,0,0,0,0,0,0,0,0,1,0,0,0,0,0,0,0
868,"this knowledge unit examines how retiring a  system at or before its end of life may affect the  security of other systems, or of the organization  that used the system. ",impact on security of other systems,5,0,0,0,0,0,0,0,0,0,0,1,0,0,0,0,0,0,0
869,"this knowledge unit examines how retiring a  system at or before its end of life may affect the  security of other systems, or of the organization  that used the system. ",effects on organizational security posture,5,0,0,0,0,0,0,0,0,0,0,1,0,0,0,0,0,0,0
870,"this knowledge unit examines how retiring a  system at or before its end of life may affect the  security of other systems, or of the organization  that used the system. ",end of life definition for systems,5,0,0,0,0,0,0,0,0,0,0,1,0,0,0,0,0,0,0
871,"this topic examines how retiring a system at or  before its end of life may affect the security of  other systems, or of the organization that used the  system. the student should understand the effects  of removing a system, or components or  connections within a system, upon the security of  the system as a whole ",retiring a system at end of life,5,0,0,0,0,0,0,0,0,0,0,1,0,0,0,0,0,0,0
872,"this topic examines how retiring a system at or  before its end of life may affect the security of  other systems, or of the organization that used the  system. the student should understand the effects  of removing a system, or components or  connections within a system, upon the security of  the system as a whole ",effects on security of other systems,5,0,0,0,0,0,0,0,0,0,0,1,0,0,0,0,0,0,0
873,"this topic examines how retiring a system at or  before its end of life may affect the security of  other systems, or of the organization that used the  system. the student should understand the effects  of removing a system, or components or  connections within a system, upon the security of  the system as a whole ",impact on overall system security,5,0,0,0,0,0,0,0,0,0,0,1,0,0,0,0,0,0,0
874,"this topic examines how retiring a system at or  before its end of life may affect the security of  other systems, or of the organization that used the  system. the student should understand the effects  of removing a system, or components or  connections within a system, upon the security of  the system as a whole ",removing system components or connections,5,0,0,0,0,0,0,0,0,0,0,1,0,0,0,0,0,0,0
875,"this topic examines how retiring a system at or  before its end of life may affect the security of  other systems, or of the organization that used the  system. the student should understand the effects  of removing a system, or components or  connections within a system, upon the security of  the system as a whole ",security implications of decommissioning,5,0,0,0,0,0,0,0,0,0,0,1,0,0,0,0,0,0,0
876,this topic includes wiping media and other forms  of destruction to prevent sensitive information  (such as pii) from being recovered. ,wiping media,5,0,0,0,0,0,0,0,0,0,0,1,0,0,0,0,0,0,0
877,this topic includes wiping media and other forms  of destruction to prevent sensitive information  (such as pii) from being recovered. ,destruction methods,5,0,0,0,0,0,0,0,0,0,0,1,0,0,0,0,0,0,0
878,this topic includes wiping media and other forms  of destruction to prevent sensitive information  (such as pii) from being recovered. ,preventing sensitive information recovery,5,0,0,0,0,0,0,0,0,0,0,1,0,0,0,0,0,0,0
879,this topic includes wiping media and other forms  of destruction to prevent sensitive information  (such as pii) from being recovered. ,pii disposal,5,0,0,0,0,0,0,0,0,0,0,1,0,0,0,0,0,0,0
880,this knowledge unit covers considerations of  testing systems to ensure they meet security  requirements. ,testing methodologies for security,"5,2,3 ",0,0,1,0,0,0,1,0,0,0,1,0,0,0,0,0,0,0
881,this knowledge unit covers considerations of  testing systems to ensure they meet security  requirements. ,security requirements analysis,"5,2,3 ",0,0,1,0,0,0,1,0,0,0,1,0,0,0,0,0,0,0
882,this knowledge unit covers considerations of  testing systems to ensure they meet security  requirements. ,vulnerability assessment techniques,"5,2,3 ",0,0,1,0,0,0,1,0,0,0,1,0,0,0,0,0,0,0
883,this knowledge unit covers considerations of  testing systems to ensure they meet security  requirements. ,penetration testing practices,"5,2,3 ",0,0,1,0,0,0,1,0,0,0,1,0,0,0,0,0,0,0
884,this knowledge unit covers considerations of  testing systems to ensure they meet security  requirements. ,compliance with security standards,"5,2,3 ",0,0,1,0,0,0,1,0,0,0,1,0,0,0,0,0,0,0
885,this knowledge unit covers considerations of  testing systems to ensure they meet security  requirements. ,risk management in testing,"5,2,3 ",0,0,1,0,0,0,1,0,0,0,1,0,0,0,0,0,0,0
886,this knowledge unit covers considerations of  testing systems to ensure they meet security  requirements. ,continuous integration and security testing,"5,2,3 ",0,0,1,0,0,0,1,0,0,0,1,0,0,0,0,0,0,0
887,this topic describes methodologies to show that  requirements meet objectives ,methodologies for validating requirements,"5,2,3  ",0,0,1,0,0,0,0,1,0,0,1,0,0,0,0,0,0,0
888,this topic describes methodologies to show that  requirements meet objectives ,showing requirements meet objectives,"5,2,3  ",0,0,1,0,0,0,0,1,0,0,1,0,0,0,0,0,0,0
889,this topic describes methodologies to show that  requirements meet objectives ,validation techniques,"5,2,3  ",0,0,1,0,0,0,0,1,0,0,1,0,0,0,0,0,0,0
890,this topic describes methodologies to show that  requirements meet objectives ,objectives alignment with requirements,"5,2,3  ",0,0,1,0,0,0,0,1,0,0,1,0,0,0,0,0,0,0
891,this topic covers how to test a system as a whole. ,testing methodologies for system validation,"5,2,3  ",0,0,1,0,0,0,0,1,0,0,1,0,0,0,0,0,0,0
892,this topic covers how to test a system as a whole. ,components integration testing,"5,2,3  ",0,0,1,0,0,0,0,1,0,0,1,0,0,0,0,0,0,0
893,this topic covers how to test a system as a whole. ,system behavior under load testing,"5,2,3  ",0,0,1,0,0,0,0,1,0,0,1,0,0,0,0,0,0,0
894,this topic covers how to test a system as a whole. ,security testing of the system composition,"5,2,3  ",0,0,1,0,0,0,0,1,0,0,1,0,0,0,0,0,0,0
895,this topic covers how to test a system as a whole. ,compatibility testing of components,"5,2,3  ",0,0,1,0,0,0,0,1,0,0,1,0,0,0,0,0,0,0
896,this topic covers how to test a system as a whole. ,performance testing of the overall system,"5,2,3  ",0,0,1,0,0,0,0,1,0,0,1,0,0,0,0,0,0,0
897,this topic covers how system testing differs from  component and connection testing. ,system testing,"5,2,3  ",0,0,1,0,0,0,0,1,0,0,1,0,0,0,0,0,0,0
898,this topic covers how system testing differs from  component and connection testing. ,component testing,"5,2,3  ",0,0,1,0,0,0,0,1,0,0,1,0,0,0,0,0,0,0
899,this topic covers how system testing differs from  component and connection testing. ,connection testing,"5,2,3  ",0,0,1,0,0,0,0,1,0,0,1,0,0,0,0,0,0,0
900,"this topic covers languages, theorem provers, and  hierarchical decomposition. ",languages,"5,2,3  ",0,0,1,0,0,0,0,1,0,0,1,0,0,0,0,0,0,0
901,"this topic covers languages, theorem provers, and  hierarchical decomposition. ",theorem provers,"5,2,3  ",0,0,1,0,0,0,0,1,0,0,1,0,0,0,0,0,0,0
902,"this topic covers languages, theorem provers, and  hierarchical decomposition. ",hierarchical decomposition,"5,2,3  ",0,0,1,0,0,0,0,1,0,0,1,0,0,0,0,0,0,0
903,"this knowledge unit applies the topics of this  knowledge area to specific architectures that are, or  are becoming, more common. ",common architectures,5,0,0,0,0,0,0,0,0,0,0,1,0,0,0,0,0,0,0
904,"this knowledge unit applies the topics of this  knowledge area to specific architectures that are, or  are becoming, more common. ",application to specific architectures,5,0,0,0,0,0,0,0,0,0,0,1,0,0,0,0,0,0,0
905,"this topic covers hypervisors, virtualization of  disks and memory, and the use of virtual machines  in security ",hypervisors,"5,4 ",0,0,0,0,0,0,0,0,0,1,1,0,0,0,0,0,0,0
906,"this topic covers hypervisors, virtualization of  disks and memory, and the use of virtual machines  in security ",virtualization of disks,"5,4 ",0,0,0,0,0,0,0,0,0,1,1,0,0,0,0,0,0,0
907,"this topic covers hypervisors, virtualization of  disks and memory, and the use of virtual machines  in security ",virtualization of memory,"5,4 ",0,0,0,0,0,0,0,0,0,1,1,0,0,0,0,0,0,0
908,"this topic covers hypervisors, virtualization of  disks and memory, and the use of virtual machines  in security ",use of virtual machines in security,"5,4 ",0,0,0,0,0,0,0,0,0,1,1,0,0,0,0,0,0,0
909,this topic includes scada. ,scada,5,0,0,0,0,0,0,0,0,0,0,1,0,0,0,0,0,0,0
910,this topic includes examples such as refrigerators  and sensors ,refrigerators,5,0,0,0,0,0,0,0,0,0,0,1,0,0,0,0,0,0,0
911,this topic includes examples such as refrigerators  and sensors ,sensors,5,0,0,0,0,0,0,0,0,0,0,1,0,0,0,0,0,0,0
912,"this topic includes examples such as systems in spacecraft, and systems used in other hostile  environments.  ",systems in spacecraft,5,0,0,0,0,0,0,0,0,0,0,1,0,0,0,0,0,0,0
913,"this topic includes examples such as systems in spacecraft, and systems used in other hostile  environments.  ",systems used in hostile environments,5,0,0,0,0,0,0,0,0,0,0,1,0,0,0,0,0,0,0
914,this topic includes examples such as laptops and  smartphones. ,laptops,5,0,0,0,0,0,0,0,0,0,0,1,0,0,0,0,0,0,0
915,this topic includes examples such as laptops and  smartphones. ,smartphones,5,0,0,0,0,0,0,0,0,0,0,1,0,0,0,0,0,0,0
916,this topic includes examples such as robots and  uavs that do not require human control. ,robots,5,0,0,0,0,0,0,0,0,0,0,1,0,0,0,0,0,0,0
917,this topic includes examples such as robots and  uavs that do not require human control. ,uavs,5,0,0,0,0,0,0,0,0,0,0,1,0,0,0,0,0,0,0
918,"this topic includes examples such as desktops,  laptops, and mainframes ",desktops,5,0,0,0,0,0,0,0,0,0,0,1,0,0,0,0,0,0,0
919,"this topic includes examples such as desktops,  laptops, and mainframes ",laptops,5,0,0,0,0,0,0,0,0,0,0,1,0,0,0,0,0,0,0
920,"this topic includes examples such as desktops,  laptops, and mainframes ",mainframes,5,0,0,0,0,0,0,0,0,0,0,1,0,0,0,0,0,0,0
