,Statement Description,topics,label,1,2,3,4,5,6,7,8,
0,"this topic covers basic concepts in cryptography to  build the base for other sections in the knowledge  unit. this topic includes: ● encryption/decryption, sender authentication,  data integrity, non-repudiation, ● attack classification (ciphertext-only, known  plaintext, chosen plaintext, chosen ciphertext),  ● secret key (symmetric), cryptography and publickey (asymmetric) cryptography,  ● information-theoretic security (one-time pad,  shannon theorem), and • computational security ",encryption decryption,1,1,0,0,0,0,0,0,0,
1,"this topic covers basic concepts in cryptography to  build the base for other sections in the knowledge  unit. this topic includes: ● encryption/decryption, sender authentication,  data integrity, non-repudiation, ● attack classification (ciphertext-only, known  plaintext, chosen plaintext, chosen ciphertext),  ● secret key (symmetric), cryptography and publickey (asymmetric) cryptography,  ● information-theoretic security (one-time pad,  shannon theorem), and • computational security ",sender authentication,1,1,0,0,0,0,0,0,0,
2,"this topic covers basic concepts in cryptography to  build the base for other sections in the knowledge  unit. this topic includes: ● encryption/decryption, sender authentication,  data integrity, non-repudiation, ● attack classification (ciphertext-only, known  plaintext, chosen plaintext, chosen ciphertext),  ● secret key (symmetric), cryptography and publickey (asymmetric) cryptography,  ● information-theoretic security (one-time pad,  shannon theorem), and • computational security ",data integrity,1,1,0,0,0,0,0,0,0,
3,"this topic covers basic concepts in cryptography to  build the base for other sections in the knowledge  unit. this topic includes: ● encryption/decryption, sender authentication,  data integrity, non-repudiation, ● attack classification (ciphertext-only, known  plaintext, chosen plaintext, chosen ciphertext),  ● secret key (symmetric), cryptography and publickey (asymmetric) cryptography,  ● information-theoretic security (one-time pad,  shannon theorem), and • computational security ",non repudiation,1,1,0,0,0,0,0,0,0,
4,"this topic covers basic concepts in cryptography to  build the base for other sections in the knowledge  unit. this topic includes: ● encryption/decryption, sender authentication,  data integrity, non-repudiation, ● attack classification (ciphertext-only, known  plaintext, chosen plaintext, chosen ciphertext),  ● secret key (symmetric), cryptography and publickey (asymmetric) cryptography,  ● information-theoretic security (one-time pad,  shannon theorem), and • computational security ","attack classification (ciphertext only, known plaintext, chosen plaintext, chosen ciphertext)",1,1,0,0,0,0,0,0,0,
5,"this topic covers basic concepts in cryptography to  build the base for other sections in the knowledge  unit. this topic includes: ● encryption/decryption, sender authentication,  data integrity, non-repudiation, ● attack classification (ciphertext-only, known  plaintext, chosen plaintext, chosen ciphertext),  ● secret key (symmetric), cryptography and publickey (asymmetric) cryptography,  ● information-theoretic security (one-time pad,  shannon theorem), and • computational security ",secret key (symmetric) cryptography,1,1,0,0,0,0,0,0,0,
6,"this topic covers basic concepts in cryptography to  build the base for other sections in the knowledge  unit. this topic includes: ● encryption/decryption, sender authentication,  data integrity, non-repudiation, ● attack classification (ciphertext-only, known  plaintext, chosen plaintext, chosen ciphertext),  ● secret key (symmetric), cryptography and publickey (asymmetric) cryptography,  ● information-theoretic security (one-time pad,  shannon theorem), and • computational security ",public key (asymmetric) cryptography,1,1,0,0,0,0,0,0,0,
7,"this topic covers basic concepts in cryptography to  build the base for other sections in the knowledge  unit. this topic includes: ● encryption/decryption, sender authentication,  data integrity, non-repudiation, ● attack classification (ciphertext-only, known  plaintext, chosen plaintext, chosen ciphertext),  ● secret key (symmetric), cryptography and publickey (asymmetric) cryptography,  ● information-theoretic security (one-time pad,  shannon theorem), and • computational security ","information theoretic security (one time pad, shannon theorem)",1,1,0,0,0,0,0,0,0,
8,"this topic covers basic concepts in cryptography to  build the base for other sections in the knowledge  unit. this topic includes: ● encryption/decryption, sender authentication,  data integrity, non-repudiation, ● attack classification (ciphertext-only, known  plaintext, chosen plaintext, chosen ciphertext),  ● secret key (symmetric), cryptography and publickey (asymmetric) cryptography,  ● information-theoretic security (one-time pad,  shannon theorem), and • computational security ",computational security,1,1,0,0,0,0,0,0,0,
9,"this topic includes: ● advanced protocols: o zero-knowledge proofs, and protocols,  o secret sharing, o commitment,  o oblivious transfer,  o secure multiparty computation, ● advanced recent developments: fully  homomorphic encryption, obfuscation, quantum  cryptography, and kljn scheme. ",advanced protocols,1,1,0,0,0,0,0,0,0,
10,"this topic includes: ● advanced protocols: o zero-knowledge proofs, and protocols,  o secret sharing, o commitment,  o oblivious transfer,  o secure multiparty computation, ● advanced recent developments: fully  homomorphic encryption, obfuscation, quantum  cryptography, and kljn scheme. ",  zero knowledge proofs,1,1,0,0,0,0,0,0,0,
11,"this topic includes: ● advanced protocols: o zero-knowledge proofs, and protocols,  o secret sharing, o commitment,  o oblivious transfer,  o secure multiparty computation, ● advanced recent developments: fully  homomorphic encryption, obfuscation, quantum  cryptography, and kljn scheme. ",  secret sharing,1,1,0,0,0,0,0,0,0,
12,"this topic includes: ● advanced protocols: o zero-knowledge proofs, and protocols,  o secret sharing, o commitment,  o oblivious transfer,  o secure multiparty computation, ● advanced recent developments: fully  homomorphic encryption, obfuscation, quantum  cryptography, and kljn scheme. ",  commitment,1,1,0,0,0,0,0,0,0,
13,"this topic includes: ● advanced protocols: o zero-knowledge proofs, and protocols,  o secret sharing, o commitment,  o oblivious transfer,  o secure multiparty computation, ● advanced recent developments: fully  homomorphic encryption, obfuscation, quantum  cryptography, and kljn scheme. ",  oblivious transfer,1,1,0,0,0,0,0,0,0,
14,"this topic includes: ● advanced protocols: o zero-knowledge proofs, and protocols,  o secret sharing, o commitment,  o oblivious transfer,  o secure multiparty computation, ● advanced recent developments: fully  homomorphic encryption, obfuscation, quantum  cryptography, and kljn scheme. ",  secure multiparty computation,1,1,0,0,0,0,0,0,0,
15,"this topic includes: ● advanced protocols: o zero-knowledge proofs, and protocols,  o secret sharing, o commitment,  o oblivious transfer,  o secure multiparty computation, ● advanced recent developments: fully  homomorphic encryption, obfuscation, quantum  cryptography, and kljn scheme. ",advanced recent developments,1,1,0,0,0,0,0,0,0,
16,"this topic includes: ● advanced protocols: o zero-knowledge proofs, and protocols,  o secret sharing, o commitment,  o oblivious transfer,  o secure multiparty computation, ● advanced recent developments: fully  homomorphic encryption, obfuscation, quantum  cryptography, and kljn scheme. ",  fully homomorphic encryption,1,1,0,0,0,0,0,0,0,
17,"this topic includes: ● advanced protocols: o zero-knowledge proofs, and protocols,  o secret sharing, o commitment,  o oblivious transfer,  o secure multiparty computation, ● advanced recent developments: fully  homomorphic encryption, obfuscation, quantum  cryptography, and kljn scheme. ",  obfuscation,1,1,0,0,0,0,0,0,0,
18,"this topic includes: ● advanced protocols: o zero-knowledge proofs, and protocols,  o secret sharing, o commitment,  o oblivious transfer,  o secure multiparty computation, ● advanced recent developments: fully  homomorphic encryption, obfuscation, quantum  cryptography, and kljn scheme. ",  quantum cryptography,1,1,0,0,0,0,0,0,0,
19,"this topic includes: ● advanced protocols: o zero-knowledge proofs, and protocols,  o secret sharing, o commitment,  o oblivious transfer,  o secure multiparty computation, ● advanced recent developments: fully  homomorphic encryption, obfuscation, quantum  cryptography, and kljn scheme. ",  kljn scheme,1,1,0,0,0,0,0,0,0,
20,"this topic is essential in understanding encryption  algorithms. more advanced concepts may be included,  if needed. this topic includes: ● modular arithmetic,  ● fermat, euler theorems,  ● primitive roots, discrete log problem,  ● primality testing, factoring large integers,  ● elliptic curves, lattices and hard lattice problems,  ● abstract algebra, finite fields, and ● information theory. ",modular arithmetic,1,1,0,0,0,0,0,0,0,
21,"this topic is essential in understanding encryption  algorithms. more advanced concepts may be included,  if needed. this topic includes: ● modular arithmetic,  ● fermat, euler theorems,  ● primitive roots, discrete log problem,  ● primality testing, factoring large integers,  ● elliptic curves, lattices and hard lattice problems,  ● abstract algebra, finite fields, and ● information theory. ",fermat theorems,1,1,0,0,0,0,0,0,0,
22,"this topic is essential in understanding encryption  algorithms. more advanced concepts may be included,  if needed. this topic includes: ● modular arithmetic,  ● fermat, euler theorems,  ● primitive roots, discrete log problem,  ● primality testing, factoring large integers,  ● elliptic curves, lattices and hard lattice problems,  ● abstract algebra, finite fields, and ● information theory. ",euler theorems,1,1,0,0,0,0,0,0,0,
23,"this topic is essential in understanding encryption  algorithms. more advanced concepts may be included,  if needed. this topic includes: ● modular arithmetic,  ● fermat, euler theorems,  ● primitive roots, discrete log problem,  ● primality testing, factoring large integers,  ● elliptic curves, lattices and hard lattice problems,  ● abstract algebra, finite fields, and ● information theory. ",primitive roots,1,1,0,0,0,0,0,0,0,
24,"this topic is essential in understanding encryption  algorithms. more advanced concepts may be included,  if needed. this topic includes: ● modular arithmetic,  ● fermat, euler theorems,  ● primitive roots, discrete log problem,  ● primality testing, factoring large integers,  ● elliptic curves, lattices and hard lattice problems,  ● abstract algebra, finite fields, and ● information theory. ",discrete log problem,1,1,0,0,0,0,0,0,0,
25,"this topic is essential in understanding encryption  algorithms. more advanced concepts may be included,  if needed. this topic includes: ● modular arithmetic,  ● fermat, euler theorems,  ● primitive roots, discrete log problem,  ● primality testing, factoring large integers,  ● elliptic curves, lattices and hard lattice problems,  ● abstract algebra, finite fields, and ● information theory. ",primality testing,1,1,0,0,0,0,0,0,0,
26,"this topic is essential in understanding encryption  algorithms. more advanced concepts may be included,  if needed. this topic includes: ● modular arithmetic,  ● fermat, euler theorems,  ● primitive roots, discrete log problem,  ● primality testing, factoring large integers,  ● elliptic curves, lattices and hard lattice problems,  ● abstract algebra, finite fields, and ● information theory. ",factoring large integers,1,1,0,0,0,0,0,0,0,
27,"this topic is essential in understanding encryption  algorithms. more advanced concepts may be included,  if needed. this topic includes: ● modular arithmetic,  ● fermat, euler theorems,  ● primitive roots, discrete log problem,  ● primality testing, factoring large integers,  ● elliptic curves, lattices and hard lattice problems,  ● abstract algebra, finite fields, and ● information theory. ",elliptic curves,1,1,0,0,0,0,0,0,0,
28,"this topic is essential in understanding encryption  algorithms. more advanced concepts may be included,  if needed. this topic includes: ● modular arithmetic,  ● fermat, euler theorems,  ● primitive roots, discrete log problem,  ● primality testing, factoring large integers,  ● elliptic curves, lattices and hard lattice problems,  ● abstract algebra, finite fields, and ● information theory. ",lattices,1,1,0,0,0,0,0,0,0,
29,"this topic is essential in understanding encryption  algorithms. more advanced concepts may be included,  if needed. this topic includes: ● modular arithmetic,  ● fermat, euler theorems,  ● primitive roots, discrete log problem,  ● primality testing, factoring large integers,  ● elliptic curves, lattices and hard lattice problems,  ● abstract algebra, finite fields, and ● information theory. ",hard lattice problems,1,1,0,0,0,0,0,0,0,
30,"this topic is essential in understanding encryption  algorithms. more advanced concepts may be included,  if needed. this topic includes: ● modular arithmetic,  ● fermat, euler theorems,  ● primitive roots, discrete log problem,  ● primality testing, factoring large integers,  ● elliptic curves, lattices and hard lattice problems,  ● abstract algebra, finite fields, and ● information theory. ",abstract algebra,1,1,0,0,0,0,0,0,0,
31,"this topic is essential in understanding encryption  algorithms. more advanced concepts may be included,  if needed. this topic includes: ● modular arithmetic,  ● fermat, euler theorems,  ● primitive roots, discrete log problem,  ● primality testing, factoring large integers,  ● elliptic curves, lattices and hard lattice problems,  ● abstract algebra, finite fields, and ● information theory. ",finite fields,1,1,0,0,0,0,0,0,0,
32,"this topic is essential in understanding encryption  algorithms. more advanced concepts may be included,  if needed. this topic includes: ● modular arithmetic,  ● fermat, euler theorems,  ● primitive roots, discrete log problem,  ● primality testing, factoring large integers,  ● elliptic curves, lattices and hard lattice problems,  ● abstract algebra, finite fields, and ● information theory. ",information theory,1,1,0,0,0,0,0,0,0,
33,"this topic includes the following and their current  applications (if any): ● shift cipher, affine cipher, substitution cipher,  vigenere cipher, rot-13, and ● hill cipher, enigma machine, and others ",shift cipher,1,1,0,0,0,0,0,0,0,
34,"this topic includes the following and their current  applications (if any): ● shift cipher, affine cipher, substitution cipher,  vigenere cipher, rot-13, and ● hill cipher, enigma machine, and others ",affine cipher,1,1,0,0,0,0,0,0,0,
35,"this topic includes the following and their current  applications (if any): ● shift cipher, affine cipher, substitution cipher,  vigenere cipher, rot-13, and ● hill cipher, enigma machine, and others ",substitution cipher,1,1,0,0,0,0,0,0,0,
36,"this topic includes the following and their current  applications (if any): ● shift cipher, affine cipher, substitution cipher,  vigenere cipher, rot-13, and ● hill cipher, enigma machine, and others ",vigenere cipher,1,1,0,0,0,0,0,0,0,
37,"this topic includes the following and their current  applications (if any): ● shift cipher, affine cipher, substitution cipher,  vigenere cipher, rot-13, and ● hill cipher, enigma machine, and others ",rot 13,1,1,0,0,0,0,0,0,0,
38,"this topic includes the following and their current  applications (if any): ● shift cipher, affine cipher, substitution cipher,  vigenere cipher, rot-13, and ● hill cipher, enigma machine, and others ",hill cipher,1,1,0,0,0,0,0,0,0,
39,"this topic includes the following and their current  applications (if any): ● shift cipher, affine cipher, substitution cipher,  vigenere cipher, rot-13, and ● hill cipher, enigma machine, and others ",enigma machine,1,1,0,0,0,0,0,0,0,
40,"this topic includes: ● b block ciphers and stream ciphers (pseudorandom permutations, pseudo-random  generators),  ● feistel networks, data encryption standard  (des),  ● advanced encryption standard (aes),  ● modes of operation for block ciphers,  ● differential attack, linear attack, and ● stream ciphers, linear feedback shift registers,  rc4. ","block ciphers and stream ciphers (pseudorandom permutations, pseudorandom generators)",1,1,0,0,0,0,0,0,0,
41,"this topic includes: ● b block ciphers and stream ciphers (pseudorandom permutations, pseudo-random  generators),  ● feistel networks, data encryption standard  (des),  ● advanced encryption standard (aes),  ● modes of operation for block ciphers,  ● differential attack, linear attack, and ● stream ciphers, linear feedback shift registers,  rc4. ",feistel networks,1,1,0,0,0,0,0,0,0,
42,"this topic includes: ● b block ciphers and stream ciphers (pseudorandom permutations, pseudo-random  generators),  ● feistel networks, data encryption standard  (des),  ● advanced encryption standard (aes),  ● modes of operation for block ciphers,  ● differential attack, linear attack, and ● stream ciphers, linear feedback shift registers,  rc4. ",data encryption standard (des),1,1,0,0,0,0,0,0,0,
43,"this topic includes: ● b block ciphers and stream ciphers (pseudorandom permutations, pseudo-random  generators),  ● feistel networks, data encryption standard  (des),  ● advanced encryption standard (aes),  ● modes of operation for block ciphers,  ● differential attack, linear attack, and ● stream ciphers, linear feedback shift registers,  rc4. ",advanced encryption standard (aes),1,1,0,0,0,0,0,0,0,
44,"this topic includes: ● b block ciphers and stream ciphers (pseudorandom permutations, pseudo-random  generators),  ● feistel networks, data encryption standard  (des),  ● advanced encryption standard (aes),  ● modes of operation for block ciphers,  ● differential attack, linear attack, and ● stream ciphers, linear feedback shift registers,  rc4. ",modes of operation for block ciphers,1,1,0,0,0,0,0,0,0,
45,"this topic includes: ● b block ciphers and stream ciphers (pseudorandom permutations, pseudo-random  generators),  ● feistel networks, data encryption standard  (des),  ● advanced encryption standard (aes),  ● modes of operation for block ciphers,  ● differential attack, linear attack, and ● stream ciphers, linear feedback shift registers,  rc4. ",differential attack,1,1,0,0,0,0,0,0,0,
46,"this topic includes: ● b block ciphers and stream ciphers (pseudorandom permutations, pseudo-random  generators),  ● feistel networks, data encryption standard  (des),  ● advanced encryption standard (aes),  ● modes of operation for block ciphers,  ● differential attack, linear attack, and ● stream ciphers, linear feedback shift registers,  rc4. ",linear attack,1,1,0,0,0,0,0,0,0,
47,"this topic includes: ● b block ciphers and stream ciphers (pseudorandom permutations, pseudo-random  generators),  ● feistel networks, data encryption standard  (des),  ● advanced encryption standard (aes),  ● modes of operation for block ciphers,  ● differential attack, linear attack, and ● stream ciphers, linear feedback shift registers,  rc4. ",stream ciphers,1,1,0,0,0,0,0,0,0,
48,"this topic includes: ● b block ciphers and stream ciphers (pseudorandom permutations, pseudo-random  generators),  ● feistel networks, data encryption standard  (des),  ● advanced encryption standard (aes),  ● modes of operation for block ciphers,  ● differential attack, linear attack, and ● stream ciphers, linear feedback shift registers,  rc4. ",linear feedback shift registers,1,1,0,0,0,0,0,0,0,
49,"this topic includes: ● b block ciphers and stream ciphers (pseudorandom permutations, pseudo-random  generators),  ● feistel networks, data encryption standard  (des),  ● advanced encryption standard (aes),  ● modes of operation for block ciphers,  ● differential attack, linear attack, and ● stream ciphers, linear feedback shift registers,  rc4. ",rc4,1,1,0,0,0,0,0,0,0,
50,"this topic includes: ● theoretical concepts (computational complexity,  one-way trapdoor functions),  ● naive rsa,  ● weakness of naive rsa, padded rsa,  ● diffie-hellman protocol, ● el gamal cipher,  ● other public-key ciphers, including goldwassermicali, rabin, paillier, mceliece, and ● elliptic curves ciphers. ",computational complexity,1,1,0,0,0,0,0,0,0,
51,"this topic includes: ● theoretical concepts (computational complexity,  one-way trapdoor functions),  ● naive rsa,  ● weakness of naive rsa, padded rsa,  ● diffie-hellman protocol, ● el gamal cipher,  ● other public-key ciphers, including goldwassermicali, rabin, paillier, mceliece, and ● elliptic curves ciphers. ",one way trapdoor functions,1,1,0,0,0,0,0,0,0,
52,"this topic includes: ● theoretical concepts (computational complexity,  one-way trapdoor functions),  ● naive rsa,  ● weakness of naive rsa, padded rsa,  ● diffie-hellman protocol, ● el gamal cipher,  ● other public-key ciphers, including goldwassermicali, rabin, paillier, mceliece, and ● elliptic curves ciphers. ",naive rsa,1,1,0,0,0,0,0,0,0,
53,"this topic includes: ● theoretical concepts (computational complexity,  one-way trapdoor functions),  ● naive rsa,  ● weakness of naive rsa, padded rsa,  ● diffie-hellman protocol, ● el gamal cipher,  ● other public-key ciphers, including goldwassermicali, rabin, paillier, mceliece, and ● elliptic curves ciphers. ",weakness of naive rsa,1,1,0,0,0,0,0,0,0,
54,"this topic includes: ● theoretical concepts (computational complexity,  one-way trapdoor functions),  ● naive rsa,  ● weakness of naive rsa, padded rsa,  ● diffie-hellman protocol, ● el gamal cipher,  ● other public-key ciphers, including goldwassermicali, rabin, paillier, mceliece, and ● elliptic curves ciphers. ",padded rsa,1,1,0,0,0,0,0,0,0,
55,"this topic includes: ● theoretical concepts (computational complexity,  one-way trapdoor functions),  ● naive rsa,  ● weakness of naive rsa, padded rsa,  ● diffie-hellman protocol, ● el gamal cipher,  ● other public-key ciphers, including goldwassermicali, rabin, paillier, mceliece, and ● elliptic curves ciphers. ",diffie hellman protocol,1,1,0,0,0,0,0,0,0,
56,"this topic includes: ● theoretical concepts (computational complexity,  one-way trapdoor functions),  ● naive rsa,  ● weakness of naive rsa, padded rsa,  ● diffie-hellman protocol, ● el gamal cipher,  ● other public-key ciphers, including goldwassermicali, rabin, paillier, mceliece, and ● elliptic curves ciphers. ",el gamal cipher,1,1,0,0,0,0,0,0,0,
57,"this topic includes: ● theoretical concepts (computational complexity,  one-way trapdoor functions),  ● naive rsa,  ● weakness of naive rsa, padded rsa,  ● diffie-hellman protocol, ● el gamal cipher,  ● other public-key ciphers, including goldwassermicali, rabin, paillier, mceliece, and ● elliptic curves ciphers. ",goldwassermicali cipher,1,1,0,0,0,0,0,0,0,
58,"this topic includes: ● theoretical concepts (computational complexity,  one-way trapdoor functions),  ● naive rsa,  ● weakness of naive rsa, padded rsa,  ● diffie-hellman protocol, ● el gamal cipher,  ● other public-key ciphers, including goldwassermicali, rabin, paillier, mceliece, and ● elliptic curves ciphers. ",rabin cipher,1,1,0,0,0,0,0,0,0,
59,"this topic includes: ● theoretical concepts (computational complexity,  one-way trapdoor functions),  ● naive rsa,  ● weakness of naive rsa, padded rsa,  ● diffie-hellman protocol, ● el gamal cipher,  ● other public-key ciphers, including goldwassermicali, rabin, paillier, mceliece, and ● elliptic curves ciphers. ",paillier cipher,1,1,0,0,0,0,0,0,0,
60,"this topic includes: ● theoretical concepts (computational complexity,  one-way trapdoor functions),  ● naive rsa,  ● weakness of naive rsa, padded rsa,  ● diffie-hellman protocol, ● el gamal cipher,  ● other public-key ciphers, including goldwassermicali, rabin, paillier, mceliece, and ● elliptic curves ciphers. ",mceliece cipher,1,1,0,0,0,0,0,0,0,
61,"this topic includes: ● theoretical concepts (computational complexity,  one-way trapdoor functions),  ● naive rsa,  ● weakness of naive rsa, padded rsa,  ● diffie-hellman protocol, ● el gamal cipher,  ● other public-key ciphers, including goldwassermicali, rabin, paillier, mceliece, and ● elliptic curves ciphers. ",elliptic curves ciphers,1,1,0,0,0,0,0,0,0,
62,"this topic includes: ● definition, and ● limits and types of tools (open source versus  closed source) ",definition,"1,5 ",1,0,0,0,1,0,0,0,
63,"this topic includes: ● definition, and ● limits and types of tools (open source versus  closed source) ",limits of tools,"1,5 ",1,0,0,0,1,0,0,0,
64,"this topic includes: ● definition, and ● limits and types of tools (open source versus  closed source) ",types of tools,"1,5 ",1,0,0,0,1,0,0,0,
65,"this topic includes: ● definition, and ● limits and types of tools (open source versus  closed source) ",open source tools,"1,5 ",1,0,0,0,1,0,0,0,
66,"this topic includes: ● definition, and ● limits and types of tools (open source versus  closed source) ",closed source tools,"1,5 ",1,0,0,0,1,0,0,0,
67,"this topic includes: ● right to privacy, ● fourth and fifth amendments, ● protection of encryption keys under the fifth  amendment, ● types of legal authority (owner consent, search  warrant, fisa, title iii (wiretap), abandonment,  exigent circumstances, plain sight, etc.), ● protection from legal processes (e.g., isp  subscriber information via subpoena, e-mail  server transactional data from 2703(d) court  order, full content via search warrant, etc.), ● legal request for preservation of digital evidence  (e.g., via 2703(f) preservation letter), and ● affidavits, testimony and testifying, ",right to privacy,"1,5 ",1,0,0,0,1,0,0,0,
68,"this topic includes: ● right to privacy, ● fourth and fifth amendments, ● protection of encryption keys under the fifth  amendment, ● types of legal authority (owner consent, search  warrant, fisa, title iii (wiretap), abandonment,  exigent circumstances, plain sight, etc.), ● protection from legal processes (e.g., isp  subscriber information via subpoena, e-mail  server transactional data from 2703(d) court  order, full content via search warrant, etc.), ● legal request for preservation of digital evidence  (e.g., via 2703(f) preservation letter), and ● affidavits, testimony and testifying, ",fourth and fifth amendments,"1,5 ",1,0,0,0,1,0,0,0,
69,"this topic includes: ● right to privacy, ● fourth and fifth amendments, ● protection of encryption keys under the fifth  amendment, ● types of legal authority (owner consent, search  warrant, fisa, title iii (wiretap), abandonment,  exigent circumstances, plain sight, etc.), ● protection from legal processes (e.g., isp  subscriber information via subpoena, e-mail  server transactional data from 2703(d) court  order, full content via search warrant, etc.), ● legal request for preservation of digital evidence  (e.g., via 2703(f) preservation letter), and ● affidavits, testimony and testifying, ",protection of encryption keys under the fifth amendment,"1,5 ",1,0,0,0,1,0,0,0,
70,"this topic includes: ● right to privacy, ● fourth and fifth amendments, ● protection of encryption keys under the fifth  amendment, ● types of legal authority (owner consent, search  warrant, fisa, title iii (wiretap), abandonment,  exigent circumstances, plain sight, etc.), ● protection from legal processes (e.g., isp  subscriber information via subpoena, e-mail  server transactional data from 2703(d) court  order, full content via search warrant, etc.), ● legal request for preservation of digital evidence  (e.g., via 2703(f) preservation letter), and ● affidavits, testimony and testifying, ","types of legal authority (owner consent, search warrant, fisa, title iii (wiretap), abandonment, exigent circumstances, plain sight, etc.)","1,5 ",1,0,0,0,1,0,0,0,
71,"this topic includes: ● right to privacy, ● fourth and fifth amendments, ● protection of encryption keys under the fifth  amendment, ● types of legal authority (owner consent, search  warrant, fisa, title iii (wiretap), abandonment,  exigent circumstances, plain sight, etc.), ● protection from legal processes (e.g., isp  subscriber information via subpoena, e-mail  server transactional data from 2703(d) court  order, full content via search warrant, etc.), ● legal request for preservation of digital evidence  (e.g., via 2703(f) preservation letter), and ● affidavits, testimony and testifying, ","protection from legal processes (e.g., isp subscriber information via subpoena, e mail server transactional data from 2703(d) court order, full content via search warrant, etc.)","1,5 ",1,0,0,0,1,0,0,0,
72,"this topic includes: ● right to privacy, ● fourth and fifth amendments, ● protection of encryption keys under the fifth  amendment, ● types of legal authority (owner consent, search  warrant, fisa, title iii (wiretap), abandonment,  exigent circumstances, plain sight, etc.), ● protection from legal processes (e.g., isp  subscriber information via subpoena, e-mail  server transactional data from 2703(d) court  order, full content via search warrant, etc.), ● legal request for preservation of digital evidence  (e.g., via 2703(f) preservation letter), and ● affidavits, testimony and testifying, ","legal request for preservation of digital evidence (e.g., via 2703(f) preservation letter)","1,5 ",1,0,0,0,1,0,0,0,
73,"this topic includes: ● right to privacy, ● fourth and fifth amendments, ● protection of encryption keys under the fifth  amendment, ● types of legal authority (owner consent, search  warrant, fisa, title iii (wiretap), abandonment,  exigent circumstances, plain sight, etc.), ● protection from legal processes (e.g., isp  subscriber information via subpoena, e-mail  server transactional data from 2703(d) court  order, full content via search warrant, etc.), ● legal request for preservation of digital evidence  (e.g., via 2703(f) preservation letter), and ● affidavits, testimony and testifying, ",affidavits,"1,5 ",1,0,0,0,1,0,0,0,
74,"this topic includes: ● right to privacy, ● fourth and fifth amendments, ● protection of encryption keys under the fifth  amendment, ● types of legal authority (owner consent, search  warrant, fisa, title iii (wiretap), abandonment,  exigent circumstances, plain sight, etc.), ● protection from legal processes (e.g., isp  subscriber information via subpoena, e-mail  server transactional data from 2703(d) court  order, full content via search warrant, etc.), ● legal request for preservation of digital evidence  (e.g., via 2703(f) preservation letter), and ● affidavits, testimony and testifying, ",testimony and testifying,"1,5 ",1,0,0,0,1,0,0,0,
75,"this topic includes: ● types, ● artifact-focused versus all-in-one tools, ● requirements, and ● limitations ",types,"1,5 ",1,0,0,0,1,0,0,0,
76,"this topic includes: ● types, ● artifact-focused versus all-in-one tools, ● requirements, and ● limitations ",artifact focused versus all in one tools,"1,5 ",1,0,0,0,1,0,0,0,
77,"this topic includes: ● types, ● artifact-focused versus all-in-one tools, ● requirements, and ● limitations ",requirements,"1,5 ",1,0,0,0,1,0,0,0,
78,"this topic includes: ● types, ● artifact-focused versus all-in-one tools, ● requirements, and ● limitations ",limitations,"1,5 ",1,0,0,0,1,0,0,0,
79,"this topic includes: ● alerts, ● identification of evidence, ● collection and preservation of evidence, ● timelines, reporting, chain of custody, and ● authentication of evidence. ",alerts,"1,5 ",1,0,0,0,1,0,0,0,
80,"this topic includes: ● alerts, ● identification of evidence, ● collection and preservation of evidence, ● timelines, reporting, chain of custody, and ● authentication of evidence. ",identification of evidence,"1,5 ",1,0,0,0,1,0,0,0,
81,"this topic includes: ● alerts, ● identification of evidence, ● collection and preservation of evidence, ● timelines, reporting, chain of custody, and ● authentication of evidence. ",collection and preservation of evidence,"1,5 ",1,0,0,0,1,0,0,0,
82,"this topic includes: ● alerts, ● identification of evidence, ● collection and preservation of evidence, ● timelines, reporting, chain of custody, and ● authentication of evidence. ",timelines,"1,5 ",1,0,0,0,1,0,0,0,
83,"this topic includes: ● alerts, ● identification of evidence, ● collection and preservation of evidence, ● timelines, reporting, chain of custody, and ● authentication of evidence. ",reporting,"1,5 ",1,0,0,0,1,0,0,0,
84,"this topic includes: ● alerts, ● identification of evidence, ● collection and preservation of evidence, ● timelines, reporting, chain of custody, and ● authentication of evidence. ",chain of custody,"1,5 ",1,0,0,0,1,0,0,0,
85,"this topic includes: ● alerts, ● identification of evidence, ● collection and preservation of evidence, ● timelines, reporting, chain of custody, and ● authentication of evidence. ",authentication of evidence,"1,5 ",1,0,0,0,1,0,0,0,
86,"this topic includes: ● pull-the-plug versus triage, ● write-blocking, ● forensically-prepared destination media, ● imaging procedures, ● acquisition of volatile evidence, ● live forensics analysis, and ● chain of custody. ",pull the plug versus triage,"1,5 ",1,0,0,0,1,0,0,0,
87,"this topic includes: ● pull-the-plug versus triage, ● write-blocking, ● forensically-prepared destination media, ● imaging procedures, ● acquisition of volatile evidence, ● live forensics analysis, and ● chain of custody. ",write blocking,"1,5 ",1,0,0,0,1,0,0,0,
88,"this topic includes: ● pull-the-plug versus triage, ● write-blocking, ● forensically-prepared destination media, ● imaging procedures, ● acquisition of volatile evidence, ● live forensics analysis, and ● chain of custody. ",forensically prepared destination media,"1,5 ",1,0,0,0,1,0,0,0,
89,"this topic includes: ● pull-the-plug versus triage, ● write-blocking, ● forensically-prepared destination media, ● imaging procedures, ● acquisition of volatile evidence, ● live forensics analysis, and ● chain of custody. ",imaging procedures,"1,5 ",1,0,0,0,1,0,0,0,
90,"this topic includes: ● pull-the-plug versus triage, ● write-blocking, ● forensically-prepared destination media, ● imaging procedures, ● acquisition of volatile evidence, ● live forensics analysis, and ● chain of custody. ",acquisition of volatile evidence,"1,5 ",1,0,0,0,1,0,0,0,
91,"this topic includes: ● pull-the-plug versus triage, ● write-blocking, ● forensically-prepared destination media, ● imaging procedures, ● acquisition of volatile evidence, ● live forensics analysis, and ● chain of custody. ",live forensics analysis,"1,5 ",1,0,0,0,1,0,0,0,
92,"this topic includes: ● pull-the-plug versus triage, ● write-blocking, ● forensically-prepared destination media, ● imaging procedures, ● acquisition of volatile evidence, ● live forensics analysis, and ● chain of custody. ",chain of custody,"1,5 ",1,0,0,0,1,0,0,0,
93,"this topic focuses on knowledge (awareness the  artifact exists), attributes (components and possible  variations of the artifact), origin/cause (emphasis on  why the artifact exists), discoverability (how the  artifact is located/viewed with tools), relevance  (significance in the context of the specific  investigation). includes:  ● sources of digital evidence, ● deleted and undeleted files, temporary files, ● metadata, ● print spool files ● slack space, ● hibernation files, ● windows registry, ● browser history, ● log files, ● file systems, ● file recovery, and ● file carving. ",sources of digital evidence,"1,5 ",1,0,0,0,1,0,0,0,
94,"this topic focuses on knowledge (awareness the  artifact exists), attributes (components and possible  variations of the artifact), origin/cause (emphasis on  why the artifact exists), discoverability (how the  artifact is located/viewed with tools), relevance  (significance in the context of the specific  investigation). includes:  ● sources of digital evidence, ● deleted and undeleted files, temporary files, ● metadata, ● print spool files ● slack space, ● hibernation files, ● windows registry, ● browser history, ● log files, ● file systems, ● file recovery, and ● file carving. ",deleted and undeleted files,"1,5 ",1,0,0,0,1,0,0,0,
95,"this topic focuses on knowledge (awareness the  artifact exists), attributes (components and possible  variations of the artifact), origin/cause (emphasis on  why the artifact exists), discoverability (how the  artifact is located/viewed with tools), relevance  (significance in the context of the specific  investigation). includes:  ● sources of digital evidence, ● deleted and undeleted files, temporary files, ● metadata, ● print spool files ● slack space, ● hibernation files, ● windows registry, ● browser history, ● log files, ● file systems, ● file recovery, and ● file carving. ",temporary files,"1,5 ",1,0,0,0,1,0,0,0,
96,"this topic focuses on knowledge (awareness the  artifact exists), attributes (components and possible  variations of the artifact), origin/cause (emphasis on  why the artifact exists), discoverability (how the  artifact is located/viewed with tools), relevance  (significance in the context of the specific  investigation). includes:  ● sources of digital evidence, ● deleted and undeleted files, temporary files, ● metadata, ● print spool files ● slack space, ● hibernation files, ● windows registry, ● browser history, ● log files, ● file systems, ● file recovery, and ● file carving. ",metadata,"1,5 ",1,0,0,0,1,0,0,0,
97,"this topic focuses on knowledge (awareness the  artifact exists), attributes (components and possible  variations of the artifact), origin/cause (emphasis on  why the artifact exists), discoverability (how the  artifact is located/viewed with tools), relevance  (significance in the context of the specific  investigation). includes:  ● sources of digital evidence, ● deleted and undeleted files, temporary files, ● metadata, ● print spool files ● slack space, ● hibernation files, ● windows registry, ● browser history, ● log files, ● file systems, ● file recovery, and ● file carving. ",print spool files,"1,5 ",1,0,0,0,1,0,0,0,
98,"this topic focuses on knowledge (awareness the  artifact exists), attributes (components and possible  variations of the artifact), origin/cause (emphasis on  why the artifact exists), discoverability (how the  artifact is located/viewed with tools), relevance  (significance in the context of the specific  investigation). includes:  ● sources of digital evidence, ● deleted and undeleted files, temporary files, ● metadata, ● print spool files ● slack space, ● hibernation files, ● windows registry, ● browser history, ● log files, ● file systems, ● file recovery, and ● file carving. ",slack space,"1,5 ",1,0,0,0,1,0,0,0,
99,"this topic focuses on knowledge (awareness the  artifact exists), attributes (components and possible  variations of the artifact), origin/cause (emphasis on  why the artifact exists), discoverability (how the  artifact is located/viewed with tools), relevance  (significance in the context of the specific  investigation). includes:  ● sources of digital evidence, ● deleted and undeleted files, temporary files, ● metadata, ● print spool files ● slack space, ● hibernation files, ● windows registry, ● browser history, ● log files, ● file systems, ● file recovery, and ● file carving. ",hibernation files,"1,5 ",1,0,0,0,1,0,0,0,
100,"this topic focuses on knowledge (awareness the  artifact exists), attributes (components and possible  variations of the artifact), origin/cause (emphasis on  why the artifact exists), discoverability (how the  artifact is located/viewed with tools), relevance  (significance in the context of the specific  investigation). includes:  ● sources of digital evidence, ● deleted and undeleted files, temporary files, ● metadata, ● print spool files ● slack space, ● hibernation files, ● windows registry, ● browser history, ● log files, ● file systems, ● file recovery, and ● file carving. ",windows registry,"1,5 ",1,0,0,0,1,0,0,0,
101,"this topic focuses on knowledge (awareness the  artifact exists), attributes (components and possible  variations of the artifact), origin/cause (emphasis on  why the artifact exists), discoverability (how the  artifact is located/viewed with tools), relevance  (significance in the context of the specific  investigation). includes:  ● sources of digital evidence, ● deleted and undeleted files, temporary files, ● metadata, ● print spool files ● slack space, ● hibernation files, ● windows registry, ● browser history, ● log files, ● file systems, ● file recovery, and ● file carving. ",browser history,"1,5 ",1,0,0,0,1,0,0,0,
102,"this topic focuses on knowledge (awareness the  artifact exists), attributes (components and possible  variations of the artifact), origin/cause (emphasis on  why the artifact exists), discoverability (how the  artifact is located/viewed with tools), relevance  (significance in the context of the specific  investigation). includes:  ● sources of digital evidence, ● deleted and undeleted files, temporary files, ● metadata, ● print spool files ● slack space, ● hibernation files, ● windows registry, ● browser history, ● log files, ● file systems, ● file recovery, and ● file carving. ",log files,"1,5 ",1,0,0,0,1,0,0,0,
103,"this topic focuses on knowledge (awareness the  artifact exists), attributes (components and possible  variations of the artifact), origin/cause (emphasis on  why the artifact exists), discoverability (how the  artifact is located/viewed with tools), relevance  (significance in the context of the specific  investigation). includes:  ● sources of digital evidence, ● deleted and undeleted files, temporary files, ● metadata, ● print spool files ● slack space, ● hibernation files, ● windows registry, ● browser history, ● log files, ● file systems, ● file recovery, and ● file carving. ",file systems,"1,5 ",1,0,0,0,1,0,0,0,
104,"this topic focuses on knowledge (awareness the  artifact exists), attributes (components and possible  variations of the artifact), origin/cause (emphasis on  why the artifact exists), discoverability (how the  artifact is located/viewed with tools), relevance  (significance in the context of the specific  investigation). includes:  ● sources of digital evidence, ● deleted and undeleted files, temporary files, ● metadata, ● print spool files ● slack space, ● hibernation files, ● windows registry, ● browser history, ● log files, ● file systems, ● file recovery, and ● file carving. ",file recovery,"1,5 ",1,0,0,0,1,0,0,0,
105,"this topic focuses on knowledge (awareness the  artifact exists), attributes (components and possible  variations of the artifact), origin/cause (emphasis on  why the artifact exists), discoverability (how the  artifact is located/viewed with tools), relevance  (significance in the context of the specific  investigation). includes:  ● sources of digital evidence, ● deleted and undeleted files, temporary files, ● metadata, ● print spool files ● slack space, ● hibernation files, ● windows registry, ● browser history, ● log files, ● file systems, ● file recovery, and ● file carving. ",file carving,"1,5 ",1,0,0,0,1,0,0,0,
106,"this topic includes: ● timeline analysis, ● attribution,  ● lay versus technical explanations, ● executive summaries, ● detailed reports, and ● limitations. ",timeline analysis,"1,5 ",1,0,0,0,1,0,0,0,
107,"this topic includes: ● timeline analysis, ● attribution,  ● lay versus technical explanations, ● executive summaries, ● detailed reports, and ● limitations. ",attribution,"1,5 ",1,0,0,0,1,0,0,0,
108,"this topic includes: ● timeline analysis, ● attribution,  ● lay versus technical explanations, ● executive summaries, ● detailed reports, and ● limitations. ",lay versus technical explanations,"1,5 ",1,0,0,0,1,0,0,0,
109,"this topic includes: ● timeline analysis, ● attribution,  ● lay versus technical explanations, ● executive summaries, ● detailed reports, and ● limitations. ",executive summaries,"1,5 ",1,0,0,0,1,0,0,0,
110,"this topic includes: ● timeline analysis, ● attribution,  ● lay versus technical explanations, ● executive summaries, ● detailed reports, and ● limitations. ",detailed reports,"1,5 ",1,0,0,0,1,0,0,0,
111,"this topic includes: ● timeline analysis, ● attribution,  ● lay versus technical explanations, ● executive summaries, ● detailed reports, and ● limitations. ",limitations,"1,5 ",1,0,0,0,1,0,0,0,
112,"this topic includes: ● hashing algorithms (md5, sha-1, etc.), ● hashing entire media vs individual files, and ● pre-exam and post-exam verification hashing. ","hashing algorithms (md5, sha 1, etc.)","1,5 ",1,0,0,0,1,0,0,0,
113,"this topic includes: ● hashing algorithms (md5, sha-1, etc.), ● hashing entire media vs individual files, and ● pre-exam and post-exam verification hashing. ",hashing entire media vs individual files,"1,5 ",1,0,0,0,1,0,0,0,
114,"this topic includes: ● hashing algorithms (md5, sha-1, etc.), ● hashing entire media vs individual files, and ● pre-exam and post-exam verification hashing. ",pre exam and post exam verification hashing,"1,5 ",1,0,0,0,1,0,0,0,
115,"this topic includes: ● report structures, ● incident detection and analysis, ● containment, eradication and recovery, ● post-incident activities, and ● information sharing, ",report structures,"1,5 ",1,0,0,0,1,0,0,0,
116,"this topic includes: ● report structures, ● incident detection and analysis, ● containment, eradication and recovery, ● post-incident activities, and ● information sharing, ",incident detection and analysis,"1,5 ",1,0,0,0,1,0,0,0,
117,"this topic includes: ● report structures, ● incident detection and analysis, ● containment, eradication and recovery, ● post-incident activities, and ● information sharing, ",containment,"1,5 ",1,0,0,0,1,0,0,0,
118,"this topic includes: ● report structures, ● incident detection and analysis, ● containment, eradication and recovery, ● post-incident activities, and ● information sharing, ",eradication and recovery,"1,5 ",1,0,0,0,1,0,0,0,
119,"this topic includes: ● report structures, ● incident detection and analysis, ● containment, eradication and recovery, ● post-incident activities, and ● information sharing, ",post incident activities,"1,5 ",1,0,0,0,1,0,0,0,
120,"this topic includes: ● report structures, ● incident detection and analysis, ● containment, eradication and recovery, ● post-incident activities, and ● information sharing, ",information sharing,"1,5 ",1,0,0,0,1,0,0,0,
121,"this topic includes: ● wireless technologies, ● mobile device technology, ● collection/isolation of mobile device, ● mobile operating systems (os) and apps, and ● mobile artifacts ",wireless technologies,"1,5 ",1,0,0,0,1,0,0,0,
122,"this topic includes: ● wireless technologies, ● mobile device technology, ● collection/isolation of mobile device, ● mobile operating systems (os) and apps, and ● mobile artifacts ",mobile device technology,"1,5 ",1,0,0,0,1,0,0,0,
123,"this topic includes: ● wireless technologies, ● mobile device technology, ● collection/isolation of mobile device, ● mobile operating systems (os) and apps, and ● mobile artifacts ",collection isolation of mobile device,"1,5 ",1,0,0,0,1,0,0,0,
124,"this topic includes: ● wireless technologies, ● mobile device technology, ● collection/isolation of mobile device, ● mobile operating systems (os) and apps, and ● mobile artifacts ",mobile operating systems (os) and apps,"1,5 ",1,0,0,0,1,0,0,0,
125,"this topic includes: ● wireless technologies, ● mobile device technology, ● collection/isolation of mobile device, ● mobile operating systems (os) and apps, and ● mobile artifacts ",mobile artifacts,"1,5 ",1,0,0,0,1,0,0,0,
126,"this topic includes: ● multifactor authentication, ● cryptographic tokens, ● cryptographic devices, ● biometric authentication, ● one-time passwords, and ● knowledge-based authentication ",multifactor authentication,1,1,0,0,0,0,0,0,0,
127,"this topic includes: ● multifactor authentication, ● cryptographic tokens, ● cryptographic devices, ● biometric authentication, ● one-time passwords, and ● knowledge-based authentication ",cryptographic tokens,1,1,0,0,0,0,0,0,0,
128,"this topic includes: ● multifactor authentication, ● cryptographic tokens, ● cryptographic devices, ● biometric authentication, ● one-time passwords, and ● knowledge-based authentication ",cryptographic devices,1,1,0,0,0,0,0,0,0,
129,"this topic includes: ● multifactor authentication, ● cryptographic tokens, ● cryptographic devices, ● biometric authentication, ● one-time passwords, and ● knowledge-based authentication ",biometric authentication,1,1,0,0,0,0,0,0,0,
130,"this topic includes: ● multifactor authentication, ● cryptographic tokens, ● cryptographic devices, ● biometric authentication, ● one-time passwords, and ● knowledge-based authentication ",one time passwords,1,1,0,0,0,0,0,0,0,
131,"this topic includes: ● multifactor authentication, ● cryptographic tokens, ● cryptographic devices, ● biometric authentication, ● one-time passwords, and ● knowledge-based authentication ",knowledge based authentication,1,1,0,0,0,0,0,0,0,
132,"this topic includes: ● dictionary attack, ● brute force attack, ● rainbow table attack, ● phishing and social engineering, ● malware-based attack, ● spidering, ● off-line analysis, and ● password cracking tools ",dictionary attack,1,1,0,0,0,0,0,0,0,
133,"this topic includes: ● dictionary attack, ● brute force attack, ● rainbow table attack, ● phishing and social engineering, ● malware-based attack, ● spidering, ● off-line analysis, and ● password cracking tools ",brute force attack,1,1,0,0,0,0,0,0,0,
134,"this topic includes: ● dictionary attack, ● brute force attack, ● rainbow table attack, ● phishing and social engineering, ● malware-based attack, ● spidering, ● off-line analysis, and ● password cracking tools ",rainbow table attack,1,1,0,0,0,0,0,0,0,
135,"this topic includes: ● dictionary attack, ● brute force attack, ● rainbow table attack, ● phishing and social engineering, ● malware-based attack, ● spidering, ● off-line analysis, and ● password cracking tools ",phishing and social engineering,1,1,0,0,0,0,0,0,0,
136,"this topic includes: ● dictionary attack, ● brute force attack, ● rainbow table attack, ● phishing and social engineering, ● malware-based attack, ● spidering, ● off-line analysis, and ● password cracking tools ",malware based attack,1,1,0,0,0,0,0,0,0,
137,"this topic includes: ● dictionary attack, ● brute force attack, ● rainbow table attack, ● phishing and social engineering, ● malware-based attack, ● spidering, ● off-line analysis, and ● password cracking tools ",spidering,1,1,0,0,0,0,0,0,0,
138,"this topic includes: ● dictionary attack, ● brute force attack, ● rainbow table attack, ● phishing and social engineering, ● malware-based attack, ● spidering, ● off-line analysis, and ● password cracking tools ",off line analysis,1,1,0,0,0,0,0,0,0,
139,"this topic includes: ● dictionary attack, ● brute force attack, ● rainbow table attack, ● phishing and social engineering, ● malware-based attack, ● spidering, ● off-line analysis, and ● password cracking tools ",password cracking tools,1,1,0,0,0,0,0,0,0,
140,"this topic includes: ● cryptographic hash functions (sha-256, sha-3,  collision resistance), ● salting, ● iteration count, and ● password-based key derivation. ","cryptographic hash functions (sha 256, sha 3, collision resistance)",1,1,0,0,0,0,0,0,0,
141,"this topic includes: ● cryptographic hash functions (sha-256, sha-3,  collision resistance), ● salting, ● iteration count, and ● password-based key derivation. ",salting,1,1,0,0,0,0,0,0,0,
142,"this topic includes: ● cryptographic hash functions (sha-256, sha-3,  collision resistance), ● salting, ● iteration count, and ● password-based key derivation. ",iteration count,1,1,0,0,0,0,0,0,0,
143,"this topic includes: ● cryptographic hash functions (sha-256, sha-3,  collision resistance), ● salting, ● iteration count, and ● password-based key derivation. ",password based key derivation,1,1,0,0,0,0,0,0,0,
144,"this topic includes: ● message authentication codes (hmac,  cbc-mac), ● digital signatures, ● authenticated encryption, and ● hash trees. ","message authentication codes (hmac, cbc mac)",1,1,0,0,0,0,0,0,0,
145,"this topic includes: ● message authentication codes (hmac,  cbc-mac), ● digital signatures, ● authenticated encryption, and ● hash trees. ",digital signatures,1,1,0,0,0,0,0,0,0,
146,"this topic includes: ● message authentication codes (hmac,  cbc-mac), ● digital signatures, ● authenticated encryption, and ● hash trees. ",authenticated encryption,1,1,0,0,0,0,0,0,0,
147,"this topic includes: ● message authentication codes (hmac,  cbc-mac), ● digital signatures, ● authenticated encryption, and ● hash trees. ",hash trees,1,1,0,0,0,0,0,0,0,
148,"this topic includes: ● data center security, including keyed access, man  trips, key cards and video surveillance, ● rack-level security, and ● data destruction ",data center security,1,1,0,0,0,0,0,0,0,
149,"this topic includes: ● data center security, including keyed access, man  trips, key cards and video surveillance, ● rack-level security, and ● data destruction ",keyed access,1,1,0,0,0,0,0,0,0,
150,"this topic includes: ● data center security, including keyed access, man  trips, key cards and video surveillance, ● rack-level security, and ● data destruction ",man trips,1,1,0,0,0,0,0,0,0,
151,"this topic includes: ● data center security, including keyed access, man  trips, key cards and video surveillance, ● rack-level security, and ● data destruction ",key cards,1,1,0,0,0,0,0,0,0,
152,"this topic includes: ● data center security, including keyed access, man  trips, key cards and video surveillance, ● rack-level security, and ● data destruction ",video surveillance,1,1,0,0,0,0,0,0,0,
153,"this topic includes: ● data center security, including keyed access, man  trips, key cards and video surveillance, ● rack-level security, and ● data destruction ",rack level security,1,1,0,0,0,0,0,0,0,
154,"this topic includes: ● data center security, including keyed access, man  trips, key cards and video surveillance, ● rack-level security, and ● data destruction ",data destruction,1,1,0,0,0,0,0,0,0,
155,"this topic includes: ● access control lists, group policies, passwords, ● discretionary access control (dac), ● mandatory access control (mac), ● role-based access control (rbac), ● attribute-based access control (abac), ● rule-based access control (rac), ● history-based access control (hbac), ● identity-based access control (ibac), ● organization-based access control (orbac),  and ● federated identities and access control. ",access control lists,1,1,0,0,0,0,0,0,0,
156,"this topic includes: ● access control lists, group policies, passwords, ● discretionary access control (dac), ● mandatory access control (mac), ● role-based access control (rbac), ● attribute-based access control (abac), ● rule-based access control (rac), ● history-based access control (hbac), ● identity-based access control (ibac), ● organization-based access control (orbac),  and ● federated identities and access control. ",group policies,1,1,0,0,0,0,0,0,0,
157,"this topic includes: ● access control lists, group policies, passwords, ● discretionary access control (dac), ● mandatory access control (mac), ● role-based access control (rbac), ● attribute-based access control (abac), ● rule-based access control (rac), ● history-based access control (hbac), ● identity-based access control (ibac), ● organization-based access control (orbac),  and ● federated identities and access control. ",passwords,1,1,0,0,0,0,0,0,0,
158,"this topic includes: ● access control lists, group policies, passwords, ● discretionary access control (dac), ● mandatory access control (mac), ● role-based access control (rbac), ● attribute-based access control (abac), ● rule-based access control (rac), ● history-based access control (hbac), ● identity-based access control (ibac), ● organization-based access control (orbac),  and ● federated identities and access control. ",discretionary access control (dac),1,1,0,0,0,0,0,0,0,
159,"this topic includes: ● access control lists, group policies, passwords, ● discretionary access control (dac), ● mandatory access control (mac), ● role-based access control (rbac), ● attribute-based access control (abac), ● rule-based access control (rac), ● history-based access control (hbac), ● identity-based access control (ibac), ● organization-based access control (orbac),  and ● federated identities and access control. ",mandatory access control (mac),1,1,0,0,0,0,0,0,0,
160,"this topic includes: ● access control lists, group policies, passwords, ● discretionary access control (dac), ● mandatory access control (mac), ● role-based access control (rbac), ● attribute-based access control (abac), ● rule-based access control (rac), ● history-based access control (hbac), ● identity-based access control (ibac), ● organization-based access control (orbac),  and ● federated identities and access control. ",role based access control (rbac),1,1,0,0,0,0,0,0,0,
161,"this topic includes: ● access control lists, group policies, passwords, ● discretionary access control (dac), ● mandatory access control (mac), ● role-based access control (rbac), ● attribute-based access control (abac), ● rule-based access control (rac), ● history-based access control (hbac), ● identity-based access control (ibac), ● organization-based access control (orbac),  and ● federated identities and access control. ",attribute based access control (abac),1,1,0,0,0,0,0,0,0,
162,"this topic includes: ● access control lists, group policies, passwords, ● discretionary access control (dac), ● mandatory access control (mac), ● role-based access control (rbac), ● attribute-based access control (abac), ● rule-based access control (rac), ● history-based access control (hbac), ● identity-based access control (ibac), ● organization-based access control (orbac),  and ● federated identities and access control. ",rule based access control (rac),1,1,0,0,0,0,0,0,0,
163,"this topic includes: ● access control lists, group policies, passwords, ● discretionary access control (dac), ● mandatory access control (mac), ● role-based access control (rbac), ● attribute-based access control (abac), ● rule-based access control (rac), ● history-based access control (hbac), ● identity-based access control (ibac), ● organization-based access control (orbac),  and ● federated identities and access control. ",history based access control (hbac),1,1,0,0,0,0,0,0,0,
164,"this topic includes: ● access control lists, group policies, passwords, ● discretionary access control (dac), ● mandatory access control (mac), ● role-based access control (rbac), ● attribute-based access control (abac), ● rule-based access control (rac), ● history-based access control (hbac), ● identity-based access control (ibac), ● organization-based access control (orbac),  and ● federated identities and access control. ",identity based access control (ibac),1,1,0,0,0,0,0,0,0,
165,"this topic includes: ● access control lists, group policies, passwords, ● discretionary access control (dac), ● mandatory access control (mac), ● role-based access control (rbac), ● attribute-based access control (abac), ● rule-based access control (rac), ● history-based access control (hbac), ● identity-based access control (ibac), ● organization-based access control (orbac),  and ● federated identities and access control. ",organization based access control (orbac),1,1,0,0,0,0,0,0,0,
166,"this topic includes: ● access control lists, group policies, passwords, ● discretionary access control (dac), ● mandatory access control (mac), ● role-based access control (rbac), ● attribute-based access control (abac), ● rule-based access control (rac), ● history-based access control (hbac), ● identity-based access control (ibac), ● organization-based access control (orbac),  and ● federated identities and access control. ",federated identities and access control,1,1,0,0,0,0,0,0,0,
167,"this topic includes: ● principles of a security architecture, and ● protection of information in computer systems. ",principles of a security architecture,1,1,0,0,0,0,0,0,0,
168,"this topic includes: ● principles of a security architecture, and ● protection of information in computer systems. ",protection of information in computer systems,1,1,0,0,0,0,0,0,0,
169,"this topic includes: ● controlling authorized boundaries, ● channels, ● destinations, and ● methods of data sharing. ",controlling authorized boundaries,1,1,0,0,0,0,0,0,0,
170,"this topic includes: ● controlling authorized boundaries, ● channels, ● destinations, and ● methods of data sharing. ",channels,1,1,0,0,0,0,0,0,0,
171,"this topic includes: ● controlling authorized boundaries, ● channels, ● destinations, and ● methods of data sharing. ",destinations,1,1,0,0,0,0,0,0,0,
172,"this topic includes: ● controlling authorized boundaries, ● channels, ● destinations, and ● methods of data sharing. ",methods of data sharing,1,1,0,0,0,0,0,0,0,
173,"this topic includes: ● http, ● https, ● ssh, and ● ssl/tls. ",http,1,1,0,0,0,0,0,0,0,
174,"this topic includes: ● http, ● https, ● ssh, and ● ssl/tls. ",https,1,1,0,0,0,0,0,0,0,
175,"this topic includes: ● http, ● https, ● ssh, and ● ssl/tls. ",ssh,1,1,0,0,0,0,0,0,0,
176,"this topic includes: ● http, ● https, ● ssh, and ● ssl/tls. ",ssl tls,1,1,0,0,0,0,0,0,0,
177,"this topic includes: ● downgrade attacks, ● certificate forgery ● implications of stolen root certificates, and ● certificate transparency. ",downgrade attacks,1,1,0,0,0,0,0,0,0,
178,"this topic includes: ● downgrade attacks, ● certificate forgery ● implications of stolen root certificates, and ● certificate transparency. ",certificate forgery,1,1,0,0,0,0,0,0,0,
179,"this topic includes: ● downgrade attacks, ● certificate forgery ● implications of stolen root certificates, and ● certificate transparency. ",implications of stolen root certificates,1,1,0,0,0,0,0,0,0,
180,"this topic includes: ● downgrade attacks, ● certificate forgery ● implications of stolen root certificates, and ● certificate transparency. ",certificate transparency,1,1,0,0,0,0,0,0,0,
181,this topic includes ipsec and vpn ,ipsec,1,1,0,0,0,0,0,0,0,
182,this topic includes ipsec and vpn ,vpn,1,1,0,0,0,0,0,0,0,
183,"this topic includes mixnet, tor, off-the-record  message, and signal ",mixnet,1,1,0,0,0,0,0,0,0,
184,"this topic includes mixnet, tor, off-the-record  message, and signal ",tor,1,1,0,0,0,0,0,0,0,
185,"this topic includes mixnet, tor, off-the-record  message, and signal ",off the record message,1,1,0,0,0,0,0,0,0,
186,"this topic includes mixnet, tor, off-the-record  message, and signal ",signal,1,1,0,0,0,0,0,0,0,
187,"this topic includes l2tp, ppp and radius. ",l2tp,1,1,0,0,0,0,0,0,0,
188,"this topic includes l2tp, ppp and radius. ",ppp,1,1,0,0,0,0,0,0,0,
189,"this topic includes l2tp, ppp and radius. ",radius,1,1,0,0,0,0,0,0,0,
190,"this topic includes: ● brute-force attack,  ● frequency-based attacks,  ● attacks on the enigma machine, and ● birthday-paradox attack. ",brute force attack,1,1,0,0,0,0,0,0,0,
191,"this topic includes: ● brute-force attack,  ● frequency-based attacks,  ● attacks on the enigma machine, and ● birthday-paradox attack. ",frequency based attacks,1,1,0,0,0,0,0,0,0,
192,"this topic includes: ● brute-force attack,  ● frequency-based attacks,  ● attacks on the enigma machine, and ● birthday-paradox attack. ",attacks on the enigma machine,1,1,0,0,0,0,0,0,0,
193,"this topic includes: ● brute-force attack,  ● frequency-based attacks,  ● attacks on the enigma machine, and ● birthday-paradox attack. ",birthday paradox attack,1,1,0,0,0,0,0,0,0,
194,"this topic includes: ● timing attacks, ● power-consumption attacks, and ● differential fault analysis. ",timing attacks,1,1,0,0,0,0,0,0,0,
195,"this topic includes: ● timing attacks, ● power-consumption attacks, and ● differential fault analysis. ",power consumption attacks,1,1,0,0,0,0,0,0,0,
196,"this topic includes: ● timing attacks, ● power-consumption attacks, and ● differential fault analysis. ",differential fault analysis,1,1,0,0,0,0,0,0,0,
197,"this topic includes: ● differential attack,  ● linear attack, and ● meet-in-the-middle attack. ",differential attack,1,1,0,0,0,0,0,0,0,
198,"this topic includes: ● differential attack,  ● linear attack, and ● meet-in-the-middle attack. ",linear attack,1,1,0,0,0,0,0,0,0,
199,"this topic includes: ● differential attack,  ● linear attack, and ● meet-in-the-middle attack. ",meet in the middle attack,1,1,0,0,0,0,0,0,0,
200,"this topic includes factoring algorithms (pollard’s p-1  and rho methods, quadratic sieve, and number field  sieve) ",factoring algorithms,1,1,0,0,0,0,0,0,0,
201,"this topic includes factoring algorithms (pollard’s p-1  and rho methods, quadratic sieve, and number field  sieve) ",  pollards p 1 method,1,1,0,0,0,0,0,0,0,
202,"this topic includes factoring algorithms (pollard’s p-1  and rho methods, quadratic sieve, and number field  sieve) ",  rho method,1,1,0,0,0,0,0,0,0,
203,"this topic includes factoring algorithms (pollard’s p-1  and rho methods, quadratic sieve, and number field  sieve) ",  quadratic sieve,1,1,0,0,0,0,0,0,0,
204,"this topic includes factoring algorithms (pollard’s p-1  and rho methods, quadratic sieve, and number field  sieve) ",  number field sieve,1,1,0,0,0,0,0,0,0,
205,"this topic includes: ● pohlig-hellman, ● baby step/giant step, and ● pollard’s rho method ",pohlig hellman,1,1,0,0,0,0,0,0,0,
206,"this topic includes: ● pohlig-hellman, ● baby step/giant step, and ● pollard’s rho method ",baby step giant step,1,1,0,0,0,0,0,0,0,
207,"this topic includes: ● pohlig-hellman, ● baby step/giant step, and ● pollard’s rho method ",pollards rho method,1,1,0,0,0,0,0,0,0,
208,"this topic includes: ● shared modulus, ● small public exponent, and ● partially exposed prime factors ",shared modulus,1,1,0,0,0,0,0,0,0,
209,"this topic includes: ● shared modulus, ● small public exponent, and ● partially exposed prime factors ",small public exponent,1,1,0,0,0,0,0,0,0,
210,"this topic includes: ● shared modulus, ● small public exponent, and ● partially exposed prime factors ",partially exposed prime factors,1,1,0,0,0,0,0,0,0,
211,"this topic includes: ● definitions (brandeis, solove), ● legal (hipaa, ferpa, glba), ● data collection, ● data aggregation, ● data dissemination, ● privacy invasions, ● social engineering, and ● social media ","definitions (brandeis, solove)","1,6,8 ",1,0,0,0,0,1,0,1,
212,"this topic includes: ● definitions (brandeis, solove), ● legal (hipaa, ferpa, glba), ● data collection, ● data aggregation, ● data dissemination, ● privacy invasions, ● social engineering, and ● social media ","legal (hipaa, ferpa, glba)","1,6,8 ",1,0,0,0,0,1,0,1,
213,"this topic includes: ● definitions (brandeis, solove), ● legal (hipaa, ferpa, glba), ● data collection, ● data aggregation, ● data dissemination, ● privacy invasions, ● social engineering, and ● social media ",data collection,"1,6,8 ",1,0,0,0,0,1,0,1,
214,"this topic includes: ● definitions (brandeis, solove), ● legal (hipaa, ferpa, glba), ● data collection, ● data aggregation, ● data dissemination, ● privacy invasions, ● social engineering, and ● social media ",data aggregation,"1,6,8 ",1,0,0,0,0,1,0,1,
215,"this topic includes: ● definitions (brandeis, solove), ● legal (hipaa, ferpa, glba), ● data collection, ● data aggregation, ● data dissemination, ● privacy invasions, ● social engineering, and ● social media ",data dissemination,"1,6,8 ",1,0,0,0,0,1,0,1,
216,"this topic includes: ● definitions (brandeis, solove), ● legal (hipaa, ferpa, glba), ● data collection, ● data aggregation, ● data dissemination, ● privacy invasions, ● social engineering, and ● social media ",privacy invasions,"1,6,8 ",1,0,0,0,0,1,0,1,
217,"this topic includes: ● definitions (brandeis, solove), ● legal (hipaa, ferpa, glba), ● data collection, ● data aggregation, ● data dissemination, ● privacy invasions, ● social engineering, and ● social media ",social engineering,"1,6,8 ",1,0,0,0,0,1,0,1,
218,"this topic includes: ● definitions (brandeis, solove), ● legal (hipaa, ferpa, glba), ● data collection, ● data aggregation, ● data dissemination, ● privacy invasions, ● social engineering, and ● social media ",social media,"1,6,8 ",1,0,0,0,0,1,0,1,
219,this topic includes hardware-level versus software  encryption ,hardware level encryption,1,1,0,0,0,0,0,0,0,
220,this topic includes hardware-level versus software  encryption ,software encryption,1,1,0,0,0,0,0,0,0,
221,"this topic includes: ● overwriting, degaussing, ● physical destruction methods, and ● memory remanence. ",overwriting,1,1,0,0,0,0,0,0,0,
222,"this topic includes: ● overwriting, degaussing, ● physical destruction methods, and ● memory remanence. ",degaussing,1,1,0,0,0,0,0,0,0,
223,"this topic includes: ● overwriting, degaussing, ● physical destruction methods, and ● memory remanence. ",physical destruction methods,1,1,0,0,0,0,0,0,0,
224,"this topic includes: ● overwriting, degaussing, ● physical destruction methods, and ● memory remanence. ",memory remanence,1,1,0,0,0,0,0,0,0,
225,"for this topic, include the need and techniques for  data masking. the following is a non-exhaustive list  of subtopics to be covered: ● data masking for testing, ● data masking for obfuscation, and ● data masking for privacy. ",data masking for testing,1,1,0,0,0,0,0,0,0,
226,"for this topic, include the need and techniques for  data masking. the following is a non-exhaustive list  of subtopics to be covered: ● data masking for testing, ● data masking for obfuscation, and ● data masking for privacy. ",data masking for obfuscation,1,1,0,0,0,0,0,0,0,
227,"for this topic, include the need and techniques for  data masking. the following is a non-exhaustive list  of subtopics to be covered: ● data masking for testing, ● data masking for obfuscation, and ● data masking for privacy. ",data masking for privacy,1,1,0,0,0,0,0,0,0,
228,"this topic includes: ● access/authentication, auditing, and ● app integration paradigms ",access authentication,1,1,0,0,0,0,0,0,0,
229,"this topic includes: ● access/authentication, auditing, and ● app integration paradigms ",auditing,1,1,0,0,0,0,0,0,0,
230,"this topic includes: ● access/authentication, auditing, and ● app integration paradigms ",app integration paradigms,1,1,0,0,0,0,0,0,0,
231,"this topic introduces the legal aspects of data security,  laws and policies that govern data (e.g., hipaa). it  also provides an introduction to other law-related  topics in the organizational security knowledge area ",legal aspects of data security,1,1,0,0,0,0,0,0,0,
232,"this topic introduces the legal aspects of data security,  laws and policies that govern data (e.g., hipaa). it  also provides an introduction to other law-related  topics in the organizational security knowledge area ",hipaa,1,1,0,0,0,0,0,0,0,
233,"this topic introduces the legal aspects of data security,  laws and policies that govern data (e.g., hipaa). it  also provides an introduction to other law-related  topics in the organizational security knowledge area ",organizational security knowledge area,1,1,0,0,0,0,0,0,0,
235,"this knowledge unit introduces the principles that  underlie both design and implementation. the first  five are restrictiveness principles, the next three are  simplicity principles, and the rest are methodology  principles. ",restrictiveness principles,"2,3 ",0,1,1,0,0,0,0,0,
236,"this knowledge unit introduces the principles that  underlie both design and implementation. the first  five are restrictiveness principles, the next three are  simplicity principles, and the rest are methodology  principles. ",simplicity principles,"2,3 ",0,1,1,0,0,0,0,0,
237,"this knowledge unit introduces the principles that  underlie both design and implementation. the first  five are restrictiveness principles, the next three are  simplicity principles, and the rest are methodology  principles. ",methodology principles,"2,3 ",0,1,1,0,0,0,0,0,
238,software should be given only those privileges that it  needs to complete its task. ,software permissions,"2,3 ",0,1,1,0,0,0,0,0,
239,software should be given only those privileges that it  needs to complete its task. ,task completion requirements,"2,3 ",0,1,1,0,0,0,0,0,
240,software should be given only those privileges that it  needs to complete its task. ,security best practices,"2,3 ",0,1,1,0,0,0,0,0,
241,"the initial state should be to deny access unless  access is explicitly required. then, unless software is  given explicit access to an object, it should be denied  access to that object and the protection state of the  system should remain unchanged. ",initial state should deny access,"2,3  ",0,1,1,0,0,0,0,0,
242,"the initial state should be to deny access unless  access is explicitly required. then, unless software is  given explicit access to an object, it should be denied  access to that object and the protection state of the  system should remain unchanged. ",deny access unless explicitly required,"2,3  ",0,1,1,0,0,0,0,0,
243,"the initial state should be to deny access unless  access is explicitly required. then, unless software is  given explicit access to an object, it should be denied  access to that object and the protection state of the  system should remain unchanged. ",deny access to objects without explicit permission,"2,3  ",0,1,1,0,0,0,0,0,
244,"the initial state should be to deny access unless  access is explicitly required. then, unless software is  given explicit access to an object, it should be denied  access to that object and the protection state of the  system should remain unchanged. ",protection state should remain unchanged,"2,3  ",0,1,1,0,0,0,0,0,
245,software should validate every access to objects to  ensure that the access is allowed ,software validation,"2,3  ",0,1,1,0,0,0,0,0,
246,software should validate every access to objects to  ensure that the access is allowed ,access control,"2,3  ",0,1,1,0,0,0,0,0,
247,software should validate every access to objects to  ensure that the access is allowed ,object validation,"2,3  ",0,1,1,0,0,0,0,0,
248,software should validate every access to objects to  ensure that the access is allowed ,permission enforcement,"2,3  ",0,1,1,0,0,0,0,0,
249,"software should not grant access to a resource, or  take a security-relevant action, based on a single  condition. ",multi factor authentication,"2,3  ",0,1,1,0,0,0,0,0,
250,"software should not grant access to a resource, or  take a security-relevant action, based on a single  condition. ",least privilege access,"2,3  ",0,1,1,0,0,0,0,0,
251,"software should not grant access to a resource, or  take a security-relevant action, based on a single  condition. ",policy enforcement points,"2,3  ",0,1,1,0,0,0,0,0,
252,"software should not grant access to a resource, or  take a security-relevant action, based on a single  condition. ",auditing and logging,"2,3  ",0,1,1,0,0,0,0,0,
253,software should check all inputs and the results of all  security-relevant actions. ,check all inputs,"2,3  ",0,1,1,0,0,0,0,0,
254,software should check all inputs and the results of all  security-relevant actions. ,verify security relevant actions,"2,3  ",0,1,1,0,0,0,0,0,
255,security features of software should be as simple as  possible ,simplicity in security features,"2,3  ",0,1,1,0,0,0,0,0,
256,security features of software should be as simple as  possible ,economy of mechanism principle,"2,3  ",0,1,1,0,0,0,0,0,
257,the sharing of resources should be reduced as much  as possible. ,reduce resource sharing,"2,3  ",0,1,1,0,0,0,0,0,
258,the sharing of resources should be reduced as much  as possible. ,minimize common mechanisms,"2,3  ",0,1,1,0,0,0,0,0,
259,"security features of software, and security  mechanisms it implements, should be designed so  that their operation is as logical and simple as  possible. ",security features design,"2,3  ",0,1,1,0,0,0,0,0,
260,"security features of software, and security  mechanisms it implements, should be designed so  that their operation is as logical and simple as  possible. ",logical operation,"2,3  ",0,1,1,0,0,0,0,0,
261,"security features of software, and security  mechanisms it implements, should be designed so  that their operation is as logical and simple as  possible. ",simplicity in security mechanisms,"2,3  ",0,1,1,0,0,0,0,0,
262,"security of software, and of what that software  provides, should not depend on the secrecy of its  design or implementation. ",security through transparency,"2,3  ",0,1,1,0,0,0,0,0,
263,"security of software, and of what that software  provides, should not depend on the secrecy of its  design or implementation. ",design openness,"2,3  ",0,1,1,0,0,0,0,0,
264,"security of software, and of what that software  provides, should not depend on the secrecy of its  design or implementation. ",implementation transparency,"2,3  ",0,1,1,0,0,0,0,0,
265,"organize software in layers so that modules at a  given layer interact only with modules in the layers  immediately above and below it. this allows you to  test the software one layer at a time, using either topdown or bottom-up techniques, and reduces the  access points, enforcing the principle of separation. ",organizing software in layers,"2,3  ",0,1,1,0,0,0,0,0,
266,"organize software in layers so that modules at a  given layer interact only with modules in the layers  immediately above and below it. this allows you to  test the software one layer at a time, using either topdown or bottom-up techniques, and reduces the  access points, enforcing the principle of separation. ",interaction between modules in adjacent layers,"2,3  ",0,1,1,0,0,0,0,0,
267,"organize software in layers so that modules at a  given layer interact only with modules in the layers  immediately above and below it. this allows you to  test the software one layer at a time, using either topdown or bottom-up techniques, and reduces the  access points, enforcing the principle of separation. ",testing software layer by layer,"2,3  ",0,1,1,0,0,0,0,0,
268,"organize software in layers so that modules at a  given layer interact only with modules in the layers  immediately above and below it. this allows you to  test the software one layer at a time, using either topdown or bottom-up techniques, and reduces the  access points, enforcing the principle of separation. ",top down testing technique,"2,3  ",0,1,1,0,0,0,0,0,
269,"organize software in layers so that modules at a  given layer interact only with modules in the layers  immediately above and below it. this allows you to  test the software one layer at a time, using either topdown or bottom-up techniques, and reduces the  access points, enforcing the principle of separation. ",bottom up testing technique,"2,3  ",0,1,1,0,0,0,0,0,
270,"organize software in layers so that modules at a  given layer interact only with modules in the layers  immediately above and below it. this allows you to  test the software one layer at a time, using either topdown or bottom-up techniques, and reduces the  access points, enforcing the principle of separation. ",reducing access points,"2,3  ",0,1,1,0,0,0,0,0,
271,"organize software in layers so that modules at a  given layer interact only with modules in the layers  immediately above and below it. this allows you to  test the software one layer at a time, using either topdown or bottom-up techniques, and reduces the  access points, enforcing the principle of separation. ",enforcing separation of concerns,"2,3  ",0,1,1,0,0,0,0,0,
272,"hide the internals of each layer, making only the  interfaces available; this enables you to change how  a layer carries out its tasks without affecting  components at other layers. ",hiding internals,"2,3  ",0,1,1,0,0,0,0,0,
273,"hide the internals of each layer, making only the  interfaces available; this enables you to change how  a layer carries out its tasks without affecting  components at other layers. ",exposing interfaces,"2,3  ",0,1,1,0,0,0,0,0,
274,"hide the internals of each layer, making only the  interfaces available; this enables you to change how  a layer carries out its tasks without affecting  components at other layers. ",layer independence,"2,3  ",0,1,1,0,0,0,0,0,
275,"hide the internals of each layer, making only the  interfaces available; this enables you to change how  a layer carries out its tasks without affecting  components at other layers. ",modularity benefits,"2,3  ",0,1,1,0,0,0,0,0,
276,"design and implement the software as a collection of  co-operating components (modules); indeed, each  module interface is an abstraction ",design principles for modularity,"2,3  ",0,1,1,0,0,0,0,0,
277,"design and implement the software as a collection of  co-operating components (modules); indeed, each  module interface is an abstraction ",implementation of modules,"2,3  ",0,1,1,0,0,0,0,0,
278,"design and implement the software as a collection of  co-operating components (modules); indeed, each  module interface is an abstraction ",module interfaces and abstractions,"2,3  ",0,1,1,0,0,0,0,0,
279,"design and implement the software as a collection of  co-operating components (modules); indeed, each  module interface is an abstraction ",cooperation between modules,"2,3  ",0,1,1,0,0,0,0,0,
280,"design and implement the software as a collection of  co-operating components (modules); indeed, each  module interface is an abstraction ",benefits of modularity,"2,3  ",0,1,1,0,0,0,0,0,
281,tie software security design and implementation to  the security specifications for that software ,software security design,"2,3  ",0,1,1,0,0,0,0,0,
282,tie software security design and implementation to  the security specifications for that software ,software security implementation,"2,3  ",0,1,1,0,0,0,0,0,
283,tie software security design and implementation to  the security specifications for that software ,security specifications,"2,3  ",0,1,1,0,0,0,0,0,
284,"plan the design in such a way that it can be changed,  if needed. this minimizes the effects with respect to  the security of changing the design if the  specifications do not match an environment that the  software is used in. ",plan for changeability,"2,3  ",0,1,1,0,0,0,0,0,
285,"plan the design in such a way that it can be changed,  if needed. this minimizes the effects with respect to  the security of changing the design if the  specifications do not match an environment that the  software is used in. ",security considerations,"2,3  ",0,1,1,0,0,0,0,0,
286,"plan the design in such a way that it can be changed,  if needed. this minimizes the effects with respect to  the security of changing the design if the  specifications do not match an environment that the  software is used in. ",flexibility in design,"2,3  ",0,1,1,0,0,0,0,0,
287,"plan the design in such a way that it can be changed,  if needed. this minimizes the effects with respect to  the security of changing the design if the  specifications do not match an environment that the  software is used in. ",matching specifications to environment,"2,3  ",0,1,1,0,0,0,0,0,
288,this knowledge unit describes techniques for  including security considerations throughout the  design of software. ,techniques for integrating security from the start,2,0,1,0,0,0,0,0,0,
289,this knowledge unit describes techniques for  including security considerations throughout the  design of software. ,security design principles,2,0,1,0,0,0,0,0,0,
290,this knowledge unit describes techniques for  including security considerations throughout the  design of software. ,risk assessment in software design,2,0,1,0,0,0,0,0,0,
291,this knowledge unit describes techniques for  including security considerations throughout the  design of software. ,secure coding practices,2,0,1,0,0,0,0,0,0,
292,this knowledge unit describes techniques for  including security considerations throughout the  design of software. ,testing and validation for security,2,0,1,0,0,0,0,0,0,
293,this knowledge unit describes techniques for  including security considerations throughout the  design of software. ,continuous security updates and patches,2,0,1,0,0,0,0,0,0,
294,this knowledge unit describes techniques for  including security considerations throughout the  design of software. ,user authentication and authorization,2,0,1,0,0,0,0,0,0,
295,this knowledge unit describes techniques for  including security considerations throughout the  design of software. ,data encryption and protection,2,0,1,0,0,0,0,0,0,
296,this knowledge unit describes techniques for  including security considerations throughout the  design of software. ,secure communication protocols,2,0,1,0,0,0,0,0,0,
297,this knowledge unit describes techniques for  including security considerations throughout the  design of software. ,compliance with security standards and regulations,2,0,1,0,0,0,0,0,0,
298,"beginning with business, mission, or other  objectives, determine what security requirements are  necessary to succeed. these may also be derived, or  changed, as the software evolves. ",starting with business objectives,2,0,1,0,0,0,0,0,0,
299,"beginning with business, mission, or other  objectives, determine what security requirements are  necessary to succeed. these may also be derived, or  changed, as the software evolves. ",identifying mission requirements,2,0,1,0,0,0,0,0,0,
300,"beginning with business, mission, or other  objectives, determine what security requirements are  necessary to succeed. these may also be derived, or  changed, as the software evolves. ",determining necessary security requirements,2,0,1,0,0,0,0,0,0,
301,"beginning with business, mission, or other  objectives, determine what security requirements are  necessary to succeed. these may also be derived, or  changed, as the software evolves. ",evolution of security requirements,2,0,1,0,0,0,0,0,0,
302,"translate the security requirements into a form that  can be used (formal specification, informal  specifications, specifications for testing). ",formal specification,2,0,1,0,0,0,0,0,0,
303,"translate the security requirements into a form that  can be used (formal specification, informal  specifications, specifications for testing). ",informal specifications,2,0,1,0,0,0,0,0,0,
304,"translate the security requirements into a form that  can be used (formal specification, informal  specifications, specifications for testing). ",specifications for testing,2,0,1,0,0,0,0,0,0,
305,"include the following examples: waterfall model,  agile development and security. ",waterfall model,2,0,1,0,0,0,0,0,0,
306,"include the following examples: waterfall model,  agile development and security. ",agile development,2,0,1,0,0,0,0,0,0,
307,"include the following examples: waterfall model,  agile development and security. ",security implementation in software development lifecycle,2,0,1,0,0,0,0,0,0,
308,"discuss the problems that programming languages  introduce, what type-safety does, and why it is  important. ",problems introduced by programming languages,2,0,1,0,0,0,0,0,0,
309,"discuss the problems that programming languages  introduce, what type-safety does, and why it is  important. ",what type safety means,2,0,1,0,0,0,0,0,0,
310,"discuss the problems that programming languages  introduce, what type-safety does, and why it is  important. ",benefits of type safety,2,0,1,0,0,0,0,0,0,
311,"discuss the problems that programming languages  introduce, what type-safety does, and why it is  important. ",importance of type safety in programming languages,2,0,1,0,0,0,0,0,0,
312,this knowledge unit describes techniques for  including security considerations throughout the  implementation of software. ,techniques for integrating security early in the development lifecycle,2,0,1,0,0,0,0,0,0,
313,this knowledge unit describes techniques for  including security considerations throughout the  implementation of software. ,security testing methods,2,0,1,0,0,0,0,0,0,
314,this knowledge unit describes techniques for  including security considerations throughout the  implementation of software. ,secure coding practices,2,0,1,0,0,0,0,0,0,
315,this knowledge unit describes techniques for  including security considerations throughout the  implementation of software. ,implementing secure software configurations,2,0,1,0,0,0,0,0,0,
316,this knowledge unit describes techniques for  including security considerations throughout the  implementation of software. ,managing software vulnerabilities and patches,2,0,1,0,0,0,0,0,0,
317,this knowledge unit describes techniques for  including security considerations throughout the  implementation of software. ,ensuring data protection and privacy,2,0,1,0,0,0,0,0,0,
318,this knowledge unit describes techniques for  including security considerations throughout the  implementation of software. ,handling security audits and compliance,2,0,1,0,0,0,0,0,0,
319,"for this topic: ● check bounds of buffers and values of integers  to be sure they are in range, and ● check inputs to make sure they are what is  expected and will be processed/interpreted  correctly. ",check bounds of buffers,2,0,1,0,0,0,0,0,0,
320,"for this topic: ● check bounds of buffers and values of integers  to be sure they are in range, and ● check inputs to make sure they are what is  expected and will be processed/interpreted  correctly. ",check values of integers to ensure they are in range,2,0,1,0,0,0,0,0,0,
321,"for this topic: ● check bounds of buffers and values of integers  to be sure they are in range, and ● check inputs to make sure they are what is  expected and will be processed/interpreted  correctly. ",validate inputs to ensure they are as expected,2,0,1,0,0,0,0,0,0,
322,"for this topic: ● check bounds of buffers and values of integers  to be sure they are in range, and ● check inputs to make sure they are what is  expected and will be processed/interpreted  correctly. ",ensure inputs will be processed interpreted correctly,2,0,1,0,0,0,0,0,0,
323,"for this topic: ● ensure parameters and environments are validated and controlled so that the api enforces  the security policy properly, and ● check the results of using the api for problems.  ",ensure parameters are validated,2,0,1,0,0,0,0,0,0,
324,"for this topic: ● ensure parameters and environments are validated and controlled so that the api enforces  the security policy properly, and ● check the results of using the api for problems.  ",control environments properly,2,0,1,0,0,0,0,0,0,
325,"for this topic: ● ensure parameters and environments are validated and controlled so that the api enforces  the security policy properly, and ● check the results of using the api for problems.  ",enforce security policies through api,2,0,1,0,0,0,0,0,0,
326,"for this topic: ● ensure parameters and environments are validated and controlled so that the api enforces  the security policy properly, and ● check the results of using the api for problems.  ",check api results for issues,2,0,1,0,0,0,0,0,0,
327,"for this topic: ● use cryptographic randomness, and ● properly restrict process privileges. ",use cryptographic randomness,2,0,1,0,0,0,0,0,0,
328,"for this topic: ● use cryptographic randomness, and ● properly restrict process privileges. ",properly restrict process privileges,2,0,1,0,0,0,0,0,0,
329,"for this topic: ● check that the file acted upon is the one for  which the relevant attributes are checked, and ● check that processes run ",check file acted upon,2,0,1,0,0,0,0,0,0,
330,"for this topic: ● check that the file acted upon is the one for  which the relevant attributes are checked, and ● check that processes run ",verify relevant attributes,2,0,1,0,0,0,0,0,0,
331,"for this topic: ● check that the file acted upon is the one for  which the relevant attributes are checked, and ● check that processes run ",check processes run,2,0,1,0,0,0,0,0,0,
332,"for this topic: ● block or queue signals during signal processing,  if necessary, and ● determine what information should be given to  the user, balancing usability with any need to  hide some information, and how and to whom to  report that information. ","block or queue signals during signal processing, if necessary",2,0,1,0,0,0,0,0,0,
333,"for this topic: ● block or queue signals during signal processing,  if necessary, and ● determine what information should be given to  the user, balancing usability with any need to  hide some information, and how and to whom to  report that information. ",determine what information should be given to the user,2,0,1,0,0,0,0,0,0,
334,"for this topic: ● block or queue signals during signal processing,  if necessary, and ● determine what information should be given to  the user, balancing usability with any need to  hide some information, and how and to whom to  report that information. ",balance usability with hiding some information,2,0,1,0,0,0,0,0,0,
335,"for this topic: ● block or queue signals during signal processing,  if necessary, and ● determine what information should be given to  the user, balancing usability with any need to  hide some information, and how and to whom to  report that information. ",how to report information,2,0,1,0,0,0,0,0,0,
336,"for this topic: ● block or queue signals during signal processing,  if necessary, and ● determine what information should be given to  the user, balancing usability with any need to  hide some information, and how and to whom to  report that information. ",to whom to report information,2,0,1,0,0,0,0,0,0,
337,"this topic is sometimes called secure or defensive  programming. curricular content should include: ● only deallocate allocated memory, ● initialize variables before use, and ● don't rely on undefined behavior. ",only deallocate allocated memory,2,0,1,0,0,0,0,0,0,
338,"this topic is sometimes called secure or defensive  programming. curricular content should include: ● only deallocate allocated memory, ● initialize variables before use, and ● don't rely on undefined behavior. ",initialize variables before use,2,0,1,0,0,0,0,0,0,
339,"this topic is sometimes called secure or defensive  programming. curricular content should include: ● only deallocate allocated memory, ● initialize variables before use, and ● don't rely on undefined behavior. ",don't rely on undefined behavior,2,0,1,0,0,0,0,0,0,
340,this topic includes classes and other instantiations.  example: isolating processes. ,classes,2,0,1,0,0,0,0,0,0,
341,this topic includes classes and other instantiations.  example: isolating processes. ,instantiations,2,0,1,0,0,0,0,0,0,
342,this topic includes classes and other instantiations.  example: isolating processes. ,isolating processes,2,0,1,0,0,0,0,0,0,
343,example: don't put sensitive information in the  source code. ,don't commit sensitive information to source control,2,0,1,0,0,0,0,0,0,
344,example: don't put sensitive information in the  source code. ,use environment variables for configuration,2,0,1,0,0,0,0,0,0,
345,example: don't put sensitive information in the  source code. ,securely manage api keys and secrets,2,0,1,0,0,0,0,0,0,
346,this knowledge unit introduces testing  considerations for validating that the software meets  stated (and unstated) security requirements and  specifications. unstated requirements include those  related to robustness in general. ,testing considerations for stated security requirements,"2,3  ",0,1,1,0,0,0,0,0,
347,this knowledge unit introduces testing  considerations for validating that the software meets  stated (and unstated) security requirements and  specifications. unstated requirements include those  related to robustness in general. ,testing considerations for unstated security requirements,"2,3  ",0,1,1,0,0,0,0,0,
348,this knowledge unit introduces testing  considerations for validating that the software meets  stated (and unstated) security requirements and  specifications. unstated requirements include those  related to robustness in general. ,validation methods for security specifications,"2,3  ",0,1,1,0,0,0,0,0,
349,this knowledge unit introduces testing  considerations for validating that the software meets  stated (and unstated) security requirements and  specifications. unstated requirements include those  related to robustness in general. ,robustness in software testing,"2,3  ",0,1,1,0,0,0,0,0,
350,"this topic describes the different methods for each of  these, includes how static and dynamic analysis work  together, and the limits and benefits of each, as well  as how to perform these types of analyses on very  large software systems. ",methods for static analysis,"2,3  ",0,1,1,0,0,0,0,0,
351,"this topic describes the different methods for each of  these, includes how static and dynamic analysis work  together, and the limits and benefits of each, as well  as how to perform these types of analyses on very  large software systems. ",methods for dynamic analysis,"2,3  ",0,1,1,0,0,0,0,0,
352,"this topic describes the different methods for each of  these, includes how static and dynamic analysis work  together, and the limits and benefits of each, as well  as how to perform these types of analyses on very  large software systems. ",how static and dynamic analysis work together,"2,3  ",0,1,1,0,0,0,0,0,
353,"this topic describes the different methods for each of  these, includes how static and dynamic analysis work  together, and the limits and benefits of each, as well  as how to perform these types of analyses on very  large software systems. ",limits of static analysis,"2,3  ",0,1,1,0,0,0,0,0,
354,"this topic describes the different methods for each of  these, includes how static and dynamic analysis work  together, and the limits and benefits of each, as well  as how to perform these types of analyses on very  large software systems. ",benefits of static analysis,"2,3  ",0,1,1,0,0,0,0,0,
355,"this topic describes the different methods for each of  these, includes how static and dynamic analysis work  together, and the limits and benefits of each, as well  as how to perform these types of analyses on very  large software systems. ",limits of dynamic analysis,"2,3  ",0,1,1,0,0,0,0,0,
356,"this topic describes the different methods for each of  these, includes how static and dynamic analysis work  together, and the limits and benefits of each, as well  as how to perform these types of analyses on very  large software systems. ",benefits of dynamic analysis,"2,3  ",0,1,1,0,0,0,0,0,
357,"this topic describes the different methods for each of  these, includes how static and dynamic analysis work  together, and the limits and benefits of each, as well  as how to perform these types of analyses on very  large software systems. ",performing static analysis on large software systems,"2,3  ",0,1,1,0,0,0,0,0,
358,"this topic describes the different methods for each of  these, includes how static and dynamic analysis work  together, and the limits and benefits of each, as well  as how to perform these types of analyses on very  large software systems. ",performing dynamic analysis on large software systems,"2,3  ",0,1,1,0,0,0,0,0,
359,"this topic describes how to test component parts of  the software, like modules ",testing individual modules,"2,3  ",0,1,1,0,0,0,0,0,
360,"this topic describes how to test component parts of  the software, like modules ",benefits of unit testing,"2,3  ",0,1,1,0,0,0,0,0,
361,"this topic describes how to test component parts of  the software, like modules ",types of unit tests,"2,3  ",0,1,1,0,0,0,0,0,
362,"this topic describes how to test component parts of  the software, like modules ",setting up test environments,"2,3  ",0,1,1,0,0,0,0,0,
363,"this topic describes how to test component parts of  the software, like modules ",writing test cases,"2,3  ",0,1,1,0,0,0,0,0,
364,this topic describes how to test the software  components as they are integrated ,testing integrated components,"2,3  ",0,1,1,0,0,0,0,0,
365,this topic describes how to test the software  components as they are integrated ,identifying integration issues,"2,3  ",0,1,1,0,0,0,0,0,
366,this topic describes how to test the software  components as they are integrated ,integration testing methodologies,"2,3  ",0,1,1,0,0,0,0,0,
367,this topic describes how to test the software  components as they are integrated ,tools for integration testing,"2,3  ",0,1,1,0,0,0,0,0,
368,"this topic describes how to test the software as a  whole, and place unit and integration testing in a  proper framework. ",testing the software as a whole,"2,3  ",0,1,1,0,0,0,0,0,
369,"this topic describes how to test the software as a  whole, and place unit and integration testing in a  proper framework. ",unit testing,"2,3  ",0,1,1,0,0,0,0,0,
370,"this topic describes how to test the software as a  whole, and place unit and integration testing in a  proper framework. ",integration testing,"2,3  ",0,1,1,0,0,0,0,0,
371,"this topic describes how to test the software as a  whole, and place unit and integration testing in a  proper framework. ",framework for unit testing,"2,3  ",0,1,1,0,0,0,0,0,
372,"this topic describes how to test the software as a  whole, and place unit and integration testing in a  proper framework. ",framework for integration testing,"2,3  ",0,1,1,0,0,0,0,0,
373,"this knowledge unit discusses security considerations in the use of software, and in its  deployment, maintenance, and removal.  ",security considerations in software use,2,0,1,0,0,0,0,0,0,
374,"this knowledge unit discusses security considerations in the use of software, and in its  deployment, maintenance, and removal.  ",security considerations in software deployment,2,0,1,0,0,0,0,0,0,
375,"this knowledge unit discusses security considerations in the use of software, and in its  deployment, maintenance, and removal.  ",security considerations in software maintenance,2,0,1,0,0,0,0,0,0,
376,"this knowledge unit discusses security considerations in the use of software, and in its  deployment, maintenance, and removal.  ",security considerations in software removal,2,0,1,0,0,0,0,0,0,
377,this topic covers how to set up the software system  to make it function correctly ,setting up software parameters,2,0,1,0,0,0,0,0,0,
378,this topic covers how to set up the software system  to make it function correctly ,configuring user permissions,2,0,1,0,0,0,0,0,0,
379,this topic covers how to set up the software system  to make it function correctly ,adjusting system settings,2,0,1,0,0,0,0,0,0,
380,this topic covers how to set up the software system  to make it function correctly ,enabling necessary features,2,0,1,0,0,0,0,0,0,
381,this topic covers how to set up the software system  to make it function correctly ,integrating with other systems,2,0,1,0,0,0,0,0,0,
382,this topic covers how to set up the software system  to make it function correctly ,customizing interface options,2,0,1,0,0,0,0,0,0,
383,this topic covers how to set up the software system  to make it function correctly ,managing security settings,2,0,1,0,0,0,0,0,0,
384,"this topic includes managing vulnerability reports,  fixing the vulnerabilities, testing the patch and patch  distribution. ",managing vulnerability reports,2,0,1,0,0,0,0,0,0,
385,"this topic includes managing vulnerability reports,  fixing the vulnerabilities, testing the patch and patch  distribution. ",fixing the vulnerabilities,2,0,1,0,0,0,0,0,0,
386,"this topic includes managing vulnerability reports,  fixing the vulnerabilities, testing the patch and patch  distribution. ",testing the patch,2,0,1,0,0,0,0,0,0,
387,"this topic includes managing vulnerability reports,  fixing the vulnerabilities, testing the patch and patch  distribution. ",patch distribution,2,0,1,0,0,0,0,0,0,
388,"this topic covers ensuring the environment matches  the assumptions made in the software, and if not,  how to handle the conflict ",ensuring environmental match,2,0,1,0,0,0,0,0,0,
389,"this topic covers ensuring the environment matches  the assumptions made in the software, and if not,  how to handle the conflict ",handling environmental conflicts,2,0,1,0,0,0,0,0,0,
390,"this topic combines development and operation, and  the automation and monitoring of both. ",automation,2,0,1,0,0,0,0,0,0,
391,"this topic combines development and operation, and  the automation and monitoring of both. ",monitoring,2,0,1,0,0,0,0,0,0,
392,"this topic combines development and operation, and  the automation and monitoring of both. ",development,2,0,1,0,0,0,0,0,0,
393,"this topic combines development and operation, and  the automation and monitoring of both. ",operations,2,0,1,0,0,0,0,0,0,
394,"this topic describes what happens when the software  is removed, and how to remove it without causing  security problems. ",removal process,2,0,1,0,0,0,0,0,0,
395,"this topic describes what happens when the software  is removed, and how to remove it without causing  security problems. ",security considerations,2,0,1,0,0,0,0,0,0,
396,"this topic describes what happens when the software  is removed, and how to remove it without causing  security problems. ",data backup,2,0,1,0,0,0,0,0,0,
397,"this topic describes what happens when the software  is removed, and how to remove it without causing  security problems. ",system cleanup,2,0,1,0,0,0,0,0,0,
398,"this knowledge unit describes how to introduce and  include information about security considerations in  configuration, use, and other aspects of using the  software and maintaining it (including modifying it  when needed). ",introduction to security considerations,2,0,1,0,0,0,0,0,0,
399,"this knowledge unit describes how to introduce and  include information about security considerations in  configuration, use, and other aspects of using the  software and maintaining it (including modifying it  when needed). ",security in configuration,2,0,1,0,0,0,0,0,0,
400,"this knowledge unit describes how to introduce and  include information about security considerations in  configuration, use, and other aspects of using the  software and maintaining it (including modifying it  when needed). ",security in use,2,0,1,0,0,0,0,0,0,
401,"this knowledge unit describes how to introduce and  include information about security considerations in  configuration, use, and other aspects of using the  software and maintaining it (including modifying it  when needed). ",maintenance and security,2,0,1,0,0,0,0,0,0,
402,"this knowledge unit describes how to introduce and  include information about security considerations in  configuration, use, and other aspects of using the  software and maintaining it (including modifying it  when needed). ",modifying software securely,2,0,1,0,0,0,0,0,0,
403,this topic includes installation and configuration  documentation. ,installation guide,2,0,1,0,0,0,0,0,0,
404,this topic includes installation and configuration  documentation. ,configuration settings,2,0,1,0,0,0,0,0,0,
405,this topic includes installation and configuration  documentation. ,prerequisites checklist,2,0,1,0,0,0,0,0,0,
406,this topic includes tutorials and cheat sheets (brief  guides); these should emphasize any potential  security problems the users can cause. ,tutorials,2,0,1,0,0,0,0,0,0,
407,this topic includes tutorials and cheat sheets (brief  guides); these should emphasize any potential  security problems the users can cause. ,cheat sheets,2,0,1,0,0,0,0,0,0,
408,this topic includes tutorials and cheat sheets (brief  guides); these should emphasize any potential  security problems the users can cause. ,security problems,2,0,1,0,0,0,0,0,0,
409,"this topic focuses on how correctness was  established, and what correctness means here. ",correctness establishment methods,2,0,1,0,0,0,0,0,0,
410,"this topic focuses on how correctness was  established, and what correctness means here. ",definition of correctness in assurance documentation,2,0,1,0,0,0,0,0,0,
411,"this topic focuses on potential security problems,  how to avoid them, and if they occur, what the  effects might be and how to deal with them. ",potential security problems,2,0,1,0,0,0,0,0,0,
412,"this topic focuses on potential security problems,  how to avoid them, and if they occur, what the  effects might be and how to deal with them. ",methods to avoid security issues,2,0,1,0,0,0,0,0,0,
413,"this topic focuses on potential security problems,  how to avoid them, and if they occur, what the  effects might be and how to deal with them. ",consequences of security breaches,2,0,1,0,0,0,0,0,0,
414,"this topic focuses on potential security problems,  how to avoid them, and if they occur, what the  effects might be and how to deal with them. ",response strategies for security incidents,2,0,1,0,0,0,0,0,0,
415,"this knowledge unit introduces ethical  considerations in all of the above areas, so students  will be able to reason about the consequences of  security-related choices and effects. ",ethical considerations in security,"2,7,8 ",0,1,0,0,0,0,1,1,
416,"this knowledge unit introduces ethical  considerations in all of the above areas, so students  will be able to reason about the consequences of  security-related choices and effects. ",consequences of security related choices,"2,7,8 ",0,1,0,0,0,0,1,1,
417,"this knowledge unit introduces ethical  considerations in all of the above areas, so students  will be able to reason about the consequences of  security-related choices and effects. ",effects of security measures,"2,7,8 ",0,1,0,0,0,0,1,1,
418,"this topic covers code reuse (licensing), professional  responsibility, codes of ethics such as the  acm/ieee-cs software engineering code of ethics  and professional practice. ",code reuse (licensing),"2,7,8  ",0,1,0,0,0,0,1,1,
419,"this topic covers code reuse (licensing), professional  responsibility, codes of ethics such as the  acm/ieee-cs software engineering code of ethics  and professional practice. ",professional responsibility,"2,7,8  ",0,1,0,0,0,0,1,1,
420,"this topic covers code reuse (licensing), professional  responsibility, codes of ethics such as the  acm/ieee-cs software engineering code of ethics  and professional practice. ",acm ieee cs software engineering code of ethics and professional practice,"2,7,8  ",0,1,0,0,0,0,1,1,
421,"this topic covers considerations of the effects of  software under development, both when the software  works properly and the consequences of poor or non- secure programming practices.  ",effects of proper software functioning on society,"2,7,8  ",0,1,0,0,0,0,1,1,
422,"this topic covers considerations of the effects of  software under development, both when the software  works properly and the consequences of poor or non- secure programming practices.  ",consequences of poor programming practices,"2,7,8  ",0,1,0,0,0,0,1,1,
423,"this topic covers considerations of the effects of  software under development, both when the software  works properly and the consequences of poor or non- secure programming practices.  ",security implications in software development,"2,7,8  ",0,1,0,0,0,0,1,1,
424,"this topic covers considerations of the effects of  software under development, both when the software  works properly and the consequences of poor or non- secure programming practices.  ",social impact of software bugs and failures,"2,7,8  ",0,1,0,0,0,0,1,1,
425,"this topic discusses the liability aspects of software,  regulations; also compliance and issues related to it. ",liability aspects of software,"2,7,8  ",0,1,0,0,0,0,1,1,
426,"this topic discusses the liability aspects of software,  regulations; also compliance and issues related to it. ",regulations,"2,7,8  ",0,1,0,0,0,0,1,1,
427,"this topic discusses the liability aspects of software,  regulations; also compliance and issues related to it. ",compliance,"2,7,8  ",0,1,0,0,0,0,1,1,
428,"this topic discusses the liability aspects of software,  regulations; also compliance and issues related to it. ",issues related to compliance,"2,7,8  ",0,1,0,0,0,0,1,1,
429,"this topic covers how to disclose, to whom to  disclose, and when to disclose (“responsible  disclosure”). ",how to disclose vulnerabilities,"2,7,8  ",0,1,0,0,0,0,1,1,
430,"this topic covers how to disclose, to whom to  disclose, and when to disclose (“responsible  disclosure”). ",to whom to disclose vulnerabilities,"2,7,8  ",0,1,0,0,0,0,1,1,
431,"this topic covers how to disclose, to whom to  disclose, and when to disclose (“responsible  disclosure”). ",when to disclose vulnerabilities (responsible disclosure),"2,7,8  ",0,1,0,0,0,0,1,1,
432,"this topic describes the ethical implications of  testing, especially including corner cases. ",what are ethical implications of testing,"2,7,8 ",0,1,0,0,0,0,1,1,
433,"this topic describes the ethical implications of  testing, especially including corner cases. ",when should corner cases be tested,"2,7,8 ",0,1,0,0,0,0,1,1,
434,"this topic describes the ethical implications of  testing, especially including corner cases. ",why is it important to consider ethics in testing,"2,7,8 ",0,1,0,0,0,0,1,1,
436,this knowledge unit introduces design principles and  techniques which increase the security of  components ,design principles for security,"3,2 ",0,1,1,0,0,0,0,0,
437,this knowledge unit introduces design principles and  techniques which increase the security of  components ,techniques to enhance component security,"3,2 ",0,1,1,0,0,0,0,0,
438,this knowledge unit introduces design principles and  techniques which increase the security of  components ,security of components overview,"3,2 ",0,1,1,0,0,0,0,0,
439,"this topic covers threats to the security of  component design artifacts (e.g., schematics, netlists,  and masks) such as hardware trojans, intellectual  property piracy, reverse engineering, tampering, side-channel analysis and counterfeiting. it also  introduces techniques for protecting components  from unauthorized access and use. ",hardware trojans,"3,2  ",0,1,1,0,0,0,0,0,
440,"this topic covers threats to the security of  component design artifacts (e.g., schematics, netlists,  and masks) such as hardware trojans, intellectual  property piracy, reverse engineering, tampering, side-channel analysis and counterfeiting. it also  introduces techniques for protecting components  from unauthorized access and use. ",intellectual property piracy,"3,2  ",0,1,1,0,0,0,0,0,
441,"this topic covers threats to the security of  component design artifacts (e.g., schematics, netlists,  and masks) such as hardware trojans, intellectual  property piracy, reverse engineering, tampering, side-channel analysis and counterfeiting. it also  introduces techniques for protecting components  from unauthorized access and use. ",reverse engineering,"3,2  ",0,1,1,0,0,0,0,0,
442,"this topic covers threats to the security of  component design artifacts (e.g., schematics, netlists,  and masks) such as hardware trojans, intellectual  property piracy, reverse engineering, tampering, side-channel analysis and counterfeiting. it also  introduces techniques for protecting components  from unauthorized access and use. ",tampering,"3,2  ",0,1,1,0,0,0,0,0,
443,"this topic covers threats to the security of  component design artifacts (e.g., schematics, netlists,  and masks) such as hardware trojans, intellectual  property piracy, reverse engineering, tampering, side-channel analysis and counterfeiting. it also  introduces techniques for protecting components  from unauthorized access and use. ",side channel analysis,"3,2  ",0,1,1,0,0,0,0,0,
444,"this topic covers threats to the security of  component design artifacts (e.g., schematics, netlists,  and masks) such as hardware trojans, intellectual  property piracy, reverse engineering, tampering, side-channel analysis and counterfeiting. it also  introduces techniques for protecting components  from unauthorized access and use. ",counterfeiting,"3,2  ",0,1,1,0,0,0,0,0,
445,"this topic covers threats to the security of  component design artifacts (e.g., schematics, netlists,  and masks) such as hardware trojans, intellectual  property piracy, reverse engineering, tampering, side-channel analysis and counterfeiting. it also  introduces techniques for protecting components  from unauthorized access and use. ",techniques for protecting components from unauthorized access and use,"3,2  ",0,1,1,0,0,0,0,0,
446,"this topic covers principles such as establishing a  sound security policy, treating security as an integral  part of system design, trusted computing platforms,  chain of trust, reducing risk, layered security,  simplicity of design, minimizing system elements to  be trusted, and avoiding unnecessary security  mechanisms. ",establishing a sound security policy,"3,2  ",0,1,1,0,0,0,0,0,
447,"this topic covers principles such as establishing a  sound security policy, treating security as an integral  part of system design, trusted computing platforms,  chain of trust, reducing risk, layered security,  simplicity of design, minimizing system elements to  be trusted, and avoiding unnecessary security  mechanisms. ",treating security as an integral part of system design,"3,2  ",0,1,1,0,0,0,0,0,
448,"this topic covers principles such as establishing a  sound security policy, treating security as an integral  part of system design, trusted computing platforms,  chain of trust, reducing risk, layered security,  simplicity of design, minimizing system elements to  be trusted, and avoiding unnecessary security  mechanisms. ",trusted computing platforms,"3,2  ",0,1,1,0,0,0,0,0,
449,"this topic covers principles such as establishing a  sound security policy, treating security as an integral  part of system design, trusted computing platforms,  chain of trust, reducing risk, layered security,  simplicity of design, minimizing system elements to  be trusted, and avoiding unnecessary security  mechanisms. ",chain of trust,"3,2  ",0,1,1,0,0,0,0,0,
450,"this topic covers principles such as establishing a  sound security policy, treating security as an integral  part of system design, trusted computing platforms,  chain of trust, reducing risk, layered security,  simplicity of design, minimizing system elements to  be trusted, and avoiding unnecessary security  mechanisms. ",reducing risk,"3,2  ",0,1,1,0,0,0,0,0,
451,"this topic covers principles such as establishing a  sound security policy, treating security as an integral  part of system design, trusted computing platforms,  chain of trust, reducing risk, layered security,  simplicity of design, minimizing system elements to  be trusted, and avoiding unnecessary security  mechanisms. ",layered security,"3,2  ",0,1,1,0,0,0,0,0,
452,"this topic covers principles such as establishing a  sound security policy, treating security as an integral  part of system design, trusted computing platforms,  chain of trust, reducing risk, layered security,  simplicity of design, minimizing system elements to  be trusted, and avoiding unnecessary security  mechanisms. ",simplicity of design,"3,2  ",0,1,1,0,0,0,0,0,
453,"this topic covers principles such as establishing a  sound security policy, treating security as an integral  part of system design, trusted computing platforms,  chain of trust, reducing risk, layered security,  simplicity of design, minimizing system elements to  be trusted, and avoiding unnecessary security  mechanisms. ",minimizing system elements to be trusted,"3,2  ",0,1,1,0,0,0,0,0,
454,"this topic covers principles such as establishing a  sound security policy, treating security as an integral  part of system design, trusted computing platforms,  chain of trust, reducing risk, layered security,  simplicity of design, minimizing system elements to  be trusted, and avoiding unnecessary security  mechanisms. ",avoiding unnecessary security mechanisms,"3,2  ",0,1,1,0,0,0,0,0,
455,"this topic covers techniques such as watermarking,  fingerprinting, metering, encrypted ids, and physical  unclonable functions for protecting components  against intellectual property theft and ensuring  component authenticity. ",watermarking,"3,2  ",0,1,1,0,0,0,0,0,
456,"this topic covers techniques such as watermarking,  fingerprinting, metering, encrypted ids, and physical  unclonable functions for protecting components  against intellectual property theft and ensuring  component authenticity. ",fingerprinting,"3,2  ",0,1,1,0,0,0,0,0,
457,"this topic covers techniques such as watermarking,  fingerprinting, metering, encrypted ids, and physical  unclonable functions for protecting components  against intellectual property theft and ensuring  component authenticity. ",metering,"3,2  ",0,1,1,0,0,0,0,0,
458,"this topic covers techniques such as watermarking,  fingerprinting, metering, encrypted ids, and physical  unclonable functions for protecting components  against intellectual property theft and ensuring  component authenticity. ",encrypted ids,"3,2  ",0,1,1,0,0,0,0,0,
459,"this topic covers techniques such as watermarking,  fingerprinting, metering, encrypted ids, and physical  unclonable functions for protecting components  against intellectual property theft and ensuring  component authenticity. ",physical unclonable functions,"3,2  ",0,1,1,0,0,0,0,0,
460,this topic covers techniques such as design  obfuscation and camouflaging for making component  designs and implementations difficult to reverse  engineer ,design obfuscation,"3,2  ",0,1,1,0,0,0,0,0,
461,this topic covers techniques such as design  obfuscation and camouflaging for making component  designs and implementations difficult to reverse  engineer ,camouflaging,"3,2  ",0,1,1,0,0,0,0,0,
462,"this topic covers techniques for defending against  side-channel attacks primarily targeted at  cryptographic algorithms. defensive techniques  include leakage reduction, noise injection, frequent  key updates, physical random functions, and secure  scan chains. ",leakage reduction,"3,2  ",0,1,1,0,0,0,0,0,
463,"this topic covers techniques for defending against  side-channel attacks primarily targeted at  cryptographic algorithms. defensive techniques  include leakage reduction, noise injection, frequent  key updates, physical random functions, and secure  scan chains. ",noise injection,"3,2  ",0,1,1,0,0,0,0,0,
464,"this topic covers techniques for defending against  side-channel attacks primarily targeted at  cryptographic algorithms. defensive techniques  include leakage reduction, noise injection, frequent  key updates, physical random functions, and secure  scan chains. ",frequent key updates,"3,2  ",0,1,1,0,0,0,0,0,
465,"this topic covers techniques for defending against  side-channel attacks primarily targeted at  cryptographic algorithms. defensive techniques  include leakage reduction, noise injection, frequent  key updates, physical random functions, and secure  scan chains. ",physical random functions,"3,2  ",0,1,1,0,0,0,0,0,
466,"this topic covers techniques for defending against  side-channel attacks primarily targeted at  cryptographic algorithms. defensive techniques  include leakage reduction, noise injection, frequent  key updates, physical random functions, and secure  scan chains. ",secure scan chains,"3,2  ",0,1,1,0,0,0,0,0,
467,"this topic covers techniques for making components  resistant to physical and electronic attacks including  physical protection techniques, tamper evident  systems and tamper responding systems. ",physical protection techniques,"3,2  ",0,1,1,0,0,0,0,0,
468,"this topic covers techniques for making components  resistant to physical and electronic attacks including  physical protection techniques, tamper evident  systems and tamper responding systems. ",tamper evident systems,"3,2  ",0,1,1,0,0,0,0,0,
469,"this topic covers techniques for making components  resistant to physical and electronic attacks including  physical protection techniques, tamper evident  systems and tamper responding systems. ",tamper responding systems,"3,2  ",0,1,1,0,0,0,0,0,
470,this knowledge unit describes techniques for  ensuring that the security of system components is  maintained throughout the procurement process. ,techniques for ensuring security during procurement,3,0,0,1,0,0,0,0,0,
471,this knowledge unit describes techniques for  ensuring that the security of system components is  maintained throughout the procurement process. ,maintenance of system component security throughout procurement process,3,0,0,1,0,0,0,0,0,
472,this topic describes security threats and risks to both  hardware and software in component procurement. ,security threats to hardware in component procurement,3,0,0,1,0,0,0,0,0,
473,this topic describes security threats and risks to both  hardware and software in component procurement. ,security risks to software in component procurement,3,0,0,1,0,0,0,0,0,
474,"this topic describes strategies such as physical  security, split manufacturing, traceability, cargo  screening and validation, and inspections to detect  and prevent compromises of component security  during the procurement process ",physical security,3,0,0,1,0,0,0,0,0,
475,"this topic describes strategies such as physical  security, split manufacturing, traceability, cargo  screening and validation, and inspections to detect  and prevent compromises of component security  during the procurement process ",split manufacturing,3,0,0,1,0,0,0,0,0,
476,"this topic describes strategies such as physical  security, split manufacturing, traceability, cargo  screening and validation, and inspections to detect  and prevent compromises of component security  during the procurement process ",traceability,3,0,0,1,0,0,0,0,0,
477,"this topic describes strategies such as physical  security, split manufacturing, traceability, cargo  screening and validation, and inspections to detect  and prevent compromises of component security  during the procurement process ",cargo screening and validation,3,0,0,1,0,0,0,0,0,
478,"this topic describes strategies such as physical  security, split manufacturing, traceability, cargo  screening and validation, and inspections to detect  and prevent compromises of component security  during the procurement process ",inspections,3,0,0,1,0,0,0,0,0,
479,this topic includes strategies such as supplier  credentialing to establish trusted suppliers and  transporters of components. ,supplier credentialing,3,0,0,1,0,0,0,0,0,
480,this topic includes strategies such as supplier  credentialing to establish trusted suppliers and  transporters of components. ,trusted suppliers,3,0,0,1,0,0,0,0,0,
481,this topic includes strategies such as supplier  credentialing to establish trusted suppliers and  transporters of components. ,transporters of components,3,0,0,1,0,0,0,0,0,
482,this knowledge unit introduces unit testing  techniques and describes tools and techniques used to  test the security properties of a component. ,unit testing techniques,"3,2 ",0,1,1,0,0,0,0,0,
483,this knowledge unit introduces unit testing  techniques and describes tools and techniques used to  test the security properties of a component. ,tools for security testing,"3,2 ",0,1,1,0,0,0,0,0,
484,this knowledge unit introduces unit testing  techniques and describes tools and techniques used to  test the security properties of a component. ,security property testing,"3,2 ",0,1,1,0,0,0,0,0,
485,this topic describes unit testing tools and techniques  as distinguished from system-level testing ,unit testing tools,"3,2 ",0,1,1,0,0,0,0,0,
486,this topic describes unit testing tools and techniques  as distinguished from system-level testing ,techniques for unit testing,"3,2 ",0,1,1,0,0,0,0,0,
487,this topic describes unit testing tools and techniques  as distinguished from system-level testing ,comparison with system level testing,"3,2 ",0,1,1,0,0,0,0,0,
488,this topic describes tools and techniques such as  fuzz testing for testing the security properties of a  component beyond its functional correctness. ,fuzz testing,"3,2 ",0,1,1,0,0,0,0,0,
489,this topic describes tools and techniques such as  fuzz testing for testing the security properties of a  component beyond its functional correctness. ,security properties testing,"3,2 ",0,1,1,0,0,0,0,0,
490,this topic describes tools and techniques such as  fuzz testing for testing the security properties of a  component beyond its functional correctness. ,component security validation,"3,2 ",0,1,1,0,0,0,0,0,
491,this knowledge unit describes techniques for  discovering the design and functionality of a  component with incomplete information. ,techniques for discovering component design,3,0,0,1,0,0,0,0,0,
492,this knowledge unit describes techniques for  discovering the design and functionality of a  component with incomplete information. ,techniques for discovering component functionality,3,0,0,1,0,0,0,0,0,
493,this knowledge unit describes techniques for  discovering the design and functionality of a  component with incomplete information. ,working with incomplete information,3,0,0,1,0,0,0,0,0,
494,this knowledge unit describes techniques for  discovering the design and functionality of a  component with incomplete information. ,reverse engineering methods,3,0,0,1,0,0,0,0,0,
495,this knowledge unit describes techniques for  discovering the design and functionality of a  component with incomplete information. ,analytical approaches for unknown components,3,0,0,1,0,0,0,0,0,
496,this topic describes tools and techniques for  discovering the design of a component at some level  of abstraction. ,tools for reverse engineering,3,0,0,1,0,0,0,0,0,
497,this topic describes tools and techniques for  discovering the design of a component at some level  of abstraction. ,techniques for discovering design,3,0,0,1,0,0,0,0,0,
498,this topic describes tools and techniques for  discovering the design of a component at some level  of abstraction. ,level of abstraction in design reverse engineering,3,0,0,1,0,0,0,0,0,
499,"this topic describes tools and techniques for  discovering the functionality and other properties of  a component’s hardware, such as the functions of an  integrated circuit. ",tools for disassembly,3,0,0,1,0,0,0,0,0,
500,"this topic describes tools and techniques for  discovering the functionality and other properties of  a component’s hardware, such as the functions of an  integrated circuit. ",techniques for signal interception,3,0,0,1,0,0,0,0,0,
501,"this topic describes tools and techniques for  discovering the functionality and other properties of  a component’s hardware, such as the functions of an  integrated circuit. ",methods for power analysis,3,0,0,1,0,0,0,0,0,
502,"this topic describes tools and techniques for  discovering the functionality and other properties of  a component’s hardware, such as the functions of an  integrated circuit. ",approaches to logic analysis,3,0,0,1,0,0,0,0,0,
503,"this topic describes tools and techniques for  discovering the functionality and other properties of  a component’s hardware, such as the functions of an  integrated circuit. ",strategies for memory extraction,3,0,0,1,0,0,0,0,0,
504,this topic describes tools and techniques such as  static and dynamic analysis for discovering the  functionality and properties of a component’s  software. ,tools and techniques for static analysis,3,0,0,1,0,0,0,0,0,
505,this topic describes tools and techniques such as  static and dynamic analysis for discovering the  functionality and properties of a component’s  software. ,tools and techniques for dynamic analysis,3,0,0,1,0,0,0,0,0,
506,this topic describes tools and techniques such as  static and dynamic analysis for discovering the  functionality and properties of a component’s  software. ,discovering functionality through reverse engineering,3,0,0,1,0,0,0,0,0,
507,this topic describes tools and techniques such as  static and dynamic analysis for discovering the  functionality and properties of a component’s  software. ,identifying properties of software components,3,0,0,1,0,0,0,0,0,
509,"this knowledge unit introduces the concepts of  physical signaling and transmission. these general  concepts could be introduced through presenting the  history of ethernet protocols and 802.11 wireless.  starting with a coax broadcast domain and  csma/cd, moving to hubs and then switches  without changing the addressing and payload. the  introduction of switching required simulating  broadcast behavior to simulate the coax broadcast  behavior. wireless is a shared medium but physical  characteristics of the medium required different  collision avoidance mechanisms than coax ",physical signaling,4,0,0,0,1,0,0,0,0,
510,"this knowledge unit introduces the concepts of  physical signaling and transmission. these general  concepts could be introduced through presenting the  history of ethernet protocols and 802.11 wireless.  starting with a coax broadcast domain and  csma/cd, moving to hubs and then switches  without changing the addressing and payload. the  introduction of switching required simulating  broadcast behavior to simulate the coax broadcast  behavior. wireless is a shared medium but physical  characteristics of the medium required different  collision avoidance mechanisms than coax ",transmission concepts,4,0,0,0,1,0,0,0,0,
511,"this knowledge unit introduces the concepts of  physical signaling and transmission. these general  concepts could be introduced through presenting the  history of ethernet protocols and 802.11 wireless.  starting with a coax broadcast domain and  csma/cd, moving to hubs and then switches  without changing the addressing and payload. the  introduction of switching required simulating  broadcast behavior to simulate the coax broadcast  behavior. wireless is a shared medium but physical  characteristics of the medium required different  collision avoidance mechanisms than coax ",history of ethernet protocols,4,0,0,0,1,0,0,0,0,
512,"this knowledge unit introduces the concepts of  physical signaling and transmission. these general  concepts could be introduced through presenting the  history of ethernet protocols and 802.11 wireless.  starting with a coax broadcast domain and  csma/cd, moving to hubs and then switches  without changing the addressing and payload. the  introduction of switching required simulating  broadcast behavior to simulate the coax broadcast  behavior. wireless is a shared medium but physical  characteristics of the medium required different  collision avoidance mechanisms than coax ",802.11 wireless,4,0,0,0,1,0,0,0,0,
513,"this knowledge unit introduces the concepts of  physical signaling and transmission. these general  concepts could be introduced through presenting the  history of ethernet protocols and 802.11 wireless.  starting with a coax broadcast domain and  csma/cd, moving to hubs and then switches  without changing the addressing and payload. the  introduction of switching required simulating  broadcast behavior to simulate the coax broadcast  behavior. wireless is a shared medium but physical  characteristics of the medium required different  collision avoidance mechanisms than coax ",coax broadcast domain,4,0,0,0,1,0,0,0,0,
514,"this knowledge unit introduces the concepts of  physical signaling and transmission. these general  concepts could be introduced through presenting the  history of ethernet protocols and 802.11 wireless.  starting with a coax broadcast domain and  csma/cd, moving to hubs and then switches  without changing the addressing and payload. the  introduction of switching required simulating  broadcast behavior to simulate the coax broadcast  behavior. wireless is a shared medium but physical  characteristics of the medium required different  collision avoidance mechanisms than coax ",csma cd,4,0,0,0,1,0,0,0,0,
515,"this knowledge unit introduces the concepts of  physical signaling and transmission. these general  concepts could be introduced through presenting the  history of ethernet protocols and 802.11 wireless.  starting with a coax broadcast domain and  csma/cd, moving to hubs and then switches  without changing the addressing and payload. the  introduction of switching required simulating  broadcast behavior to simulate the coax broadcast  behavior. wireless is a shared medium but physical  characteristics of the medium required different  collision avoidance mechanisms than coax ",hubs,4,0,0,0,1,0,0,0,0,
516,"this knowledge unit introduces the concepts of  physical signaling and transmission. these general  concepts could be introduced through presenting the  history of ethernet protocols and 802.11 wireless.  starting with a coax broadcast domain and  csma/cd, moving to hubs and then switches  without changing the addressing and payload. the  introduction of switching required simulating  broadcast behavior to simulate the coax broadcast  behavior. wireless is a shared medium but physical  characteristics of the medium required different  collision avoidance mechanisms than coax ",switches,4,0,0,0,1,0,0,0,0,
517,"this knowledge unit introduces the concepts of  physical signaling and transmission. these general  concepts could be introduced through presenting the  history of ethernet protocols and 802.11 wireless.  starting with a coax broadcast domain and  csma/cd, moving to hubs and then switches  without changing the addressing and payload. the  introduction of switching required simulating  broadcast behavior to simulate the coax broadcast  behavior. wireless is a shared medium but physical  characteristics of the medium required different  collision avoidance mechanisms than coax ",addressing and payload,4,0,0,0,1,0,0,0,0,
518,"this knowledge unit introduces the concepts of  physical signaling and transmission. these general  concepts could be introduced through presenting the  history of ethernet protocols and 802.11 wireless.  starting with a coax broadcast domain and  csma/cd, moving to hubs and then switches  without changing the addressing and payload. the  introduction of switching required simulating  broadcast behavior to simulate the coax broadcast  behavior. wireless is a shared medium but physical  characteristics of the medium required different  collision avoidance mechanisms than coax ",switching simulation,4,0,0,0,1,0,0,0,0,
519,"this knowledge unit introduces the concepts of  physical signaling and transmission. these general  concepts could be introduced through presenting the  history of ethernet protocols and 802.11 wireless.  starting with a coax broadcast domain and  csma/cd, moving to hubs and then switches  without changing the addressing and payload. the  introduction of switching required simulating  broadcast behavior to simulate the coax broadcast  behavior. wireless is a shared medium but physical  characteristics of the medium required different  collision avoidance mechanisms than coax ",wireless shared medium,4,0,0,0,1,0,0,0,0,
520,"this knowledge unit introduces the concepts of  physical signaling and transmission. these general  concepts could be introduced through presenting the  history of ethernet protocols and 802.11 wireless.  starting with a coax broadcast domain and  csma/cd, moving to hubs and then switches  without changing the addressing and payload. the  introduction of switching required simulating  broadcast behavior to simulate the coax broadcast  behavior. wireless is a shared medium but physical  characteristics of the medium required different  collision avoidance mechanisms than coax ",collision avoidance mechanisms,4,0,0,0,1,0,0,0,0,
521,"this topic covers signals in coax, twisted pair, optical fiber, and air ",coaxial cable transmission,4,0,0,0,1,0,0,0,0,
522,"this topic covers signals in coax, twisted pair, optical fiber, and air ",twisted pair transmission,4,0,0,0,1,0,0,0,0,
523,"this topic covers signals in coax, twisted pair, optical fiber, and air ",optical fiber transmission,4,0,0,0,1,0,0,0,0,
524,"this topic covers signals in coax, twisted pair, optical fiber, and air ",air transmission,4,0,0,0,1,0,0,0,0,
525,this topic discusses the communication  characteristic of the media ,shared media,4,0,0,0,1,0,0,0,0,
526,this topic discusses the communication  characteristic of the media ,point to point media,4,0,0,0,1,0,0,0,0,
527,this topic discusses the communication  characteristic of the media ,communication characteristics comparison,4,0,0,0,1,0,0,0,0,
528,this topic describes the various schemes for sharing  media between multiple clients. for example: 802.1  mac addressing and ppp. ,802.1 mac addressing,4,0,0,0,1,0,0,0,0,
529,this topic describes the various schemes for sharing  media between multiple clients. for example: 802.1  mac addressing and ppp. ,ppp (point to point protocol),4,0,0,0,1,0,0,0,0,
530,"this topic examines various implementations of the  models covered above. ieee 802.3 (ethernet),  ieee 802.11 (wi-fi), ieee 802.16 (fixed wireless  broadband) ",ieee 802.3 (ethernet),4,0,0,0,1,0,0,0,0,
531,"this topic examines various implementations of the  models covered above. ieee 802.3 (ethernet),  ieee 802.11 (wi-fi), ieee 802.16 (fixed wireless  broadband) ",ieee 802.11 (wi fi),4,0,0,0,1,0,0,0,0,
532,"this topic examines various implementations of the  models covered above. ieee 802.3 (ethernet),  ieee 802.11 (wi-fi), ieee 802.16 (fixed wireless  broadband) ",ieee 802.16 (fixed wireless broadband),4,0,0,0,1,0,0,0,0,
533,"this knowledge unit describes the characteristics of  connectors, their materials, and standards that define  the characteristics of the connectors. different  materials have different characteristics and signal  transmission capability. even non-technical security  people need to understand that optical fiber is  different than twisted pair and that each has  different standards and specific standard connectors. ",characteristics of connectors,4,0,0,0,1,0,0,0,0,
534,"this knowledge unit describes the characteristics of  connectors, their materials, and standards that define  the characteristics of the connectors. different  materials have different characteristics and signal  transmission capability. even non-technical security  people need to understand that optical fiber is  different than twisted pair and that each has  different standards and specific standard connectors. ",materials used for connectors,4,0,0,0,1,0,0,0,0,
535,"this knowledge unit describes the characteristics of  connectors, their materials, and standards that define  the characteristics of the connectors. different  materials have different characteristics and signal  transmission capability. even non-technical security  people need to understand that optical fiber is  different than twisted pair and that each has  different standards and specific standard connectors. ",standards defining connector characteristics,4,0,0,0,1,0,0,0,0,
536,"this knowledge unit describes the characteristics of  connectors, their materials, and standards that define  the characteristics of the connectors. different  materials have different characteristics and signal  transmission capability. even non-technical security  people need to understand that optical fiber is  different than twisted pair and that each has  different standards and specific standard connectors. ",signal transmission capability of different materials,4,0,0,0,1,0,0,0,0,
537,"this knowledge unit describes the characteristics of  connectors, their materials, and standards that define  the characteristics of the connectors. different  materials have different characteristics and signal  transmission capability. even non-technical security  people need to understand that optical fiber is  different than twisted pair and that each has  different standards and specific standard connectors. ",optical fiber vs twisted pair,4,0,0,0,1,0,0,0,0,
538,"this knowledge unit describes the characteristics of  connectors, their materials, and standards that define  the characteristics of the connectors. different  materials have different characteristics and signal  transmission capability. even non-technical security  people need to understand that optical fiber is  different than twisted pair and that each has  different standards and specific standard connectors. ",specific standards for connectors,4,0,0,0,1,0,0,0,0,
539,this topic introduces the connection characteristics  of various media and the requirements for physical  connections. ,connection characteristics of various media,4,0,0,0,1,0,0,0,0,
540,this topic introduces the connection characteristics  of various media and the requirements for physical  connections. ,requirements for physical connections,4,0,0,0,1,0,0,0,0,
541,this topic examines various standards for  connectors. ,connectors,4,0,0,0,1,0,0,0,0,
542,this topic examines various standards for  connectors. ,standards,4,0,0,0,1,0,0,0,0,
543,"rj 11, rj 45, st, sc, mtrj, sff isa buss, etc. ",rj 11,4,0,0,0,1,0,0,0,0,
544,"rj 11, rj 45, st, sc, mtrj, sff isa buss, etc. ",rj 45,4,0,0,0,1,0,0,0,0,
545,"rj 11, rj 45, st, sc, mtrj, sff isa buss, etc. ",st,4,0,0,0,1,0,0,0,0,
546,"rj 11, rj 45, st, sc, mtrj, sff isa buss, etc. ",sc,4,0,0,0,1,0,0,0,0,
547,"rj 11, rj 45, st, sc, mtrj, sff isa buss, etc. ",mtrj,4,0,0,0,1,0,0,0,0,
548,"rj 11, rj 45, st, sc, mtrj, sff isa buss, etc. ",sff isa bus,4,0,0,0,1,0,0,0,0,
549,this knowledge unit introduces the advantages and  potential vulnerabilities of standard hardware  architectures. ,advantages of standard hardware architectures,4,0,0,0,1,0,0,0,0,
550,this knowledge unit introduces the advantages and  potential vulnerabilities of standard hardware  architectures. ,potential vulnerabilities of standard hardware architectures,4,0,0,0,1,0,0,0,0,
551,this topic should introduce the idea of standard  architectures and the advantages of standardization.  the history of pc motherboards could be used as an  example showing the evolution from isa through  pci and beyond. the ability for cards to add  functionality without changing the base architecture  is important. adding multiport ethernet ports in a  card allows a pc to become a router. ,introduction to standard architectures,4,0,0,0,1,0,0,0,0,
552,this topic should introduce the idea of standard  architectures and the advantages of standardization.  the history of pc motherboards could be used as an  example showing the evolution from isa through  pci and beyond. the ability for cards to add  functionality without changing the base architecture  is important. adding multiport ethernet ports in a  card allows a pc to become a router. ,advantages of standardization,4,0,0,0,1,0,0,0,0,
553,this topic should introduce the idea of standard  architectures and the advantages of standardization.  the history of pc motherboards could be used as an  example showing the evolution from isa through  pci and beyond. the ability for cards to add  functionality without changing the base architecture  is important. adding multiport ethernet ports in a  card allows a pc to become a router. ,history of pc motherboards,4,0,0,0,1,0,0,0,0,
554,this topic should introduce the idea of standard  architectures and the advantages of standardization.  the history of pc motherboards could be used as an  example showing the evolution from isa through  pci and beyond. the ability for cards to add  functionality without changing the base architecture  is important. adding multiport ethernet ports in a  card allows a pc to become a router. ,evolution from isa to pci,4,0,0,0,1,0,0,0,0,
555,this topic should introduce the idea of standard  architectures and the advantages of standardization.  the history of pc motherboards could be used as an  example showing the evolution from isa through  pci and beyond. the ability for cards to add  functionality without changing the base architecture  is important. adding multiport ethernet ports in a  card allows a pc to become a router. ,functionality addition through cards,4,0,0,0,1,0,0,0,0,
556,this topic should introduce the idea of standard  architectures and the advantages of standardization.  the history of pc motherboards could be used as an  example showing the evolution from isa through  pci and beyond. the ability for cards to add  functionality without changing the base architecture  is important. adding multiport ethernet ports in a  card allows a pc to become a router. ,multiport ethernet and router capability,4,0,0,0,1,0,0,0,0,
557,"this topic introduces various hardware interface  standards starting with ic package design, through  busses such as isa and pci for integration  platforms and on to networking standards like  ieee 802.3 ",ic package design,4,0,0,0,1,0,0,0,0,
558,"this topic introduces various hardware interface  standards starting with ic package design, through  busses such as isa and pci for integration  platforms and on to networking standards like  ieee 802.3 ","busses (isa, pci)",4,0,0,0,1,0,0,0,0,
559,"this topic introduces various hardware interface  standards starting with ic package design, through  busses such as isa and pci for integration  platforms and on to networking standards like  ieee 802.3 ",networking standards (ieee 802.3),4,0,0,0,1,0,0,0,0,
560,"this topic should examine the current technologies  learners will face (cpu chips, pc motherboard,  ethernet standards) ",cpu chips,4,0,0,0,1,0,0,0,0,
561,"this topic should examine the current technologies  learners will face (cpu chips, pc motherboard,  ethernet standards) ",pc motherboard,4,0,0,0,1,0,0,0,0,
562,"this topic should examine the current technologies  learners will face (cpu chips, pc motherboard,  ethernet standards) ",ethernet standards,4,0,0,0,1,0,0,0,0,
563,"this knowledge unit introduces the general concepts  of distributed systems and how they are connected  together. the internet is not the only network and  tcp/ip is not the only protocol for system interconnection. each implementation has specific  characteristics and different potential  vulnerabilities. the focus of the curriculum should  be on similarities, differences, and why design  choices are made. each architecture has advantages  and disadvantages for particular use cases and each  has particular vulnerabilities and strengths from a  security perspective. one cannot assume that a  mitigation strategy for the internet will be  appropriate for a supercomputer infrastructure.  ",general concepts of distributed systems,4,0,0,0,1,0,0,0,0,
564,"this knowledge unit introduces the general concepts  of distributed systems and how they are connected  together. the internet is not the only network and  tcp/ip is not the only protocol for system interconnection. each implementation has specific  characteristics and different potential  vulnerabilities. the focus of the curriculum should  be on similarities, differences, and why design  choices are made. each architecture has advantages  and disadvantages for particular use cases and each  has particular vulnerabilities and strengths from a  security perspective. one cannot assume that a  mitigation strategy for the internet will be  appropriate for a supercomputer infrastructure.  ",networks other than the internet,4,0,0,0,1,0,0,0,0,
565,"this knowledge unit introduces the general concepts  of distributed systems and how they are connected  together. the internet is not the only network and  tcp/ip is not the only protocol for system interconnection. each implementation has specific  characteristics and different potential  vulnerabilities. the focus of the curriculum should  be on similarities, differences, and why design  choices are made. each architecture has advantages  and disadvantages for particular use cases and each  has particular vulnerabilities and strengths from a  security perspective. one cannot assume that a  mitigation strategy for the internet will be  appropriate for a supercomputer infrastructure.  ",protocols other than tcp ip for system interconnection,4,0,0,0,1,0,0,0,0,
566,"this knowledge unit introduces the general concepts  of distributed systems and how they are connected  together. the internet is not the only network and  tcp/ip is not the only protocol for system interconnection. each implementation has specific  characteristics and different potential  vulnerabilities. the focus of the curriculum should  be on similarities, differences, and why design  choices are made. each architecture has advantages  and disadvantages for particular use cases and each  has particular vulnerabilities and strengths from a  security perspective. one cannot assume that a  mitigation strategy for the internet will be  appropriate for a supercomputer infrastructure.  ",characteristics of different implementations,4,0,0,0,1,0,0,0,0,
567,"this knowledge unit introduces the general concepts  of distributed systems and how they are connected  together. the internet is not the only network and  tcp/ip is not the only protocol for system interconnection. each implementation has specific  characteristics and different potential  vulnerabilities. the focus of the curriculum should  be on similarities, differences, and why design  choices are made. each architecture has advantages  and disadvantages for particular use cases and each  has particular vulnerabilities and strengths from a  security perspective. one cannot assume that a  mitigation strategy for the internet will be  appropriate for a supercomputer infrastructure.  ",potential vulnerabilities of different systems,4,0,0,0,1,0,0,0,0,
568,"this knowledge unit introduces the general concepts  of distributed systems and how they are connected  together. the internet is not the only network and  tcp/ip is not the only protocol for system interconnection. each implementation has specific  characteristics and different potential  vulnerabilities. the focus of the curriculum should  be on similarities, differences, and why design  choices are made. each architecture has advantages  and disadvantages for particular use cases and each  has particular vulnerabilities and strengths from a  security perspective. one cannot assume that a  mitigation strategy for the internet will be  appropriate for a supercomputer infrastructure.  ",similarities and differences between architectures,4,0,0,0,1,0,0,0,0,
569,"this knowledge unit introduces the general concepts  of distributed systems and how they are connected  together. the internet is not the only network and  tcp/ip is not the only protocol for system interconnection. each implementation has specific  characteristics and different potential  vulnerabilities. the focus of the curriculum should  be on similarities, differences, and why design  choices are made. each architecture has advantages  and disadvantages for particular use cases and each  has particular vulnerabilities and strengths from a  security perspective. one cannot assume that a  mitigation strategy for the internet will be  appropriate for a supercomputer infrastructure.  ",design choices in distributed systems,4,0,0,0,1,0,0,0,0,
570,"this knowledge unit introduces the general concepts  of distributed systems and how they are connected  together. the internet is not the only network and  tcp/ip is not the only protocol for system interconnection. each implementation has specific  characteristics and different potential  vulnerabilities. the focus of the curriculum should  be on similarities, differences, and why design  choices are made. each architecture has advantages  and disadvantages for particular use cases and each  has particular vulnerabilities and strengths from a  security perspective. one cannot assume that a  mitigation strategy for the internet will be  appropriate for a supercomputer infrastructure.  ",advantages and disadvantages of various architectures for specific use cases,4,0,0,0,1,0,0,0,0,
571,"this knowledge unit introduces the general concepts  of distributed systems and how they are connected  together. the internet is not the only network and  tcp/ip is not the only protocol for system interconnection. each implementation has specific  characteristics and different potential  vulnerabilities. the focus of the curriculum should  be on similarities, differences, and why design  choices are made. each architecture has advantages  and disadvantages for particular use cases and each  has particular vulnerabilities and strengths from a  security perspective. one cannot assume that a  mitigation strategy for the internet will be  appropriate for a supercomputer infrastructure.  ",security perspectives of different architectures,4,0,0,0,1,0,0,0,0,
572,"this knowledge unit introduces the general concepts  of distributed systems and how they are connected  together. the internet is not the only network and  tcp/ip is not the only protocol for system interconnection. each implementation has specific  characteristics and different potential  vulnerabilities. the focus of the curriculum should  be on similarities, differences, and why design  choices are made. each architecture has advantages  and disadvantages for particular use cases and each  has particular vulnerabilities and strengths from a  security perspective. one cannot assume that a  mitigation strategy for the internet will be  appropriate for a supercomputer infrastructure.  ",mitigation strategies for different infrastructures,4,0,0,0,1,0,0,0,0,
573,"this topic should start with the idea of a process in  and operating system and then introduce the various  architectures for running processes and enabling  their communication. symmetric multiprocessing  and shared memory, network based with an  interprocess communication model. ",process in operating system,4,0,0,0,1,0,0,0,0,
574,"this topic should start with the idea of a process in  and operating system and then introduce the various  architectures for running processes and enabling  their communication. symmetric multiprocessing  and shared memory, network based with an  interprocess communication model. ",architectures for running processes,4,0,0,0,1,0,0,0,0,
575,"this topic should start with the idea of a process in  and operating system and then introduce the various  architectures for running processes and enabling  their communication. symmetric multiprocessing  and shared memory, network based with an  interprocess communication model. ",enabling process communication,4,0,0,0,1,0,0,0,0,
576,"this topic should start with the idea of a process in  and operating system and then introduce the various  architectures for running processes and enabling  their communication. symmetric multiprocessing  and shared memory, network based with an  interprocess communication model. ",symmetric multiprocessing,4,0,0,0,1,0,0,0,0,
577,"this topic should start with the idea of a process in  and operating system and then introduce the various  architectures for running processes and enabling  their communication. symmetric multiprocessing  and shared memory, network based with an  interprocess communication model. ",shared memory architecture,4,0,0,0,1,0,0,0,0,
578,"this topic should start with the idea of a process in  and operating system and then introduce the various  architectures for running processes and enabling  their communication. symmetric multiprocessing  and shared memory, network based with an  interprocess communication model. ",network based architecture,4,0,0,0,1,0,0,0,0,
579,"this topic should start with the idea of a process in  and operating system and then introduce the various  architectures for running processes and enabling  their communication. symmetric multiprocessing  and shared memory, network based with an  interprocess communication model. ",interprocess communication model,4,0,0,0,1,0,0,0,0,
580,this topic covers the http/https protocol and  demonstrates how it is an example of a distributed  processing standard. ,http https protocol,4,0,0,0,1,0,0,0,0,
581,this topic covers the http/https protocol and  demonstrates how it is an example of a distributed  processing standard. ,distributed processing standard,4,0,0,0,1,0,0,0,0,
582,this topic covers the evolution of the internet as a  distributed processing platform. learners should be  clear as to why the world-wide-web and the internet  are not equivalent. ,evolution of the internet,4,0,0,0,1,0,0,0,0,
583,this topic covers the evolution of the internet as a  distributed processing platform. learners should be  clear as to why the world-wide-web and the internet  are not equivalent. ,distributed processing platform,4,0,0,0,1,0,0,0,0,
584,this topic covers the evolution of the internet as a  distributed processing platform. learners should be  clear as to why the world-wide-web and the internet  are not equivalent. ,world wide web vs internet distinction,4,0,0,0,1,0,0,0,0,
585,this topic covers the 7 layer osi model along with  the 5 layer internet model and compares them as an  example of encapsulation and layering to enable  services that build on each other ,osi model layers,4,0,0,0,1,0,0,0,0,
586,this topic covers the 7 layer osi model along with  the 5 layer internet model and compares them as an  example of encapsulation and layering to enable  services that build on each other ,internet model layers,4,0,0,0,1,0,0,0,0,
587,this topic covers the 7 layer osi model along with  the 5 layer internet model and compares them as an  example of encapsulation and layering to enable  services that build on each other ,comparison between osi and internet models,4,0,0,0,1,0,0,0,0,
588,this topic covers the 7 layer osi model along with  the 5 layer internet model and compares them as an  example of encapsulation and layering to enable  services that build on each other ,encapsulation process,4,0,0,0,1,0,0,0,0,
589,this topic covers the 7 layer osi model along with  the 5 layer internet model and compares them as an  example of encapsulation and layering to enable  services that build on each other ,layering concepts,4,0,0,0,1,0,0,0,0,
590,this topic covers the 7 layer osi model along with  the 5 layer internet model and compares them as an  example of encapsulation and layering to enable  services that build on each other ,services provided by each layer,4,0,0,0,1,0,0,0,0,
591,this topic introduces hpc and use cases that  distinguish hpc from the standard internet. ,introduction to high performance computing (hpc),4,0,0,0,1,0,0,0,0,
592,this topic introduces hpc and use cases that  distinguish hpc from the standard internet. ,distinguishing hpc from standard internet,4,0,0,0,1,0,0,0,0,
593,this topic introduces hpc and use cases that  distinguish hpc from the standard internet. ,use cases of hpc,4,0,0,0,1,0,0,0,0,
594,"this topic introduces the concepts of providing  infrastructure as a service (iaas), software as a  service (saas), platform as a service (paas), and all  of their relatives relevant to the learners should be  covered ",infrastructure as a service (iaas),4,0,0,0,1,0,0,0,0,
595,"this topic introduces the concepts of providing  infrastructure as a service (iaas), software as a  service (saas), platform as a service (paas), and all  of their relatives relevant to the learners should be  covered ",software as a service (saas),4,0,0,0,1,0,0,0,0,
596,"this topic introduces the concepts of providing  infrastructure as a service (iaas), software as a  service (saas), platform as a service (paas), and all  of their relatives relevant to the learners should be  covered ",platform as a service (paas),4,0,0,0,1,0,0,0,0,
597,"this topic introduces the concepts of providing  infrastructure as a service (iaas), software as a  service (saas), platform as a service (paas), and all  of their relatives relevant to the learners should be  covered ",relevant cloud computing models and services,4,0,0,0,1,0,0,0,0,
598,"this topic examines the attack surfaces of the  various distributed computing models emphasizing  the fact that every interface introduces potential  vulnerabilities. the hypervisor, virtual networking,  physical network, and interprocess communication  should all be covered. ",hypervisor vulnerabilities,4,0,0,0,1,0,0,0,0,
599,"this topic examines the attack surfaces of the  various distributed computing models emphasizing  the fact that every interface introduces potential  vulnerabilities. the hypervisor, virtual networking,  physical network, and interprocess communication  should all be covered. ",virtual networking vulnerabilities,4,0,0,0,1,0,0,0,0,
600,"this topic examines the attack surfaces of the  various distributed computing models emphasizing  the fact that every interface introduces potential  vulnerabilities. the hypervisor, virtual networking,  physical network, and interprocess communication  should all be covered. ",physical network vulnerabilities,4,0,0,0,1,0,0,0,0,
601,"this topic examines the attack surfaces of the  various distributed computing models emphasizing  the fact that every interface introduces potential  vulnerabilities. the hypervisor, virtual networking,  physical network, and interprocess communication  should all be covered. ",interprocess communication vulnerabilities,4,0,0,0,1,0,0,0,0,
602,this knowledge unit introduces the concepts  typically covered in a computer networking course.  it provides the foundation for the more specialized  kus. ,concepts covered in computer networking courses,4,0,0,0,1,0,0,0,0,
603,this knowledge unit introduces the concepts  typically covered in a computer networking course.  it provides the foundation for the more specialized  kus. ,foundation for specialized knowledge units,4,0,0,0,1,0,0,0,0,
604,this topic should cover the ideas of nodes and  edges with the names of the various topologies and  the transmission characteristics of the topologies. ,nodes,4,0,0,0,1,0,0,0,0,
605,this topic should cover the ideas of nodes and  edges with the names of the various topologies and  the transmission characteristics of the topologies. ,edges,4,0,0,0,1,0,0,0,0,
606,this topic should cover the ideas of nodes and  edges with the names of the various topologies and  the transmission characteristics of the topologies. ,"topologies (e.g., bus, ring, star, mesh)",4,0,0,0,1,0,0,0,0,
607,this topic should cover the ideas of nodes and  edges with the names of the various topologies and  the transmission characteristics of the topologies. ,"transmission characteristics (e.g., bandwidth, latency)",4,0,0,0,1,0,0,0,0,
608,"this topic covers the ieee 802 network architecture and how the various networks are named based on  the physical characteristics (lans, mans, etc.). ",ieee 802 network architecture,4,0,0,0,1,0,0,0,0,
609,"this topic covers the ieee 802 network architecture and how the various networks are named based on  the physical characteristics (lans, mans, etc.). ",lans (local area networks),4,0,0,0,1,0,0,0,0,
610,"this topic covers the ieee 802 network architecture and how the various networks are named based on  the physical characteristics (lans, mans, etc.). ",mans (metropolitan area networks),4,0,0,0,1,0,0,0,0,
611,"this topic covers packet forwarding in general.  since similar switching silicone is now used in  routers and switches, and sdn treats forwarding  separate from building the forwarding table, this is  its own topic. ",packet forwarding in routers,4,0,0,0,1,0,0,0,0,
612,"this topic covers packet forwarding in general.  since similar switching silicone is now used in  routers and switches, and sdn treats forwarding  separate from building the forwarding table, this is  its own topic. ",packet forwarding in switches,4,0,0,0,1,0,0,0,0,
613,"this topic covers packet forwarding in general.  since similar switching silicone is now used in  routers and switches, and sdn treats forwarding  separate from building the forwarding table, this is  its own topic. ",similar silicon used in routers and switches,4,0,0,0,1,0,0,0,0,
614,"this topic covers packet forwarding in general.  since similar switching silicone is now used in  routers and switches, and sdn treats forwarding  separate from building the forwarding table, this is  its own topic. ",sdn and forwarding,4,0,0,0,1,0,0,0,0,
615,"this topic covers packet forwarding in general.  since similar switching silicone is now used in  routers and switches, and sdn treats forwarding  separate from building the forwarding table, this is  its own topic. ",separation of forwarding and table building in sdn,4,0,0,0,1,0,0,0,0,
616,this topic covers routing algorithms and explains  how forwarding tables are built using graph analysis  algorithms such as link-state and distance vector. ,routing algorithms,4,0,0,0,1,0,0,0,0,
617,this topic covers routing algorithms and explains  how forwarding tables are built using graph analysis  algorithms such as link-state and distance vector. ,forwarding tables,4,0,0,0,1,0,0,0,0,
618,this topic covers routing algorithms and explains  how forwarding tables are built using graph analysis  algorithms such as link-state and distance vector. ,graph analysis algorithms,4,0,0,0,1,0,0,0,0,
619,this topic covers routing algorithms and explains  how forwarding tables are built using graph analysis  algorithms such as link-state and distance vector. ,link state algorithm,4,0,0,0,1,0,0,0,0,
620,this topic covers routing algorithms and explains  how forwarding tables are built using graph analysis  algorithms such as link-state and distance vector. ,distance vector algorithm,4,0,0,0,1,0,0,0,0,
621,this topic covers learning algorithms and ieee  802.1 bridging along with spanning tree protocol  and its relationship to routing. it is not currently  clear how this topic will evolve with stp being  replaced through the emergence of trill and stp. ,learning algorithms,4,0,0,0,1,0,0,0,0,
622,this topic covers learning algorithms and ieee  802.1 bridging along with spanning tree protocol  and its relationship to routing. it is not currently  clear how this topic will evolve with stp being  replaced through the emergence of trill and stp. ,ieee 802.1 bridging,4,0,0,0,1,0,0,0,0,
623,this topic covers learning algorithms and ieee  802.1 bridging along with spanning tree protocol  and its relationship to routing. it is not currently  clear how this topic will evolve with stp being  replaced through the emergence of trill and stp. ,spanning tree protocol (stp),4,0,0,0,1,0,0,0,0,
624,this topic covers learning algorithms and ieee  802.1 bridging along with spanning tree protocol  and its relationship to routing. it is not currently  clear how this topic will evolve with stp being  replaced through the emergence of trill and stp. ,relationship between stp and routing,4,0,0,0,1,0,0,0,0,
625,this topic covers learning algorithms and ieee  802.1 bridging along with spanning tree protocol  and its relationship to routing. it is not currently  clear how this topic will evolve with stp being  replaced through the emergence of trill and stp. ,trill (transparent interconnection of lots of links),4,0,0,0,1,0,0,0,0,
626,this topic covers emerging technologies and their  impact as they emerge. currently the impact of  sdn and adding routing to layer 2 with enhanced  learning bridges would be the content. this is  evolving rapidly. ,sdn,4,0,0,0,1,0,0,0,0,
627,this topic covers emerging technologies and their  impact as they emerge. currently the impact of  sdn and adding routing to layer 2 with enhanced  learning bridges would be the content. this is  evolving rapidly. ,adding routing to layer 2,4,0,0,0,1,0,0,0,0,
628,this topic covers emerging technologies and their  impact as they emerge. currently the impact of  sdn and adding routing to layer 2 with enhanced  learning bridges would be the content. this is  evolving rapidly. ,enhanced learning bridges,4,0,0,0,1,0,0,0,0,
629,virtualization has provided ways to design  architecture using either native virtualization  (type 1) or virtualization under the control of a host  operating system (type 2). ,native virtualization (type 1),"4,5 ",0,0,0,1,1,0,0,0,
630,virtualization has provided ways to design  architecture using either native virtualization  (type 1) or virtualization under the control of a host  operating system (type 2). ,hosted virtualization (type 2),"4,5 ",0,0,0,1,1,0,0,0,
631,"this knowledge unit explores specific technologies  that implement the general concepts of networking.  network architecture concepts may be illustrated by  specific implementations but it should be made  clear that there are other possibilities. it should be  emphasized that vulnerabilities are exploited in  implementations. often an architecture can be  proven correct theoretically, but implemented in a  way that has vulnerabilities. also seams between  technologies often open vulnerabilities. arp  poisoning is a perfect example of how a seam  between technologies opens vulnerabilities. ",specific technologies in networking,4,0,0,0,1,0,0,0,0,
632,"this knowledge unit explores specific technologies  that implement the general concepts of networking.  network architecture concepts may be illustrated by  specific implementations but it should be made  clear that there are other possibilities. it should be  emphasized that vulnerabilities are exploited in  implementations. often an architecture can be  proven correct theoretically, but implemented in a  way that has vulnerabilities. also seams between  technologies often open vulnerabilities. arp  poisoning is a perfect example of how a seam  between technologies opens vulnerabilities. ",network architecture concepts,4,0,0,0,1,0,0,0,0,
633,"this knowledge unit explores specific technologies  that implement the general concepts of networking.  network architecture concepts may be illustrated by  specific implementations but it should be made  clear that there are other possibilities. it should be  emphasized that vulnerabilities are exploited in  implementations. often an architecture can be  proven correct theoretically, but implemented in a  way that has vulnerabilities. also seams between  technologies often open vulnerabilities. arp  poisoning is a perfect example of how a seam  between technologies opens vulnerabilities. ",implementation variability,4,0,0,0,1,0,0,0,0,
634,"this knowledge unit explores specific technologies  that implement the general concepts of networking.  network architecture concepts may be illustrated by  specific implementations but it should be made  clear that there are other possibilities. it should be  emphasized that vulnerabilities are exploited in  implementations. often an architecture can be  proven correct theoretically, but implemented in a  way that has vulnerabilities. also seams between  technologies often open vulnerabilities. arp  poisoning is a perfect example of how a seam  between technologies opens vulnerabilities. ",vulnerabilities in implementations,4,0,0,0,1,0,0,0,0,
635,"this knowledge unit explores specific technologies  that implement the general concepts of networking.  network architecture concepts may be illustrated by  specific implementations but it should be made  clear that there are other possibilities. it should be  emphasized that vulnerabilities are exploited in  implementations. often an architecture can be  proven correct theoretically, but implemented in a  way that has vulnerabilities. also seams between  technologies often open vulnerabilities. arp  poisoning is a perfect example of how a seam  between technologies opens vulnerabilities. ",correctness vs. security in theory vs. practice,4,0,0,0,1,0,0,0,0,
636,"this knowledge unit explores specific technologies  that implement the general concepts of networking.  network architecture concepts may be illustrated by  specific implementations but it should be made  clear that there are other possibilities. it should be  emphasized that vulnerabilities are exploited in  implementations. often an architecture can be  proven correct theoretically, but implemented in a  way that has vulnerabilities. also seams between  technologies often open vulnerabilities. arp  poisoning is a perfect example of how a seam  between technologies opens vulnerabilities. ",seam vulnerabilities,4,0,0,0,1,0,0,0,0,
637,"this knowledge unit explores specific technologies  that implement the general concepts of networking.  network architecture concepts may be illustrated by  specific implementations but it should be made  clear that there are other possibilities. it should be  emphasized that vulnerabilities are exploited in  implementations. often an architecture can be  proven correct theoretically, but implemented in a  way that has vulnerabilities. also seams between  technologies often open vulnerabilities. arp  poisoning is a perfect example of how a seam  between technologies opens vulnerabilities. ",arp poisoning as an example,4,0,0,0,1,0,0,0,0,
638,this topic is a deep dive into the iso standards. it is  expected that this topic will be introduced other  places. ,iso standards,4,0,0,0,1,0,0,0,0,
639,this topic is a deep dive into the iso standards. it is  expected that this topic will be introduced other  places. ,introduction to ieee 802 iso networks,4,0,0,0,1,0,0,0,0,
640,this is a deep dive into the basic infrastructure of  the internet and tcp. ,basic infrastructure of the internet,4,0,0,0,1,0,0,0,0,
641,this is a deep dive into the basic infrastructure of  the internet and tcp. ,tcp protocol fundamentals,4,0,0,0,1,0,0,0,0,
642,"this topic looks at the problem of integrating  technologies through the implementation of what  could be called interface shims or glue code. arp is  the obvious example. a mechanism was required to  map the ip addresses of the ietf internetworking  model to the mac addresses of the underlying  networks. arp is the glue. similarly, infiniband  needs a shim to carry ip traffic. other examples abound.  ",interface shims,4,0,0,0,1,0,0,0,0,
643,"this topic looks at the problem of integrating  technologies through the implementation of what  could be called interface shims or glue code. arp is  the obvious example. a mechanism was required to  map the ip addresses of the ietf internetworking  model to the mac addresses of the underlying  networks. arp is the glue. similarly, infiniband  needs a shim to carry ip traffic. other examples abound.  ",glue code,4,0,0,0,1,0,0,0,0,
644,"this topic looks at the problem of integrating  technologies through the implementation of what  could be called interface shims or glue code. arp is  the obvious example. a mechanism was required to  map the ip addresses of the ietf internetworking  model to the mac addresses of the underlying  networks. arp is the glue. similarly, infiniband  needs a shim to carry ip traffic. other examples abound.  ",arp protocol,4,0,0,0,1,0,0,0,0,
645,"this topic looks at the problem of integrating  technologies through the implementation of what  could be called interface shims or glue code. arp is  the obvious example. a mechanism was required to  map the ip addresses of the ietf internetworking  model to the mac addresses of the underlying  networks. arp is the glue. similarly, infiniband  needs a shim to carry ip traffic. other examples abound.  ",ip addresses,4,0,0,0,1,0,0,0,0,
646,"this topic looks at the problem of integrating  technologies through the implementation of what  could be called interface shims or glue code. arp is  the obvious example. a mechanism was required to  map the ip addresses of the ietf internetworking  model to the mac addresses of the underlying  networks. arp is the glue. similarly, infiniband  needs a shim to carry ip traffic. other examples abound.  ",ietf internetworking model,4,0,0,0,1,0,0,0,0,
647,"this topic looks at the problem of integrating  technologies through the implementation of what  could be called interface shims or glue code. arp is  the obvious example. a mechanism was required to  map the ip addresses of the ietf internetworking  model to the mac addresses of the underlying  networks. arp is the glue. similarly, infiniband  needs a shim to carry ip traffic. other examples abound.  ",mac addresses,4,0,0,0,1,0,0,0,0,
648,"this topic looks at the problem of integrating  technologies through the implementation of what  could be called interface shims or glue code. arp is  the obvious example. a mechanism was required to  map the ip addresses of the ietf internetworking  model to the mac addresses of the underlying  networks. arp is the glue. similarly, infiniband  needs a shim to carry ip traffic. other examples abound.  ",underlying networks,4,0,0,0,1,0,0,0,0,
649,"this topic looks at the problem of integrating  technologies through the implementation of what  could be called interface shims or glue code. arp is  the obvious example. a mechanism was required to  map the ip addresses of the ietf internetworking  model to the mac addresses of the underlying  networks. arp is the glue. similarly, infiniband  needs a shim to carry ip traffic. other examples abound.  ",infiniband,4,0,0,0,1,0,0,0,0,
650,"this topic looks at the problem of integrating  technologies through the implementation of what  could be called interface shims or glue code. arp is  the obvious example. a mechanism was required to  map the ip addresses of the ietf internetworking  model to the mac addresses of the underlying  networks. arp is the glue. similarly, infiniband  needs a shim to carry ip traffic. other examples abound.  ",ip traffic,4,0,0,0,1,0,0,0,0,
651,"this topic should provide examples from the  technologies important to the program. if arp is  chosen as an example, arp poisoning as a mitm  attach works well. usb and other serial connections  could also provide examples. ",arp vulnerabilities and arp poisoning,4,0,0,0,1,0,0,0,0,
652,"this topic should provide examples from the  technologies important to the program. if arp is  chosen as an example, arp poisoning as a mitm  attach works well. usb and other serial connections  could also provide examples. ",usb vulnerabilities,4,0,0,0,1,0,0,0,0,
653,"this topic should provide examples from the  technologies important to the program. if arp is  chosen as an example, arp poisoning as a mitm  attach works well. usb and other serial connections  could also provide examples. ",serial connection vulnerabilities,4,0,0,0,1,0,0,0,0,
654,"this knowledge unit explores different models used  to implement connectivity between the consumer of  a service and the provider of a service. each topic  can be explored at many levels with many examples  (e.g., wireless issues surrounding biomedical  devices). this area is broken out because the service  models can be implemented in so many ways with  so many different architectures. remote procedure  calls (rpc) are implemented over many different  connection technologies varying from process-to-process in a single processor to across the internet.  the security concerns are different and the design  tradeoffs change based on implementations and  requirements. ",remote procedure calls (rpc),4,0,0,0,1,0,0,0,0,
655,"this knowledge unit explores different models used  to implement connectivity between the consumer of  a service and the provider of a service. each topic  can be explored at many levels with many examples  (e.g., wireless issues surrounding biomedical  devices). this area is broken out because the service  models can be implemented in so many ways with  so many different architectures. remote procedure  calls (rpc) are implemented over many different  connection technologies varying from process-to-process in a single processor to across the internet.  the security concerns are different and the design  tradeoffs change based on implementations and  requirements. ",connection technologies,4,0,0,0,1,0,0,0,0,
656,"this knowledge unit explores different models used  to implement connectivity between the consumer of  a service and the provider of a service. each topic  can be explored at many levels with many examples  (e.g., wireless issues surrounding biomedical  devices). this area is broken out because the service  models can be implemented in so many ways with  so many different architectures. remote procedure  calls (rpc) are implemented over many different  connection technologies varying from process-to-process in a single processor to across the internet.  the security concerns are different and the design  tradeoffs change based on implementations and  requirements. ",process to process communication,4,0,0,0,1,0,0,0,0,
657,"this knowledge unit explores different models used  to implement connectivity between the consumer of  a service and the provider of a service. each topic  can be explored at many levels with many examples  (e.g., wireless issues surrounding biomedical  devices). this area is broken out because the service  models can be implemented in so many ways with  so many different architectures. remote procedure  calls (rpc) are implemented over many different  connection technologies varying from process-to-process in a single processor to across the internet.  the security concerns are different and the design  tradeoffs change based on implementations and  requirements. ",internet scale communication,4,0,0,0,1,0,0,0,0,
658,"this knowledge unit explores different models used  to implement connectivity between the consumer of  a service and the provider of a service. each topic  can be explored at many levels with many examples  (e.g., wireless issues surrounding biomedical  devices). this area is broken out because the service  models can be implemented in so many ways with  so many different architectures. remote procedure  calls (rpc) are implemented over many different  connection technologies varying from process-to-process in a single processor to across the internet.  the security concerns are different and the design  tradeoffs change based on implementations and  requirements. ",security concerns,4,0,0,0,1,0,0,0,0,
659,"this knowledge unit explores different models used  to implement connectivity between the consumer of  a service and the provider of a service. each topic  can be explored at many levels with many examples  (e.g., wireless issues surrounding biomedical  devices). this area is broken out because the service  models can be implemented in so many ways with  so many different architectures. remote procedure  calls (rpc) are implemented over many different  connection technologies varying from process-to-process in a single processor to across the internet.  the security concerns are different and the design  tradeoffs change based on implementations and  requirements. ",design tradeoffs,4,0,0,0,1,0,0,0,0,
660,this topic is a network-centric dive into one model  of distributed computing. a service is a process that  provides something to another process based on a  request. ,network centric view,4,0,0,0,1,0,0,0,0,
661,this topic is a network-centric dive into one model  of distributed computing. a service is a process that  provides something to another process based on a  request. ,distributed computing model,4,0,0,0,1,0,0,0,0,
662,this topic is a network-centric dive into one model  of distributed computing. a service is a process that  provides something to another process based on a  request. ,service as a process,4,0,0,0,1,0,0,0,0,
663,this topic is a network-centric dive into one model  of distributed computing. a service is a process that  provides something to another process based on a  request. ,request based interaction,4,0,0,0,1,0,0,0,0,
664,"this topic is a network-centric look at how services  are modelled. from a network perspective, the  client initiates a connection and a server responds.  with p2p either side can initiate the request ",client server model,4,0,0,0,1,0,0,0,0,
665,"this topic is a network-centric look at how services  are modelled. from a network perspective, the  client initiates a connection and a server responds.  with p2p either side can initiate the request ",peer to peer model,4,0,0,0,1,0,0,0,0,
666,"this topic is a network-centric look at how services  are modelled. from a network perspective, the  client initiates a connection and a server responds.  with p2p either side can initiate the request ",initiation of connection in client server model,4,0,0,0,1,0,0,0,0,
667,"this topic is a network-centric look at how services  are modelled. from a network perspective, the  client initiates a connection and a server responds.  with p2p either side can initiate the request ",response in client server model,4,0,0,0,1,0,0,0,0,
668,"this topic is a network-centric look at how services  are modelled. from a network perspective, the  client initiates a connection and a server responds.  with p2p either side can initiate the request ",request initiation in peer to peer model,4,0,0,0,1,0,0,0,0,
669,"this topic describes all of the ways components  connect. procedure calls, ipc requests, interface  definition languages with stub code, private  protocols over a socket, everything. ",ipc requests,4,0,0,0,1,0,0,0,0,
670,"this topic describes all of the ways components  connect. procedure calls, ipc requests, interface  definition languages with stub code, private  protocols over a socket, everything. ",interface definition languages (idls),4,0,0,0,1,0,0,0,0,
671,"this topic describes all of the ways components  connect. procedure calls, ipc requests, interface  definition languages with stub code, private  protocols over a socket, everything. ",stub code generation,4,0,0,0,1,0,0,0,0,
672,"this topic describes all of the ways components  connect. procedure calls, ipc requests, interface  definition languages with stub code, private  protocols over a socket, everything. ",private protocols over a socket,4,0,0,0,1,0,0,0,0,
673,"this topic describes all of the ways components  connect. procedure calls, ipc requests, interface  definition languages with stub code, private  protocols over a socket, everything. ",procedure calls,4,0,0,0,1,0,0,0,0,
674,"this topic looks at specific services and how their  protocols are implemented. examples are smtp,  http, snmp, rest, corba, etc. specialty  connections such as wireless control of implanted  medical devices can also be examined. ",smtp protocols,4,0,0,0,1,0,0,0,0,
675,"this topic looks at specific services and how their  protocols are implemented. examples are smtp,  http, snmp, rest, corba, etc. specialty  connections such as wireless control of implanted  medical devices can also be examined. ",http implementation,4,0,0,0,1,0,0,0,0,
676,"this topic looks at specific services and how their  protocols are implemented. examples are smtp,  http, snmp, rest, corba, etc. specialty  connections such as wireless control of implanted  medical devices can also be examined. ",snmp usage,4,0,0,0,1,0,0,0,0,
677,"this topic looks at specific services and how their  protocols are implemented. examples are smtp,  http, snmp, rest, corba, etc. specialty  connections such as wireless control of implanted  medical devices can also be examined. ",rest architecture,4,0,0,0,1,0,0,0,0,
678,"this topic looks at specific services and how their  protocols are implemented. examples are smtp,  http, snmp, rest, corba, etc. specialty  connections such as wireless control of implanted  medical devices can also be examined. ",corba connections,4,0,0,0,1,0,0,0,0,
679,"this topic looks at specific services and how their  protocols are implemented. examples are smtp,  http, snmp, rest, corba, etc. specialty  connections such as wireless control of implanted  medical devices can also be examined. ",wireless control of medical devices,4,0,0,0,1,0,0,0,0,
680,this topic covers service virtualization as a method  to emulate the behavior of specific components such  as cloud-based applications and service-oriented  architecture. ,emulating cloud based applications,4,0,0,0,1,0,0,0,0,
681,this topic covers service virtualization as a method  to emulate the behavior of specific components such  as cloud-based applications and service-oriented  architecture. ,service oriented architecture emulation,4,0,0,0,1,0,0,0,0,
682,this topic covers service virtualization as a method  to emulate the behavior of specific components such  as cloud-based applications and service-oriented  architecture. ,methodology of service virtualization,4,0,0,0,1,0,0,0,0,
683,"this topic looks at the vulnerabilities and exploits of  client-server, peer-to-peer, and virtualization  network services. common service signatures are  often used for vulnerability profiling. ",client server network services vulnerabilities,4,0,0,0,1,0,0,0,0,
684,"this topic looks at the vulnerabilities and exploits of  client-server, peer-to-peer, and virtualization  network services. common service signatures are  often used for vulnerability profiling. ",peer to peer network services vulnerabilities,4,0,0,0,1,0,0,0,0,
685,"this topic looks at the vulnerabilities and exploits of  client-server, peer-to-peer, and virtualization  network services. common service signatures are  often used for vulnerability profiling. ",virtualization network services vulnerabilities,4,0,0,0,1,0,0,0,0,
686,"this topic looks at the vulnerabilities and exploits of  client-server, peer-to-peer, and virtualization  network services. common service signatures are  often used for vulnerability profiling. ",common service signatures for vulnerability profiling,4,0,0,0,1,0,0,0,0,
687,this knowledge unit captures current concepts in  network protection. it is likely that the vocabulary  and technology will evolve significantly over time.  the key ideas should include connection vulnerabilities like inserting a tap into a connector  and enabling eavesdropping. all of these provide  vulnerabilities that can be exploited for man-in-the-middle attacks. the idea of base-line capture and  monitoring for deviations from the base needs to be  covered as it applies in several of the specific topics. ,connection vulnerabilities,4,0,0,0,1,0,0,0,0,
688,this knowledge unit captures current concepts in  network protection. it is likely that the vocabulary  and technology will evolve significantly over time.  the key ideas should include connection vulnerabilities like inserting a tap into a connector  and enabling eavesdropping. all of these provide  vulnerabilities that can be exploited for man-in-the-middle attacks. the idea of base-line capture and  monitoring for deviations from the base needs to be  covered as it applies in several of the specific topics. ,inserting a tap into a connector,4,0,0,0,1,0,0,0,0,
689,this knowledge unit captures current concepts in  network protection. it is likely that the vocabulary  and technology will evolve significantly over time.  the key ideas should include connection vulnerabilities like inserting a tap into a connector  and enabling eavesdropping. all of these provide  vulnerabilities that can be exploited for man-in-the-middle attacks. the idea of base-line capture and  monitoring for deviations from the base needs to be  covered as it applies in several of the specific topics. ,enabling eavesdropping,4,0,0,0,1,0,0,0,0,
690,this knowledge unit captures current concepts in  network protection. it is likely that the vocabulary  and technology will evolve significantly over time.  the key ideas should include connection vulnerabilities like inserting a tap into a connector  and enabling eavesdropping. all of these provide  vulnerabilities that can be exploited for man-in-the-middle attacks. the idea of base-line capture and  monitoring for deviations from the base needs to be  covered as it applies in several of the specific topics. ,man in the middle attacks,4,0,0,0,1,0,0,0,0,
691,this knowledge unit captures current concepts in  network protection. it is likely that the vocabulary  and technology will evolve significantly over time.  the key ideas should include connection vulnerabilities like inserting a tap into a connector  and enabling eavesdropping. all of these provide  vulnerabilities that can be exploited for man-in-the-middle attacks. the idea of base-line capture and  monitoring for deviations from the base needs to be  covered as it applies in several of the specific topics. ,base line capture,4,0,0,0,1,0,0,0,0,
692,this knowledge unit captures current concepts in  network protection. it is likely that the vocabulary  and technology will evolve significantly over time.  the key ideas should include connection vulnerabilities like inserting a tap into a connector  and enabling eavesdropping. all of these provide  vulnerabilities that can be exploited for man-in-the-middle attacks. the idea of base-line capture and  monitoring for deviations from the base needs to be  covered as it applies in several of the specific topics. ,monitoring for deviations from the baseline,4,0,0,0,1,0,0,0,0,
693,this topic covers ways to help the network defend  itself from unauthorized access. ,implementing strong authentication methods,4,0,0,0,1,0,0,0,0,
694,this topic covers ways to help the network defend  itself from unauthorized access. ,enforcing least privilege access control,4,0,0,0,1,0,0,0,0,
695,this topic covers ways to help the network defend  itself from unauthorized access. ,regularly updating and patching systems,4,0,0,0,1,0,0,0,0,
696,this topic covers ways to help the network defend  itself from unauthorized access. ,using firewalls and intrusion detection systems,4,0,0,0,1,0,0,0,0,
697,this topic covers ways to help the network defend  itself from unauthorized access. ,encrypting data both in transit and at rest,4,0,0,0,1,0,0,0,0,
698,this topic covers ways to help the network defend  itself from unauthorized access. ,segmenting the network to limit lateral movement,4,0,0,0,1,0,0,0,0,
699,this topic covers ways to help the network defend  itself from unauthorized access. ,conducting regular security audits and vulnerability assessments,4,0,0,0,1,0,0,0,0,
700,this topic covers intrusion detection and intrusion  prevention services. these services audit the  network traffic. ,intrusion detection services,4,0,0,0,1,0,0,0,0,
701,this topic covers intrusion detection and intrusion  prevention services. these services audit the  network traffic. ,intrusion prevention services,4,0,0,0,1,0,0,0,0,
702,this topic covers intrusion detection and intrusion  prevention services. these services audit the  network traffic. ,network traffic auditing,4,0,0,0,1,0,0,0,0,
703,this topic covers the installation and use of firewalls and virtual private networks ,installation of firewalls,4,0,0,0,1,0,0,0,0,
704,this topic covers the installation and use of firewalls and virtual private networks ,use of firewalls,4,0,0,0,1,0,0,0,0,
705,this topic covers the installation and use of firewalls and virtual private networks ,installation of virtual private networks,4,0,0,0,1,0,0,0,0,
706,this topic covers the installation and use of firewalls and virtual private networks ,use of virtual private networks,4,0,0,0,1,0,0,0,0,
707,this topic introduces the idea that defenses must be  layered. ,layered defenses,4,0,0,0,1,0,0,0,0,
708,this topic introduces the idea that defenses must be  layered. ,defense in depth concept,4,0,0,0,1,0,0,0,0,
709,this topic introduces the idea of providing  intentionally vulnerable networks and devices in  isolated networks so that they can be watched and  analyzed as they are attacked ,intentionally vulnerable networks,4,0,0,0,1,0,0,0,0,
710,this topic introduces the idea of providing  intentionally vulnerable networks and devices in  isolated networks so that they can be watched and  analyzed as they are attacked ,isolated networks,4,0,0,0,1,0,0,0,0,
711,this topic introduces the idea of providing  intentionally vulnerable networks and devices in  isolated networks so that they can be watched and  analyzed as they are attacked ,monitoring attacks,4,0,0,0,1,0,0,0,0,
712,this topic introduces the idea of providing  intentionally vulnerable networks and devices in  isolated networks so that they can be watched and  analyzed as they are attacked ,analyzing attack patterns,4,0,0,0,1,0,0,0,0,
713,this topic covers the tools and techniques for  monitoring network devices and their associated  logs. ,tools for network monitoring,4,0,0,0,1,0,0,0,0,
714,this topic covers the tools and techniques for  monitoring network devices and their associated  logs. ,techniques for network monitoring,4,0,0,0,1,0,0,0,0,
715,this topic covers the tools and techniques for  monitoring network devices and their associated  logs. ,network device logs,4,0,0,0,1,0,0,0,0,
716,this topic covers the tools and techniques for  monitoring network devices and their associated  logs. ,analysis of network logs,4,0,0,0,1,0,0,0,0,
717,this topic covers the tools and techniques for  capturing and analyzing the packets flowing through  the network. research topic in this area include  threat hunting and attack pattern detection. ,tools for capturing network traffic,4,0,0,0,1,0,0,0,0,
718,this topic covers the tools and techniques for  capturing and analyzing the packets flowing through  the network. research topic in this area include  threat hunting and attack pattern detection. ,techniques for packet analysis,4,0,0,0,1,0,0,0,0,
719,this topic covers the tools and techniques for  capturing and analyzing the packets flowing through  the network. research topic in this area include  threat hunting and attack pattern detection. ,threat hunting methodologies,4,0,0,0,1,0,0,0,0,
720,this topic covers the tools and techniques for  capturing and analyzing the packets flowing through  the network. research topic in this area include  threat hunting and attack pattern detection. ,attack pattern detection approaches,4,0,0,0,1,0,0,0,0,
721,this topic covers the tools and techniques for  finding and mitigating vulnerabilities through  looking at potential weaknesses. ,tools for identifying vulnerabilities,4,0,0,0,1,0,0,0,0,
722,this topic covers the tools and techniques for  finding and mitigating vulnerabilities through  looking at potential weaknesses. ,techniques for assessing attack surface,4,0,0,0,1,0,0,0,0,
723,this topic covers the tools and techniques for  finding and mitigating vulnerabilities through  looking at potential weaknesses. ,methods for mitigating identified risks,4,0,0,0,1,0,0,0,0,
724,this topic covers the tools and techniques for  finding and mitigating vulnerabilities through  looking at potential weaknesses. ,strategies for reducing exposure to vectors,4,0,0,0,1,0,0,0,0,
725,"this topic covers tools and techniques for limiting  the flow of packets based upon rules for packet  content. examples include network admission  control techniques; machine certificates; machine  profiling techniques; probing with snmp, dhcp,  http, dns, ldap, and nmap. ",network admission control techniques,4,0,0,0,1,0,0,0,0,
726,"this topic covers tools and techniques for limiting  the flow of packets based upon rules for packet  content. examples include network admission  control techniques; machine certificates; machine  profiling techniques; probing with snmp, dhcp,  http, dns, ldap, and nmap. ",machine certificates,4,0,0,0,1,0,0,0,0,
727,"this topic covers tools and techniques for limiting  the flow of packets based upon rules for packet  content. examples include network admission  control techniques; machine certificates; machine  profiling techniques; probing with snmp, dhcp,  http, dns, ldap, and nmap. ",machine profiling techniques,4,0,0,0,1,0,0,0,0,
728,"this topic covers tools and techniques for limiting  the flow of packets based upon rules for packet  content. examples include network admission  control techniques; machine certificates; machine  profiling techniques; probing with snmp, dhcp,  http, dns, ldap, and nmap. ",probing with snmp,4,0,0,0,1,0,0,0,0,
729,"this topic covers tools and techniques for limiting  the flow of packets based upon rules for packet  content. examples include network admission  control techniques; machine certificates; machine  profiling techniques; probing with snmp, dhcp,  http, dns, ldap, and nmap. ",probing with dhcp,4,0,0,0,1,0,0,0,0,
730,"this topic covers tools and techniques for limiting  the flow of packets based upon rules for packet  content. examples include network admission  control techniques; machine certificates; machine  profiling techniques; probing with snmp, dhcp,  http, dns, ldap, and nmap. ",probing with http,4,0,0,0,1,0,0,0,0,
731,"this topic covers tools and techniques for limiting  the flow of packets based upon rules for packet  content. examples include network admission  control techniques; machine certificates; machine  profiling techniques; probing with snmp, dhcp,  http, dns, ldap, and nmap. ",probing with dns,4,0,0,0,1,0,0,0,0,
732,"this topic covers tools and techniques for limiting  the flow of packets based upon rules for packet  content. examples include network admission  control techniques; machine certificates; machine  profiling techniques; probing with snmp, dhcp,  http, dns, ldap, and nmap. ",probing with ldap,4,0,0,0,1,0,0,0,0,
733,"this topic covers tools and techniques for limiting  the flow of packets based upon rules for packet  content. examples include network admission  control techniques; machine certificates; machine  profiling techniques; probing with snmp, dhcp,  http, dns, ldap, and nmap. ",probing with nmap,4,0,0,0,1,0,0,0,0,
734,this topic covers tools and techniques for  implementing defense in depth using isolated  networks and special servers. ,perimeter networks,4,0,0,0,1,0,0,0,0,
735,this topic covers tools and techniques for  implementing defense in depth using isolated  networks and special servers. ,demilitarized zones (dmzs),4,0,0,0,1,0,0,0,0,
736,this topic covers tools and techniques for  implementing defense in depth using isolated  networks and special servers. ,defense in depth,4,0,0,0,1,0,0,0,0,
737,this topic covers tools and techniques for  implementing defense in depth using isolated  networks and special servers. ,isolated networks,4,0,0,0,1,0,0,0,0,
738,this topic covers tools and techniques for  implementing defense in depth using isolated  networks and special servers. ,proxy servers,4,0,0,0,1,0,0,0,0,
739,this topic covers the creation of policies that  provide guidance and requirements for the services  provided by the network along with the measures to  be used to see that the policies are followed. ,creation of network policies,4,0,0,0,1,0,0,0,0,
740,this topic covers the creation of policies that  provide guidance and requirements for the services  provided by the network along with the measures to  be used to see that the policies are followed. ,services provided by the network,4,0,0,0,1,0,0,0,0,
741,this topic covers the creation of policies that  provide guidance and requirements for the services  provided by the network along with the measures to  be used to see that the policies are followed. ,requirements for network services,4,0,0,0,1,0,0,0,0,
742,this topic covers the creation of policies that  provide guidance and requirements for the services  provided by the network along with the measures to  be used to see that the policies are followed. ,measures for policy enforcement,4,0,0,0,1,0,0,0,0,
743,this topic discusses the creation of procedures that  are used to operate the network ,creation of network operation procedures,4,0,0,0,1,0,0,0,0,
744,this topic discusses the creation of procedures that  are used to operate the network ,types of network operations,4,0,0,0,1,0,0,0,0,
745,this topic discusses the creation of procedures that  are used to operate the network ,implementation of network operation procedures,4,0,0,0,1,0,0,0,0,
746,this topic discusses the creation of procedures that  are used to operate the network ,monitoring network operations,4,0,0,0,1,0,0,0,0,
747,this topic discusses the creation of procedures that  are used to operate the network ,maintenance and updates of network operation procedures,4,0,0,0,1,0,0,0,0,
748,this topic covers the tools and techniques used to test the network by actually attempting to exploit  vulnerabilities.  ,session hijacking,4,0,0,0,1,0,0,0,0,
749,this topic covers the tools and techniques used to test the network by actually attempting to exploit  vulnerabilities.  ,man in the middle attacks,4,0,0,0,1,0,0,0,0,
750,this topic covers the tools and techniques used to test the network by actually attempting to exploit  vulnerabilities.  ,tools for network testing,4,0,0,0,1,0,0,0,0,
751,this topic covers the tools and techniques used to test the network by actually attempting to exploit  vulnerabilities.  ,exploiting vulnerabilities,4,0,0,0,1,0,0,0,0,
752,this topic covers how proactive threat hunting uses  machine learning to detect patterns in attack vectors. ,proactive threat hunting,4,0,0,0,1,0,0,0,0,
753,this topic covers how proactive threat hunting uses  machine learning to detect patterns in attack vectors. ,machine learning in threat detection,4,0,0,0,1,0,0,0,0,
754,this topic covers how proactive threat hunting uses  machine learning to detect patterns in attack vectors. ,attack vector analysis,4,0,0,0,1,0,0,0,0,
755,this topic covers how proactive threat hunting uses  machine learning to detect patterns in attack vectors. ,pattern recognition in cyber threats,4,0,0,0,1,0,0,0,0,
757,"this knowledge unit introduces the student to  thinking of the system as a whole, rather than  simply a number of connected components.  ",system thinking,5,0,0,0,0,1,0,0,0,
758,"this knowledge unit introduces the student to  thinking of the system as a whole, rather than  simply a number of connected components.  ",holistic approach,5,0,0,0,0,1,0,0,0,
759,"this knowledge unit introduces the student to  thinking of the system as a whole, rather than  simply a number of connected components.  ",interconnected components,5,0,0,0,0,1,0,0,0,
760,this topic discusses the definition of system and  how it depends on context ,definition of system,5,0,0,0,0,1,0,0,0,
761,this topic discusses the definition of system and  how it depends on context ,context dependence of system,5,0,0,0,0,1,0,0,0,
762,this topic focuses on the value of having good  systems engineering artifacts in order to inform  security risk management ,value of systems engineering artifacts,5,0,0,0,0,1,0,0,0,
763,this topic focuses on the value of having good  systems engineering artifacts in order to inform  security risk management ,informing security risk management,5,0,0,0,0,1,0,0,0,
764,"this topic covers viewing the system as a whole  rather than as simply a collection of interconnected  components. for example, viewing the human,  organizational and environmental considerations of  the whole as opposed to viewing each individual  component and connection and how they affect the  view of risk. ",viewing the human considerations as part of the whole,5,0,0,0,0,1,0,0,0,
765,"this topic covers viewing the system as a whole  rather than as simply a collection of interconnected  components. for example, viewing the human,  organizational and environmental considerations of  the whole as opposed to viewing each individual  component and connection and how they affect the  view of risk. ",considering organizational factors within a holistic framework,5,0,0,0,0,1,0,0,0,
766,"this topic covers viewing the system as a whole  rather than as simply a collection of interconnected  components. for example, viewing the human,  organizational and environmental considerations of  the whole as opposed to viewing each individual  component and connection and how they affect the  view of risk. ",incorporating environmental aspects into the overall view,5,0,0,0,0,1,0,0,0,
767,"this topic covers viewing the system as a whole  rather than as simply a collection of interconnected  components. for example, viewing the human,  organizational and environmental considerations of  the whole as opposed to viewing each individual  component and connection and how they affect the  view of risk. ",analyzing risks from a systemic perspective,5,0,0,0,0,1,0,0,0,
768,"this topic covers viewing the system as a whole  rather than as simply a collection of interconnected  components. for example, viewing the human,  organizational and environmental considerations of  the whole as opposed to viewing each individual  component and connection and how they affect the  view of risk. ",integrating interconnected components for a comprehensive understanding,5,0,0,0,0,1,0,0,0,
769,this topic covers the security considerations of  computing and of systems in general. ,security considerations for computing,5,0,0,0,0,1,0,0,0,
770,this topic covers the security considerations of  computing and of systems in general. ,security measures for general purpose systems,5,0,0,0,0,1,0,0,0,
771,this topic covers security considerations derived  from the purposes to which the system is put. ,security requirements based on system purpose,5,0,0,0,0,1,0,0,0,
772,this topic covers security considerations derived  from the purposes to which the system is put. ,specialized security measures for specific applications,5,0,0,0,0,1,0,0,0,
773,this topic covers security considerations derived  from the purposes to which the system is put. ,custom security protocols for unique systems,5,0,0,0,0,1,0,0,0,
774,"this topic covers what security problems can arise  and how they might be realized, detected, and  mitigated. ",security problems,5,0,0,0,0,1,0,0,0,
775,"this topic covers what security problems can arise  and how they might be realized, detected, and  mitigated. ",realization of threats,5,0,0,0,0,1,0,0,0,
776,"this topic covers what security problems can arise  and how they might be realized, detected, and  mitigated. ",detection methods,5,0,0,0,0,1,0,0,0,
777,"this topic covers what security problems can arise  and how they might be realized, detected, and  mitigated. ",mitigation strategies,5,0,0,0,0,1,0,0,0,
778,"this topic presents requirements derivation and  validation throughout the system lifecycle,  including in various methodologies such as the  waterfall and agile development methodologies. ",requirements derivation,5,0,0,0,0,1,0,0,0,
779,"this topic presents requirements derivation and  validation throughout the system lifecycle,  including in various methodologies such as the  waterfall and agile development methodologies. ",requirements validation,5,0,0,0,0,1,0,0,0,
780,"this topic presents requirements derivation and  validation throughout the system lifecycle,  including in various methodologies such as the  waterfall and agile development methodologies. ",waterfall methodology,5,0,0,0,0,1,0,0,0,
781,"this topic presents requirements derivation and  validation throughout the system lifecycle,  including in various methodologies such as the  waterfall and agile development methodologies. ",agile development methodology,5,0,0,0,0,1,0,0,0,
782,"the software security knowledge area covers these  principles in detail, but they also apply here. ",fundamental principles,"5,2 ",0,1,0,0,1,0,0,0,
783,"the software security knowledge area covers these  principles in detail, but they also apply here. ",software security knowledge area,"5,2 ",0,1,0,0,1,0,0,0,
784,this topic covers designing systems for ease and  effectiveness of testing. ,designing systems with testability in mind,5,0,0,0,0,1,0,0,0,
785,this topic covers designing systems for ease and  effectiveness of testing. ,incorporating testing mechanisms during development,5,0,0,0,0,1,0,0,0,
786,this topic covers designing systems for ease and  effectiveness of testing. ,creating modular and reusable code,5,0,0,0,0,1,0,0,0,
787,this topic covers designing systems for ease and  effectiveness of testing. ,implementing automated testing frameworks,5,0,0,0,0,1,0,0,0,
788,this topic covers designing systems for ease and  effectiveness of testing. ,integrating continuous integration and continuous deployment (ci cd),5,0,0,0,0,1,0,0,0,
789,this knowledge unit describes techniques for  including security considerations throughout the  management of the system. ,security considerations in system management,5,0,0,0,0,1,0,0,0,
790,this knowledge unit describes techniques for  including security considerations throughout the  management of the system. ,techniques for integrating security,5,0,0,0,0,1,0,0,0,
791,this knowledge unit describes techniques for  including security considerations throughout the  management of the system. ,managing system security throughout its lifecycle,5,0,0,0,0,1,0,0,0,
792,"this topic includes examples such as belllapadula, clark-wilson, chinese wall, and  clinical information systems security ",bell lapadula model,5,0,0,0,0,1,0,0,0,
793,"this topic includes examples such as belllapadula, clark-wilson, chinese wall, and  clinical information systems security ",clark wilson model,5,0,0,0,0,1,0,0,0,
794,"this topic includes examples such as belllapadula, clark-wilson, chinese wall, and  clinical information systems security ",chinese wall model,5,0,0,0,0,1,0,0,0,
795,"this topic includes examples such as belllapadula, clark-wilson, chinese wall, and  clinical information systems security ",clinical information systems security,5,0,0,0,0,1,0,0,0,
796,this topic covers restrictiveness. ,restrictiveness in policy composition,5,0,0,0,0,1,0,0,0,
797,"this topic includes data mining, machine learning  and related techniques, and their benefits and  limitations ",data mining,5,0,0,0,0,1,0,0,0,
798,"this topic includes data mining, machine learning  and related techniques, and their benefits and  limitations ",machine learning,5,0,0,0,0,1,0,0,0,
799,"this topic includes data mining, machine learning  and related techniques, and their benefits and  limitations ",benefits of automation,5,0,0,0,0,1,0,0,0,
800,"this topic includes data mining, machine learning  and related techniques, and their benefits and  limitations ",limitations of automation,5,0,0,0,0,1,0,0,0,
801,"this topic includes the security issues patching  raises such as whether to patch a system, and  patching a running system, as well as how to handle  vulnerability reports ",whether to patch a system,"5,2 ",0,1,0,0,1,0,0,0,
802,"this topic includes the security issues patching  raises such as whether to patch a system, and  patching a running system, as well as how to handle  vulnerability reports ",patching a running system,"5,2 ",0,1,0,0,1,0,0,0,
803,"this topic includes the security issues patching  raises such as whether to patch a system, and  patching a running system, as well as how to handle  vulnerability reports ",handling vulnerability reports,"5,2 ",0,1,0,0,1,0,0,0,
804,"this topic includes security in operation, and the  importance of usability considerations ",security in operation,5,0,0,0,0,1,0,0,0,
805,"this topic includes security in operation, and the  importance of usability considerations ",usability considerations,5,0,0,0,0,1,0,0,0,
806,this topic describes the security considerations  when installing and removing a system. ,security considerations during installation (commissioning),5,0,0,0,0,1,0,0,0,
807,this topic describes the security considerations  when installing and removing a system. ,security considerations during removal (decommissioning),5,0,0,0,0,1,0,0,0,
808,"this topic includes examples of insider threats such  as data exfiltration and sabotage, and covers  countermeasures.  ",data exfiltration,5,0,0,0,0,1,0,0,0,
809,"this topic includes examples of insider threats such  as data exfiltration and sabotage, and covers  countermeasures.  ",sabotage,5,0,0,0,0,1,0,0,0,
810,"this topic includes examples of insider threats such  as data exfiltration and sabotage, and covers  countermeasures.  ",countermeasures,5,0,0,0,0,1,0,0,0,
811,this topic covers security and assurance  documentation as well as installation and user  guides focused on the system itself. ,security documentation,5,0,0,0,0,1,0,0,0,
812,this topic covers security and assurance  documentation as well as installation and user  guides focused on the system itself. ,assurance documentation,5,0,0,0,0,1,0,0,0,
813,this topic covers security and assurance  documentation as well as installation and user  guides focused on the system itself. ,installation guides,5,0,0,0,0,1,0,0,0,
814,this topic covers security and assurance  documentation as well as installation and user  guides focused on the system itself. ,user guides,5,0,0,0,0,1,0,0,0,
815,this topic discusses procedures that are used to  manage systems. ,procedures for system management,5,0,0,0,0,1,0,0,0,
816,this topic discusses procedures that are used to  manage systems. ,types of systems managed,5,0,0,0,0,1,0,0,0,
817,this topic discusses procedures that are used to  manage systems. ,importance of procedures in system management,5,0,0,0,0,1,0,0,0,
818,"this knowledge unit introduces security  considerations about controlling access to systems.  it deals with the identification of entities, and  confirmation of that identification to the desired  level of granularity. topics overlap with the human  security knowledge area, but the focus here is on  the system elements and not the human ones. ",security considerations for system access control,"5,6 ",0,0,0,0,1,1,0,0,
819,"this knowledge unit introduces security  considerations about controlling access to systems.  it deals with the identification of entities, and  confirmation of that identification to the desired  level of granularity. topics overlap with the human  security knowledge area, but the focus here is on  the system elements and not the human ones. ",entity identification,"5,6 ",0,0,0,0,1,1,0,0,
820,"this knowledge unit introduces security  considerations about controlling access to systems.  it deals with the identification of entities, and  confirmation of that identification to the desired  level of granularity. topics overlap with the human  security knowledge area, but the focus here is on  the system elements and not the human ones. ",confirmation of entity identification,"5,6 ",0,0,0,0,1,1,0,0,
821,"this knowledge unit introduces security  considerations about controlling access to systems.  it deals with the identification of entities, and  confirmation of that identification to the desired  level of granularity. topics overlap with the human  security knowledge area, but the focus here is on  the system elements and not the human ones. ",granularity of access control,"5,6 ",0,0,0,0,1,1,0,0,
822,"this knowledge unit introduces security  considerations about controlling access to systems.  it deals with the identification of entities, and  confirmation of that identification to the desired  level of granularity. topics overlap with the human  security knowledge area, but the focus here is on  the system elements and not the human ones. ",relationship with human security knowledge area,"5,6 ",0,0,0,0,1,1,0,0,
823,"authentication methods refers to human-to-system  or system-to-system authentication; examples  include passwords, biometrics, dongles, and single  sign-on. ",human to system authentication,"5,6 ",0,0,0,0,1,1,0,0,
824,"authentication methods refers to human-to-system  or system-to-system authentication; examples  include passwords, biometrics, dongles, and single  sign-on. ",system to system authentication,"5,6 ",0,0,0,0,1,1,0,0,
825,"authentication methods refers to human-to-system  or system-to-system authentication; examples  include passwords, biometrics, dongles, and single  sign-on. ",passwords,"5,6 ",0,0,0,0,1,1,0,0,
826,"authentication methods refers to human-to-system  or system-to-system authentication; examples  include passwords, biometrics, dongles, and single  sign-on. ",biometrics,"5,6 ",0,0,0,0,1,1,0,0,
827,"authentication methods refers to human-to-system  or system-to-system authentication; examples  include passwords, biometrics, dongles, and single  sign-on. ",dongles,"5,6 ",0,0,0,0,1,1,0,0,
828,"authentication methods refers to human-to-system  or system-to-system authentication; examples  include passwords, biometrics, dongles, and single  sign-on. ",single sign on,"5,6 ",0,0,0,0,1,1,0,0,
829,"how is identity represented to the system? this  topic includes roles as well as names, etc. ",how roles are assigned and represented,"5,6 ",0,0,0,0,1,1,0,0,
830,"how is identity represented to the system? this  topic includes roles as well as names, etc. ",representation of names in the system,"5,6 ",0,0,0,0,1,1,0,0,
831,"how is identity represented to the system? this  topic includes roles as well as names, etc. ",methods for identifying users,"5,6 ",0,0,0,0,1,1,0,0,
832,"how is identity represented to the system? this  topic includes roles as well as names, etc. ",use of unique identifiers,"5,6 ",0,0,0,0,1,1,0,0,
833,"how is identity represented to the system? this  topic includes roles as well as names, etc. ",managing identity across multiple systems,"5,6 ",0,0,0,0,1,1,0,0,
834,"this knowledge unit examines the security  considerations involved in controlling the system  itself. it includes detecting, compensating for,  defending against, and preventing attacks. ",security detection,5,0,0,0,0,1,0,0,0,
835,"this knowledge unit examines the security  considerations involved in controlling the system  itself. it includes detecting, compensating for,  defending against, and preventing attacks. ",compensation for security issues,5,0,0,0,0,1,0,0,0,
836,"this knowledge unit examines the security  considerations involved in controlling the system  itself. it includes detecting, compensating for,  defending against, and preventing attacks. ",defense mechanisms,5,0,0,0,0,1,0,0,0,
837,"this knowledge unit examines the security  considerations involved in controlling the system  itself. it includes detecting, compensating for,  defending against, and preventing attacks. ",prevention strategies,5,0,0,0,0,1,0,0,0,
838,"this topic focuses on controlling access to  resources, and the integrity of the controls, rather  than their controlling access to data, which is  covered in the data security knowledge area. ",controlling access to resources,"5,1 ",1,0,0,0,1,0,0,0,
839,"this topic focuses on controlling access to  resources, and the integrity of the controls, rather  than their controlling access to data, which is  covered in the data security knowledge area. ",integrity of access controls,"5,1 ",1,0,0,0,1,0,0,0,
840,"this topic covers the management of authorization  across many systems, and the distinction between  authentication and authorization ",management of authorization across multiple systems,5,0,0,0,0,1,0,0,0,
841,"this topic covers the management of authorization  across many systems, and the distinction between  authentication and authorization ",distinction between authentication and authorization,5,0,0,0,0,1,0,0,0,
842,"this topic covers anomaly, misuse (rule-based,  signature-based) and specification-based  techniques ",anomaly detection,5,0,0,0,0,1,0,0,0,
843,"this topic covers anomaly, misuse (rule-based,  signature-based) and specification-based  techniques ",misuse detection,5,0,0,0,0,1,0,0,0,
844,"this topic covers anomaly, misuse (rule-based,  signature-based) and specification-based  techniques ",  rule based detection,5,0,0,0,0,1,0,0,0,
845,"this topic covers anomaly, misuse (rule-based,  signature-based) and specification-based  techniques ",  signature based detection,5,0,0,0,0,1,0,0,0,
846,"this topic covers anomaly, misuse (rule-based,  signature-based) and specification-based  techniques ",specification based detection,5,0,0,0,0,1,0,0,0,
847,this topic covers attack models (such as attack  trees and graphs) and specific attacks. ,attack trees,5,0,0,0,0,1,0,0,0,
848,this topic covers attack models (such as attack  trees and graphs) and specific attacks. ,attack graphs,5,0,0,0,0,1,0,0,0,
849,this topic covers attack models (such as attack  trees and graphs) and specific attacks. ,specific attacks,5,0,0,0,0,1,0,0,0,
850,"this topic includes examples such as aslr, ip  hopping, and intrusion tolerance. ",aslr,5,0,0,0,0,1,0,0,0,
851,"this topic includes examples such as aslr, ip  hopping, and intrusion tolerance. ",ip hopping,5,0,0,0,0,1,0,0,0,
852,"this topic includes examples such as aslr, ip  hopping, and intrusion tolerance. ",intrusion tolerance,5,0,0,0,0,1,0,0,0,
853,"this topic covers logging, log analysis, and  relationship to intrusion detection. ",logging,5,0,0,0,0,1,0,0,0,
854,"this topic covers logging, log analysis, and  relationship to intrusion detection. ",log analysis,5,0,0,0,0,1,0,0,0,
855,"this topic covers logging, log analysis, and  relationship to intrusion detection. ",intrusion detection relationship,5,0,0,0,0,1,0,0,0,
856,"this topic includes examples such as computer viruses, worms, ransomware, and other forms of  malware ",computer viruses,5,0,0,0,0,1,0,0,0,
857,"this topic includes examples such as computer viruses, worms, ransomware, and other forms of  malware ",worms,5,0,0,0,0,1,0,0,0,
858,"this topic includes examples such as computer viruses, worms, ransomware, and other forms of  malware ",ransomware,5,0,0,0,0,1,0,0,0,
859,"this topic includes examples such as computer viruses, worms, ransomware, and other forms of  malware ",other forms of malware,5,0,0,0,0,1,0,0,0,
860,this topic includes examples such as risos and  pa; and enumerations such as cve and cwe. ,risos,5,0,0,0,0,1,0,0,0,
861,this topic includes examples such as risos and  pa; and enumerations such as cve and cwe. ,pa,5,0,0,0,0,1,0,0,0,
862,this topic includes examples such as risos and  pa; and enumerations such as cve and cwe. ,cve,5,0,0,0,0,1,0,0,0,
863,this topic includes examples such as risos and  pa; and enumerations such as cve and cwe. ,cwe,5,0,0,0,0,1,0,0,0,
864,"this topic covers the flaw hypothesis  methodology and other forms (issaf, osstmm,  gista, ptes, etc.).  ",flaw hypothesis,5,0,0,0,0,1,0,0,0,
865,"this topic covers the flaw hypothesis  methodology and other forms (issaf, osstmm,  gista, ptes, etc.).  ",methodology,5,0,0,0,0,1,0,0,0,
866,"this topic covers the flaw hypothesis  methodology and other forms (issaf, osstmm,  gista, ptes, etc.).  ",issaf,5,0,0,0,0,1,0,0,0,
867,"this topic covers the flaw hypothesis  methodology and other forms (issaf, osstmm,  gista, ptes, etc.).  ",osstmm,5,0,0,0,0,1,0,0,0,
868,"this topic covers the flaw hypothesis  methodology and other forms (issaf, osstmm,  gista, ptes, etc.).  ",gista,5,0,0,0,0,1,0,0,0,
869,"this topic covers the flaw hypothesis  methodology and other forms (issaf, osstmm,  gista, ptes, etc.).  ",ptes,5,0,0,0,0,1,0,0,0,
870,this topic focuses on the system requirements for  forensics. ,system requirements for forensics,"5,1 ",1,0,0,0,1,0,0,0,
871,this topic includes availability mechanisms. ,availability mechanisms,5,0,0,0,0,1,0,0,0,
872,this topic includes availability mechanisms. ,recovery strategies,5,0,0,0,0,1,0,0,0,
873,this topic includes availability mechanisms. ,resilience techniques,5,0,0,0,0,1,0,0,0,
874,"this knowledge unit examines how retiring a  system at or before its end of life may affect the  security of other systems, or of the organization  that used the system. ",how retiring a system affects security,5,0,0,0,0,1,0,0,0,
875,"this knowledge unit examines how retiring a  system at or before its end of life may affect the  security of other systems, or of the organization  that used the system. ",end of life and system retirement,5,0,0,0,0,1,0,0,0,
876,"this knowledge unit examines how retiring a  system at or before its end of life may affect the  security of other systems, or of the organization  that used the system. ",security implications for other systems,5,0,0,0,0,1,0,0,0,
877,"this knowledge unit examines how retiring a  system at or before its end of life may affect the  security of other systems, or of the organization  that used the system. ",security implications for the organization,5,0,0,0,0,1,0,0,0,
878,"this topic examines how retiring a system at or  before its end of life may affect the security of  other systems, or of the organization that used the  system. the student should understand the effects  of removing a system, or components or  connections within a system, upon the security of  the system as a whole ",effects on overall system security,5,0,0,0,0,1,0,0,0,
879,"this topic examines how retiring a system at or  before its end of life may affect the security of  other systems, or of the organization that used the  system. the student should understand the effects  of removing a system, or components or  connections within a system, upon the security of  the system as a whole ",impact on other systems,5,0,0,0,0,1,0,0,0,
880,"this topic examines how retiring a system at or  before its end of life may affect the security of  other systems, or of the organization that used the  system. the student should understand the effects  of removing a system, or components or  connections within a system, upon the security of  the system as a whole ",security implications of removing components,5,0,0,0,0,1,0,0,0,
881,"this topic examines how retiring a system at or  before its end of life may affect the security of  other systems, or of the organization that used the  system. the student should understand the effects  of removing a system, or components or  connections within a system, upon the security of  the system as a whole ",security risks during decommissioning,5,0,0,0,0,1,0,0,0,
882,"this topic examines how retiring a system at or  before its end of life may affect the security of  other systems, or of the organization that used the  system. the student should understand the effects  of removing a system, or components or  connections within a system, upon the security of  the system as a whole ",best practices for secure decommissioning,5,0,0,0,0,1,0,0,0,
883,this topic includes wiping media and other forms  of destruction to prevent sensitive information  (such as pii) from being recovered. ,wiping media,5,0,0,0,0,1,0,0,0,
884,this topic includes wiping media and other forms  of destruction to prevent sensitive information  (such as pii) from being recovered. ,destruction methods,5,0,0,0,0,1,0,0,0,
885,this topic includes wiping media and other forms  of destruction to prevent sensitive information  (such as pii) from being recovered. ,preventing sensitive information recovery,5,0,0,0,0,1,0,0,0,
886,this topic includes wiping media and other forms  of destruction to prevent sensitive information  (such as pii) from being recovered. ,pii protection,5,0,0,0,0,1,0,0,0,
887,this knowledge unit covers considerations of  testing systems to ensure they meet security  requirements. ,testing methodologies for security,"5,2,3 ",0,1,1,0,1,0,0,0,
888,this knowledge unit covers considerations of  testing systems to ensure they meet security  requirements. ,security requirements identification,"5,2,3 ",0,1,1,0,1,0,0,0,
889,this knowledge unit covers considerations of  testing systems to ensure they meet security  requirements. ,risk assessment in testing,"5,2,3 ",0,1,1,0,1,0,0,0,
890,this knowledge unit covers considerations of  testing systems to ensure they meet security  requirements. ,compliance with security standards,"5,2,3 ",0,1,1,0,1,0,0,0,
891,this knowledge unit covers considerations of  testing systems to ensure they meet security  requirements. ,penetration testing techniques,"5,2,3 ",0,1,1,0,1,0,0,0,
892,this knowledge unit covers considerations of  testing systems to ensure they meet security  requirements. ,vulnerability management in testing,"5,2,3 ",0,1,1,0,1,0,0,0,
893,this knowledge unit covers considerations of  testing systems to ensure they meet security  requirements. ,continuous monitoring and testing,"5,2,3 ",0,1,1,0,1,0,0,0,
894,this topic describes methodologies to show that  requirements meet objectives ,methodologies for requirement validation,"5,2,3  ",0,1,1,0,1,0,0,0,
895,this topic describes methodologies to show that  requirements meet objectives ,linking requirements to objectives,"5,2,3  ",0,1,1,0,1,0,0,0,
896,this topic describes methodologies to show that  requirements meet objectives ,techniques for validating requirements,"5,2,3  ",0,1,1,0,1,0,0,0,
897,this topic describes methodologies to show that  requirements meet objectives ,tools for requirement validation,"5,2,3  ",0,1,1,0,1,0,0,0,
898,this topic describes methodologies to show that  requirements meet objectives ,processes for ensuring requirements accuracy,"5,2,3  ",0,1,1,0,1,0,0,0,
899,this topic covers how to test a system as a whole. ,testing methodologies for system integration,"5,2,3  ",0,1,1,0,1,0,0,0,
900,this topic covers how to test a system as a whole. ,component interaction verification,"5,2,3  ",0,1,1,0,1,0,0,0,
901,this topic covers how to test a system as a whole. ,system performance under load,"5,2,3  ",0,1,1,0,1,0,0,0,
902,this topic covers how to test a system as a whole. ,error handling and recovery testing,"5,2,3  ",0,1,1,0,1,0,0,0,
903,this topic covers how to test a system as a whole. ,security and compliance checks,"5,2,3  ",0,1,1,0,1,0,0,0,
904,this topic covers how system testing differs from  component and connection testing. ,system testing,"5,2,3  ",0,1,1,0,1,0,0,0,
905,this topic covers how system testing differs from  component and connection testing. ,component testing,"5,2,3  ",0,1,1,0,1,0,0,0,
906,this topic covers how system testing differs from  component and connection testing. ,connection testing,"5,2,3  ",0,1,1,0,1,0,0,0,
907,"this topic covers languages, theorem provers, and  hierarchical decomposition. ",languages,"5,2,3  ",0,1,1,0,1,0,0,0,
908,"this topic covers languages, theorem provers, and  hierarchical decomposition. ",theorem provers,"5,2,3  ",0,1,1,0,1,0,0,0,
909,"this topic covers languages, theorem provers, and  hierarchical decomposition. ",hierarchical decomposition,"5,2,3  ",0,1,1,0,1,0,0,0,
910,"this knowledge unit applies the topics of this  knowledge area to specific architectures that are, or  are becoming, more common. ",common architectures,5,0,0,0,0,1,0,0,0,
911,"this knowledge unit applies the topics of this  knowledge area to specific architectures that are, or  are becoming, more common. ",application of knowledge to architectures,5,0,0,0,0,1,0,0,0,
912,"this topic covers hypervisors, virtualization of  disks and memory, and the use of virtual machines  in security ",hypervisors,"5,4 ",0,0,0,1,1,0,0,0,
913,"this topic covers hypervisors, virtualization of  disks and memory, and the use of virtual machines  in security ",virtualization of disks,"5,4 ",0,0,0,1,1,0,0,0,
914,"this topic covers hypervisors, virtualization of  disks and memory, and the use of virtual machines  in security ",virtualization of memory,"5,4 ",0,0,0,1,1,0,0,0,
915,"this topic covers hypervisors, virtualization of  disks and memory, and the use of virtual machines  in security ",use of virtual machines in security,"5,4 ",0,0,0,1,1,0,0,0,
916,this topic includes scada. ,scada,5,0,0,0,0,1,0,0,0,
917,this topic includes examples such as refrigerators  and sensors ,refrigerators,5,0,0,0,0,1,0,0,0,
918,this topic includes examples such as refrigerators  and sensors ,sensors,5,0,0,0,0,1,0,0,0,
919,"this topic includes examples such as systems in spacecraft, and systems used in other hostile  environments.  ",embedded systems in spacecraft,5,0,0,0,0,1,0,0,0,
920,"this topic includes examples such as systems in spacecraft, and systems used in other hostile  environments.  ",embedded systems in hostile environments,5,0,0,0,0,1,0,0,0,
921,this topic includes examples such as laptops and  smartphones. ,laptops,5,0,0,0,0,1,0,0,0,
922,this topic includes examples such as laptops and  smartphones. ,smartphones,5,0,0,0,0,1,0,0,0,
923,this topic includes examples such as robots and  uavs that do not require human control. ,robots,5,0,0,0,0,1,0,0,0,
924,this topic includes examples such as robots and  uavs that do not require human control. ,uavs,5,0,0,0,0,1,0,0,0,
925,"this topic includes examples such as desktops,  laptops, and mainframes ",desktops,5,0,0,0,0,1,0,0,0,
926,"this topic includes examples such as desktops,  laptops, and mainframes ",laptops,5,0,0,0,0,1,0,0,0,
927,"this topic includes examples such as desktops,  laptops, and mainframes ",mainframes,5,0,0,0,0,1,0,0,0,
931,"this topic provides an overview of various access  control methods to demonstrate the benefits and  challenges of each. topics include an overview of  network access control (nac), identity access  management (iam), roles, multi-method  identification and authentication systems, biometric  authentication systems (including issues such as  accuracy/far/frr, resistance, privacy, etc.), as well  as usability and tolerability of the methods. ",network access control (nac),6,0,0,0,0,0,1,0,0,
932,"this topic provides an overview of various access  control methods to demonstrate the benefits and  challenges of each. topics include an overview of  network access control (nac), identity access  management (iam), roles, multi-method  identification and authentication systems, biometric  authentication systems (including issues such as  accuracy/far/frr, resistance, privacy, etc.), as well  as usability and tolerability of the methods. ",identity access management (iam),6,0,0,0,0,0,1,0,0,
933,"this topic provides an overview of various access  control methods to demonstrate the benefits and  challenges of each. topics include an overview of  network access control (nac), identity access  management (iam), roles, multi-method  identification and authentication systems, biometric  authentication systems (including issues such as  accuracy/far/frr, resistance, privacy, etc.), as well  as usability and tolerability of the methods. ",roles,6,0,0,0,0,0,1,0,0,
934,"this topic provides an overview of various access  control methods to demonstrate the benefits and  challenges of each. topics include an overview of  network access control (nac), identity access  management (iam), roles, multi-method  identification and authentication systems, biometric  authentication systems (including issues such as  accuracy/far/frr, resistance, privacy, etc.), as well  as usability and tolerability of the methods. ",multi method identification and authentication systems,6,0,0,0,0,0,1,0,0,
935,"this topic provides an overview of various access  control methods to demonstrate the benefits and  challenges of each. topics include an overview of  network access control (nac), identity access  management (iam), roles, multi-method  identification and authentication systems, biometric  authentication systems (including issues such as  accuracy/far/frr, resistance, privacy, etc.), as well  as usability and tolerability of the methods. ",biometric authentication systems,6,0,0,0,0,0,1,0,0,
936,"this topic provides an overview of various access  control methods to demonstrate the benefits and  challenges of each. topics include an overview of  network access control (nac), identity access  management (iam), roles, multi-method  identification and authentication systems, biometric  authentication systems (including issues such as  accuracy/far/frr, resistance, privacy, etc.), as well  as usability and tolerability of the methods. ",accuracy far frr,6,0,0,0,0,0,1,0,0,
937,"this topic provides an overview of various access  control methods to demonstrate the benefits and  challenges of each. topics include an overview of  network access control (nac), identity access  management (iam), roles, multi-method  identification and authentication systems, biometric  authentication systems (including issues such as  accuracy/far/frr, resistance, privacy, etc.), as well  as usability and tolerability of the methods. ",resistance,6,0,0,0,0,0,1,0,0,
938,"this topic provides an overview of various access  control methods to demonstrate the benefits and  challenges of each. topics include an overview of  network access control (nac), identity access  management (iam), roles, multi-method  identification and authentication systems, biometric  authentication systems (including issues such as  accuracy/far/frr, resistance, privacy, etc.), as well  as usability and tolerability of the methods. ",privacy,6,0,0,0,0,0,1,0,0,
939,"this topic provides an overview of various access  control methods to demonstrate the benefits and  challenges of each. topics include an overview of  network access control (nac), identity access  management (iam), roles, multi-method  identification and authentication systems, biometric  authentication systems (including issues such as  accuracy/far/frr, resistance, privacy, etc.), as well  as usability and tolerability of the methods. ",usability and tolerability,6,0,0,0,0,0,1,0,0,
940,"this topic covers various access controls to physical  assets including system hardware, network assets,  backup/storage devices, etc. examples are network  access control (nac), identity access management  (iam), rules-based access control (rac), roles-based access control (rbac), inventory tracking  methods, and identity creation methods (what type of  user id helps increase security with access control,  for example, abc1234, first name and last name, first  initial and last name). ",network access control (nac),6,0,0,0,0,0,1,0,0,
941,"this topic covers various access controls to physical  assets including system hardware, network assets,  backup/storage devices, etc. examples are network  access control (nac), identity access management  (iam), rules-based access control (rac), roles-based access control (rbac), inventory tracking  methods, and identity creation methods (what type of  user id helps increase security with access control,  for example, abc1234, first name and last name, first  initial and last name). ",identity access management (iam),6,0,0,0,0,0,1,0,0,
942,"this topic covers various access controls to physical  assets including system hardware, network assets,  backup/storage devices, etc. examples are network  access control (nac), identity access management  (iam), rules-based access control (rac), roles-based access control (rbac), inventory tracking  methods, and identity creation methods (what type of  user id helps increase security with access control,  for example, abc1234, first name and last name, first  initial and last name). ",rules based access control (rbac),6,0,0,0,0,0,1,0,0,
943,"this topic covers various access controls to physical  assets including system hardware, network assets,  backup/storage devices, etc. examples are network  access control (nac), identity access management  (iam), rules-based access control (rac), roles-based access control (rbac), inventory tracking  methods, and identity creation methods (what type of  user id helps increase security with access control,  for example, abc1234, first name and last name, first  initial and last name). ",roles based access control (rbac),6,0,0,0,0,0,1,0,0,
944,"this topic covers various access controls to physical  assets including system hardware, network assets,  backup/storage devices, etc. examples are network  access control (nac), identity access management  (iam), rules-based access control (rac), roles-based access control (rbac), inventory tracking  methods, and identity creation methods (what type of  user id helps increase security with access control,  for example, abc1234, first name and last name, first  initial and last name). ",inventory tracking methods,6,0,0,0,0,0,1,0,0,
945,"this topic covers various access controls to physical  assets including system hardware, network assets,  backup/storage devices, etc. examples are network  access control (nac), identity access management  (iam), rules-based access control (rac), roles-based access control (rbac), inventory tracking  methods, and identity creation methods (what type of  user id helps increase security with access control,  for example, abc1234, first name and last name, first  initial and last name). ",user id creation methods (security implications),6,0,0,0,0,0,1,0,0,
946,"this topic cover identity management as a service  (e.g., cloud identity) brings forward issues such as  the system being out of the user’s control with no  way to know what has happened to the information  in the system, auditing access, ensuring compliance  and flexibility to quickly revoke permissions. ",identity management as a service,6,0,0,0,0,0,1,0,0,
947,"this topic cover identity management as a service  (e.g., cloud identity) brings forward issues such as  the system being out of the user’s control with no  way to know what has happened to the information  in the system, auditing access, ensuring compliance  and flexibility to quickly revoke permissions. ",system control issues,6,0,0,0,0,0,1,0,0,
948,"this topic cover identity management as a service  (e.g., cloud identity) brings forward issues such as  the system being out of the user’s control with no  way to know what has happened to the information  in the system, auditing access, ensuring compliance  and flexibility to quickly revoke permissions. ",information security concerns,6,0,0,0,0,0,1,0,0,
949,"this topic cover identity management as a service  (e.g., cloud identity) brings forward issues such as  the system being out of the user’s control with no  way to know what has happened to the information  in the system, auditing access, ensuring compliance  and flexibility to quickly revoke permissions. ",auditing access,6,0,0,0,0,0,1,0,0,
950,"this topic cover identity management as a service  (e.g., cloud identity) brings forward issues such as  the system being out of the user’s control with no  way to know what has happened to the information  in the system, auditing access, ensuring compliance  and flexibility to quickly revoke permissions. ",ensuring compliance,6,0,0,0,0,0,1,0,0,
951,"this topic cover identity management as a service  (e.g., cloud identity) brings forward issues such as  the system being out of the user’s control with no  way to know what has happened to the information  in the system, auditing access, ensuring compliance  and flexibility to quickly revoke permissions. ",flexibility in revoking permissions,6,0,0,0,0,0,1,0,0,
952,"this topic provides an overview of the authentication  infrastructure used to build, host, and manage third-party identity services. topics include on-premises,  cloud, centralized identity services/password  management tools, end-point privilege management,  etc. ",authentication infrastructure,6,0,0,0,0,0,1,0,0,
953,"this topic provides an overview of the authentication  infrastructure used to build, host, and manage third-party identity services. topics include on-premises,  cloud, centralized identity services/password  management tools, end-point privilege management,  etc. ",on premises identity services,6,0,0,0,0,0,1,0,0,
954,"this topic provides an overview of the authentication  infrastructure used to build, host, and manage third-party identity services. topics include on-premises,  cloud, centralized identity services/password  management tools, end-point privilege management,  etc. ",cloud identity services,6,0,0,0,0,0,1,0,0,
955,"this topic provides an overview of the authentication  infrastructure used to build, host, and manage third-party identity services. topics include on-premises,  cloud, centralized identity services/password  management tools, end-point privilege management,  etc. ",centralized identity services,6,0,0,0,0,0,1,0,0,
956,"this topic provides an overview of the authentication  infrastructure used to build, host, and manage third-party identity services. topics include on-premises,  cloud, centralized identity services/password  management tools, end-point privilege management,  etc. ",password management tools,6,0,0,0,0,0,1,0,0,
957,"this topic provides an overview of the authentication  infrastructure used to build, host, and manage third-party identity services. topics include on-premises,  cloud, centralized identity services/password  management tools, end-point privilege management,  etc. ",endpoint privilege management,6,0,0,0,0,0,1,0,0,
958,"this topic provides an overview of various types of  access control attacks to steal data or user  credentials, and mitigation measures for combating  them. topics include password, dictionary, brute  force, and spoofing attacks; multifactor  authentication; strong password policy; secure  password files; restrict access to systems; etc. ",password attacks,6,0,0,0,0,0,1,0,0,
959,"this topic provides an overview of various types of  access control attacks to steal data or user  credentials, and mitigation measures for combating  them. topics include password, dictionary, brute  force, and spoofing attacks; multifactor  authentication; strong password policy; secure  password files; restrict access to systems; etc. ",dictionary attacks,6,0,0,0,0,0,1,0,0,
960,"this topic provides an overview of various types of  access control attacks to steal data or user  credentials, and mitigation measures for combating  them. topics include password, dictionary, brute  force, and spoofing attacks; multifactor  authentication; strong password policy; secure  password files; restrict access to systems; etc. ",brute force attacks,6,0,0,0,0,0,1,0,0,
961,"this topic provides an overview of various types of  access control attacks to steal data or user  credentials, and mitigation measures for combating  them. topics include password, dictionary, brute  force, and spoofing attacks; multifactor  authentication; strong password policy; secure  password files; restrict access to systems; etc. ",spoofing attacks,6,0,0,0,0,0,1,0,0,
962,"this topic provides an overview of various types of  access control attacks to steal data or user  credentials, and mitigation measures for combating  them. topics include password, dictionary, brute  force, and spoofing attacks; multifactor  authentication; strong password policy; secure  password files; restrict access to systems; etc. ",multifactor authentication,6,0,0,0,0,0,1,0,0,
963,"this topic provides an overview of various types of  access control attacks to steal data or user  credentials, and mitigation measures for combating  them. topics include password, dictionary, brute  force, and spoofing attacks; multifactor  authentication; strong password policy; secure  password files; restrict access to systems; etc. ",strong password policy,6,0,0,0,0,0,1,0,0,
964,"this topic provides an overview of various types of  access control attacks to steal data or user  credentials, and mitigation measures for combating  them. topics include password, dictionary, brute  force, and spoofing attacks; multifactor  authentication; strong password policy; secure  password files; restrict access to systems; etc. ",secure password files,6,0,0,0,0,0,1,0,0,
965,"this topic provides an overview of various types of  access control attacks to steal data or user  credentials, and mitigation measures for combating  them. topics include password, dictionary, brute  force, and spoofing attacks; multifactor  authentication; strong password policy; secure  password files; restrict access to systems; etc. ",restrict access to systems,6,0,0,0,0,0,1,0,0,
966,"this topic provides an overview of the different ways  that cybercriminals or malicious groups exploit  weaknesses in organizations, systems, networks, and  personal information used to enable a later  cyberattack. proposed topics included: phishing and  spear phishing attacks, physical/impersonation,  vishing (phone phishing), email compromise, and baiting.  ",phishing and spear phishing attacks,6,0,0,0,0,0,1,0,0,
967,"this topic provides an overview of the different ways  that cybercriminals or malicious groups exploit  weaknesses in organizations, systems, networks, and  personal information used to enable a later  cyberattack. proposed topics included: phishing and  spear phishing attacks, physical/impersonation,  vishing (phone phishing), email compromise, and baiting.  ",physical impersonation,6,0,0,0,0,0,1,0,0,
968,"this topic provides an overview of the different ways  that cybercriminals or malicious groups exploit  weaknesses in organizations, systems, networks, and  personal information used to enable a later  cyberattack. proposed topics included: phishing and  spear phishing attacks, physical/impersonation,  vishing (phone phishing), email compromise, and baiting.  ",vishing (phone phishing),6,0,0,0,0,0,1,0,0,
969,"this topic provides an overview of the different ways  that cybercriminals or malicious groups exploit  weaknesses in organizations, systems, networks, and  personal information used to enable a later  cyberattack. proposed topics included: phishing and  spear phishing attacks, physical/impersonation,  vishing (phone phishing), email compromise, and baiting.  ",email compromise,6,0,0,0,0,0,1,0,0,
970,"this topic provides an overview of the different ways  that cybercriminals or malicious groups exploit  weaknesses in organizations, systems, networks, and  personal information used to enable a later  cyberattack. proposed topics included: phishing and  spear phishing attacks, physical/impersonation,  vishing (phone phishing), email compromise, and baiting.  ",baiting,6,0,0,0,0,0,1,0,0,
971,"this topic provides an overview of the psychological  and behavioral factors related to individuals falling  for social engineering attacks. proposed topics  include adversarial thinking, how emotional  responses impact decision-making, cognitive biases  of risks and rewards, and trust building. ",adversarial thinking,6,0,0,0,0,0,1,0,0,
972,"this topic provides an overview of the psychological  and behavioral factors related to individuals falling  for social engineering attacks. proposed topics  include adversarial thinking, how emotional  responses impact decision-making, cognitive biases  of risks and rewards, and trust building. ",emotional responses impacting decision making,6,0,0,0,0,0,1,0,0,
973,"this topic provides an overview of the psychological  and behavioral factors related to individuals falling  for social engineering attacks. proposed topics  include adversarial thinking, how emotional  responses impact decision-making, cognitive biases  of risks and rewards, and trust building. ",cognitive biases of risks and rewards,6,0,0,0,0,0,1,0,0,
974,"this topic provides an overview of the psychological  and behavioral factors related to individuals falling  for social engineering attacks. proposed topics  include adversarial thinking, how emotional  responses impact decision-making, cognitive biases  of risks and rewards, and trust building. ",trust building,6,0,0,0,0,0,1,0,0,
975,"this topic provides an overview of message systems’  and browsers’ interfaces and/or user interaction that  can be exploited to mislead users. proposed topics  include spoofing message senders, misleading urls,  how users judge and trust webpages and emails, as  well as user behaviors with phishing and other  browser warnings. ",spoofing message senders,6,0,0,0,0,0,1,0,0,
976,"this topic provides an overview of message systems’  and browsers’ interfaces and/or user interaction that  can be exploited to mislead users. proposed topics  include spoofing message senders, misleading urls,  how users judge and trust webpages and emails, as  well as user behaviors with phishing and other  browser warnings. ",misleading urls,6,0,0,0,0,0,1,0,0,
977,"this topic provides an overview of message systems’  and browsers’ interfaces and/or user interaction that  can be exploited to mislead users. proposed topics  include spoofing message senders, misleading urls,  how users judge and trust webpages and emails, as  well as user behaviors with phishing and other  browser warnings. ",judging and trusting webpages,6,0,0,0,0,0,1,0,0,
978,"this topic provides an overview of message systems’  and browsers’ interfaces and/or user interaction that  can be exploited to mislead users. proposed topics  include spoofing message senders, misleading urls,  how users judge and trust webpages and emails, as  well as user behaviors with phishing and other  browser warnings. ",judging and trusting emails,6,0,0,0,0,0,1,0,0,
979,"this topic provides an overview of message systems’  and browsers’ interfaces and/or user interaction that  can be exploited to mislead users. proposed topics  include spoofing message senders, misleading urls,  how users judge and trust webpages and emails, as  well as user behaviors with phishing and other  browser warnings. ",user behaviors with phishing,6,0,0,0,0,0,1,0,0,
980,"this topic provides an overview of message systems’  and browsers’ interfaces and/or user interaction that  can be exploited to mislead users. proposed topics  include spoofing message senders, misleading urls,  how users judge and trust webpages and emails, as  well as user behaviors with phishing and other  browser warnings. ",user behaviors with browser warnings,6,0,0,0,0,0,1,0,0,
981,"this topic provides scenario-based, hands-on  activities via simulation or virtual tools to create an  environment of various social engineering attacks.  hands-on experience on the use of tools and  technical approaches to detect and/or mitigate  different social engineering threats. proposed tools  such as email filtering, blacklist, security information  and event management (siem) tools, and ids/ips. ",scenario based activities,6,0,0,0,0,0,1,0,0,
982,"this topic provides scenario-based, hands-on  activities via simulation or virtual tools to create an  environment of various social engineering attacks.  hands-on experience on the use of tools and  technical approaches to detect and/or mitigate  different social engineering threats. proposed tools  such as email filtering, blacklist, security information  and event management (siem) tools, and ids/ips. ",hands on simulation environment,6,0,0,0,0,0,1,0,0,
983,"this topic provides scenario-based, hands-on  activities via simulation or virtual tools to create an  environment of various social engineering attacks.  hands-on experience on the use of tools and  technical approaches to detect and/or mitigate  different social engineering threats. proposed tools  such as email filtering, blacklist, security information  and event management (siem) tools, and ids/ips. ",detection methods for social engineering,6,0,0,0,0,0,1,0,0,
984,"this topic provides scenario-based, hands-on  activities via simulation or virtual tools to create an  environment of various social engineering attacks.  hands-on experience on the use of tools and  technical approaches to detect and/or mitigate  different social engineering threats. proposed tools  such as email filtering, blacklist, security information  and event management (siem) tools, and ids/ips. ",mitigation techniques for social engineering,6,0,0,0,0,0,1,0,0,
985,"this topic provides scenario-based, hands-on  activities via simulation or virtual tools to create an  environment of various social engineering attacks.  hands-on experience on the use of tools and  technical approaches to detect and/or mitigate  different social engineering threats. proposed tools  such as email filtering, blacklist, security information  and event management (siem) tools, and ids/ips. ",use of email filtering tools,6,0,0,0,0,0,1,0,0,
986,"this topic provides scenario-based, hands-on  activities via simulation or virtual tools to create an  environment of various social engineering attacks.  hands-on experience on the use of tools and  technical approaches to detect and/or mitigate  different social engineering threats. proposed tools  such as email filtering, blacklist, security information  and event management (siem) tools, and ids/ips. ",utilization of blacklists,6,0,0,0,0,0,1,0,0,
987,"this topic provides scenario-based, hands-on  activities via simulation or virtual tools to create an  environment of various social engineering attacks.  hands-on experience on the use of tools and  technical approaches to detect and/or mitigate  different social engineering threats. proposed tools  such as email filtering, blacklist, security information  and event management (siem) tools, and ids/ips. ",application of siem tools,6,0,0,0,0,0,1,0,0,
988,"this topic provides scenario-based, hands-on  activities via simulation or virtual tools to create an  environment of various social engineering attacks.  hands-on experience on the use of tools and  technical approaches to detect and/or mitigate  different social engineering threats. proposed tools  such as email filtering, blacklist, security information  and event management (siem) tools, and ids/ips. ",implementation of ids ips,6,0,0,0,0,0,1,0,0,
990,"this topic provides overview of intentional and  unintentional system misuse, cyberbullying, cyber hacking, naive behavior, and ethical dilemmas  related to system security decisions. ",intentional system misuse,"6,8 ",0,0,0,0,0,1,0,1,
991,"this topic provides overview of intentional and  unintentional system misuse, cyberbullying, cyber hacking, naive behavior, and ethical dilemmas  related to system security decisions. ",unintentional system misuse,"6,8 ",0,0,0,0,0,1,0,1,
992,"this topic provides overview of intentional and  unintentional system misuse, cyberbullying, cyber hacking, naive behavior, and ethical dilemmas  related to system security decisions. ",cyberbullying,"6,8 ",0,0,0,0,0,1,0,1,
993,"this topic provides overview of intentional and  unintentional system misuse, cyberbullying, cyber hacking, naive behavior, and ethical dilemmas  related to system security decisions. ",cyber hacking,"6,8 ",0,0,0,0,0,1,0,1,
994,"this topic provides overview of intentional and  unintentional system misuse, cyberbullying, cyber hacking, naive behavior, and ethical dilemmas  related to system security decisions. ",naive behavior,"6,8 ",0,0,0,0,0,1,0,1,
995,"this topic provides overview of intentional and  unintentional system misuse, cyberbullying, cyber hacking, naive behavior, and ethical dilemmas  related to system security decisions. ",ethical dilemmas related to system security decisions,"6,8 ",0,0,0,0,0,1,0,1,
996,"this topic provides an overview of methods and  techniques to get people to follow the  rules/policies/ethical norms (e.g., driving!). topics  include consequences for not following cybersecurity  rules/policy/ethical norms, documentation and audit  trail (evidence of compliance to prove that the  cybersecurity rules/policy/ethical norms were  followed), and knowledge of accountability for not  following security rule/policy/ethical norms.  incentives to keep the job (especially after being  educated and trained for the proper  rules/policy/ethical norms, individuals are legally  liable for not following the rules as an employee),  and individuals may lose their identity/access in  personal life due to a lack of adherence.  ",consequences for not following cybersecurity rules policy ethical norms,"6,8 ",0,0,0,0,0,1,0,1,
997,"this topic provides an overview of methods and  techniques to get people to follow the  rules/policies/ethical norms (e.g., driving!). topics  include consequences for not following cybersecurity  rules/policy/ethical norms, documentation and audit  trail (evidence of compliance to prove that the  cybersecurity rules/policy/ethical norms were  followed), and knowledge of accountability for not  following security rule/policy/ethical norms.  incentives to keep the job (especially after being  educated and trained for the proper  rules/policy/ethical norms, individuals are legally  liable for not following the rules as an employee),  and individuals may lose their identity/access in  personal life due to a lack of adherence.  ",documentation and audit trail (evidence of compliance),"6,8 ",0,0,0,0,0,1,0,1,
998,"this topic provides an overview of methods and  techniques to get people to follow the  rules/policies/ethical norms (e.g., driving!). topics  include consequences for not following cybersecurity  rules/policy/ethical norms, documentation and audit  trail (evidence of compliance to prove that the  cybersecurity rules/policy/ethical norms were  followed), and knowledge of accountability for not  following security rule/policy/ethical norms.  incentives to keep the job (especially after being  educated and trained for the proper  rules/policy/ethical norms, individuals are legally  liable for not following the rules as an employee),  and individuals may lose their identity/access in  personal life due to a lack of adherence.  ",accountability for not following security rules policy ethical norms,"6,8 ",0,0,0,0,0,1,0,1,
999,"this topic provides an overview of methods and  techniques to get people to follow the  rules/policies/ethical norms (e.g., driving!). topics  include consequences for not following cybersecurity  rules/policy/ethical norms, documentation and audit  trail (evidence of compliance to prove that the  cybersecurity rules/policy/ethical norms were  followed), and knowledge of accountability for not  following security rule/policy/ethical norms.  incentives to keep the job (especially after being  educated and trained for the proper  rules/policy/ethical norms, individuals are legally  liable for not following the rules as an employee),  and individuals may lose their identity/access in  personal life due to a lack of adherence.  ",incentives to maintain employment after education and training,"6,8 ",0,0,0,0,0,1,0,1,
1000,"this topic provides an overview of methods and  techniques to get people to follow the  rules/policies/ethical norms (e.g., driving!). topics  include consequences for not following cybersecurity  rules/policy/ethical norms, documentation and audit  trail (evidence of compliance to prove that the  cybersecurity rules/policy/ethical norms were  followed), and knowledge of accountability for not  following security rule/policy/ethical norms.  incentives to keep the job (especially after being  educated and trained for the proper  rules/policy/ethical norms, individuals are legally  liable for not following the rules as an employee),  and individuals may lose their identity/access in  personal life due to a lack of adherence.  ",loss of identity access in personal life due to non adherence,"6,8 ",0,0,0,0,0,1,0,1,
1001,"this topic provides an overview of the methods and  techniques to adhere to when uncertain about how to  respond to a cybersecurity situation. topics include  cyberiq, intellectual adaptability, critical thinking,  understanding the right versus wrong choices, how to  make those choices under uncertainty, rational versus  irrational thinking, ethical thinking/decisions, and  behavior when there is no clear process to follow  (reporting/point of contact/etc.), and human error  mitigation. ",cyberiq,"6,8 ",0,0,0,0,0,1,0,1,
1002,"this topic provides an overview of the methods and  techniques to adhere to when uncertain about how to  respond to a cybersecurity situation. topics include  cyberiq, intellectual adaptability, critical thinking,  understanding the right versus wrong choices, how to  make those choices under uncertainty, rational versus  irrational thinking, ethical thinking/decisions, and  behavior when there is no clear process to follow  (reporting/point of contact/etc.), and human error  mitigation. ",intellectual adaptability,"6,8 ",0,0,0,0,0,1,0,1,
1003,"this topic provides an overview of the methods and  techniques to adhere to when uncertain about how to  respond to a cybersecurity situation. topics include  cyberiq, intellectual adaptability, critical thinking,  understanding the right versus wrong choices, how to  make those choices under uncertainty, rational versus  irrational thinking, ethical thinking/decisions, and  behavior when there is no clear process to follow  (reporting/point of contact/etc.), and human error  mitigation. ",critical thinking,"6,8 ",0,0,0,0,0,1,0,1,
1004,"this topic provides an overview of the methods and  techniques to adhere to when uncertain about how to  respond to a cybersecurity situation. topics include  cyberiq, intellectual adaptability, critical thinking,  understanding the right versus wrong choices, how to  make those choices under uncertainty, rational versus  irrational thinking, ethical thinking/decisions, and  behavior when there is no clear process to follow  (reporting/point of contact/etc.), and human error  mitigation. ",understanding the right versus wrong choices,"6,8 ",0,0,0,0,0,1,0,1,
1005,"this topic provides an overview of the methods and  techniques to adhere to when uncertain about how to  respond to a cybersecurity situation. topics include  cyberiq, intellectual adaptability, critical thinking,  understanding the right versus wrong choices, how to  make those choices under uncertainty, rational versus  irrational thinking, ethical thinking/decisions, and  behavior when there is no clear process to follow  (reporting/point of contact/etc.), and human error  mitigation. ",making choices under uncertainty,"6,8 ",0,0,0,0,0,1,0,1,
1006,"this topic provides an overview of the methods and  techniques to adhere to when uncertain about how to  respond to a cybersecurity situation. topics include  cyberiq, intellectual adaptability, critical thinking,  understanding the right versus wrong choices, how to  make those choices under uncertainty, rational versus  irrational thinking, ethical thinking/decisions, and  behavior when there is no clear process to follow  (reporting/point of contact/etc.), and human error  mitigation. ",rational versus irrational thinking,"6,8 ",0,0,0,0,0,1,0,1,
1007,"this topic provides an overview of the methods and  techniques to adhere to when uncertain about how to  respond to a cybersecurity situation. topics include  cyberiq, intellectual adaptability, critical thinking,  understanding the right versus wrong choices, how to  make those choices under uncertainty, rational versus  irrational thinking, ethical thinking/decisions, and  behavior when there is no clear process to follow  (reporting/point of contact/etc.), and human error  mitigation. ",ethical thinking decisions,"6,8 ",0,0,0,0,0,1,0,1,
1008,"this topic provides an overview of the methods and  techniques to adhere to when uncertain about how to  respond to a cybersecurity situation. topics include  cyberiq, intellectual adaptability, critical thinking,  understanding the right versus wrong choices, how to  make those choices under uncertainty, rational versus  irrational thinking, ethical thinking/decisions, and  behavior when there is no clear process to follow  (reporting/point of contact/etc.), and human error  mitigation. ",behavior when there is no clear process to follow (reporting point of contact etc.),"6,8 ",0,0,0,0,0,1,0,1,
1009,"this topic provides an overview of the methods and  techniques to adhere to when uncertain about how to  respond to a cybersecurity situation. topics include  cyberiq, intellectual adaptability, critical thinking,  understanding the right versus wrong choices, how to  make those choices under uncertainty, rational versus  irrational thinking, ethical thinking/decisions, and  behavior when there is no clear process to follow  (reporting/point of contact/etc.), and human error  mitigation. ",human error mitigation,"6,8 ",0,0,0,0,0,1,0,1,
1011,"this topic covers how users perceive and respond to  cybersecurity risks, cognitive biases in judging risks,  metaphors for communicating particular security  risks, and how to frame messages regarding risks.  definition of a mental model, how mental models  impact user behavior, as well as common mental  models (folk models) of cybersecurity and privacy. ",user perception of cybersecurity risks,"6,7 ",0,0,0,0,0,1,1,0,
1012,"this topic covers how users perceive and respond to  cybersecurity risks, cognitive biases in judging risks,  metaphors for communicating particular security  risks, and how to frame messages regarding risks.  definition of a mental model, how mental models  impact user behavior, as well as common mental  models (folk models) of cybersecurity and privacy. ",cognitive biases in risk judgment,"6,7 ",0,0,0,0,0,1,1,0,
1013,"this topic covers how users perceive and respond to  cybersecurity risks, cognitive biases in judging risks,  metaphors for communicating particular security  risks, and how to frame messages regarding risks.  definition of a mental model, how mental models  impact user behavior, as well as common mental  models (folk models) of cybersecurity and privacy. ",metaphors for communicating security risks,"6,7 ",0,0,0,0,0,1,1,0,
1014,"this topic covers how users perceive and respond to  cybersecurity risks, cognitive biases in judging risks,  metaphors for communicating particular security  risks, and how to frame messages regarding risks.  definition of a mental model, how mental models  impact user behavior, as well as common mental  models (folk models) of cybersecurity and privacy. ",framing messages about risks,"6,7 ",0,0,0,0,0,1,1,0,
1015,"this topic covers how users perceive and respond to  cybersecurity risks, cognitive biases in judging risks,  metaphors for communicating particular security  risks, and how to frame messages regarding risks.  definition of a mental model, how mental models  impact user behavior, as well as common mental  models (folk models) of cybersecurity and privacy. ",definition of mental models,"6,7 ",0,0,0,0,0,1,1,0,
1016,"this topic covers how users perceive and respond to  cybersecurity risks, cognitive biases in judging risks,  metaphors for communicating particular security  risks, and how to frame messages regarding risks.  definition of a mental model, how mental models  impact user behavior, as well as common mental  models (folk models) of cybersecurity and privacy. ",impact of mental models on user behavior,"6,7 ",0,0,0,0,0,1,1,0,
1017,"this topic covers how users perceive and respond to  cybersecurity risks, cognitive biases in judging risks,  metaphors for communicating particular security  risks, and how to frame messages regarding risks.  definition of a mental model, how mental models  impact user behavior, as well as common mental  models (folk models) of cybersecurity and privacy. ",common mental models (folk models) of cybersecurity and privacy,"6,7 ",0,0,0,0,0,1,1,0,
1018,"this topic provides a discussion and activities  focused on the individual responsibilities (not the  organization) to protect and mitigate against  cyberthreats and cyberattacks. topics include  password creation, password storage, mitigation  tools, (i.e., anti-virus software), how to identify safe  websites, identifying levels of privacy settings, etc.). ",password creation,"6,7 ",0,0,0,0,0,1,1,0,
1019,"this topic provides a discussion and activities  focused on the individual responsibilities (not the  organization) to protect and mitigate against  cyberthreats and cyberattacks. topics include  password creation, password storage, mitigation  tools, (i.e., anti-virus software), how to identify safe  websites, identifying levels of privacy settings, etc.). ",password storage,"6,7 ",0,0,0,0,0,1,1,0,
1020,"this topic provides a discussion and activities  focused on the individual responsibilities (not the  organization) to protect and mitigate against  cyberthreats and cyberattacks. topics include  password creation, password storage, mitigation  tools, (i.e., anti-virus software), how to identify safe  websites, identifying levels of privacy settings, etc.). ","mitigation tools (e.g., anti virus software)","6,7 ",0,0,0,0,0,1,1,0,
1021,"this topic provides a discussion and activities  focused on the individual responsibilities (not the  organization) to protect and mitigate against  cyberthreats and cyberattacks. topics include  password creation, password storage, mitigation  tools, (i.e., anti-virus software), how to identify safe  websites, identifying levels of privacy settings, etc.). ",identifying safe websites,"6,7 ",0,0,0,0,0,1,1,0,
1022,"this topic provides a discussion and activities  focused on the individual responsibilities (not the  organization) to protect and mitigate against  cyberthreats and cyberattacks. topics include  password creation, password storage, mitigation  tools, (i.e., anti-virus software), how to identify safe  websites, identifying levels of privacy settings, etc.). ",identifying levels of privacy settings,"6,7 ",0,0,0,0,0,1,1,0,
1023,"methods for educating end-users on various  cybersecurity/privacy threats and behaviors. topics  include methods for raising user awareness (prek-12,  employees, public, etc.), delivery methods of  cybersecurity education and training (e.g., posters,  leaflets, computer-based training, gamification,  communication styles, message framing, how to  reach different audiences and user communities,  individuals with disabilities and/or cognitive  impairments), timing and reinforcement of education,  as well as impact of training on users’ knowledge  and behaviors. ","methods for raising user awareness (prek 12, employees, public)","6,7 ",0,0,0,0,0,1,1,0,
1024,"methods for educating end-users on various  cybersecurity/privacy threats and behaviors. topics  include methods for raising user awareness (prek-12,  employees, public, etc.), delivery methods of  cybersecurity education and training (e.g., posters,  leaflets, computer-based training, gamification,  communication styles, message framing, how to  reach different audiences and user communities,  individuals with disabilities and/or cognitive  impairments), timing and reinforcement of education,  as well as impact of training on users’ knowledge  and behaviors. ","delivery methods of cybersecurity education and training (posters, leaflets, computer based training, gamification)","6,7 ",0,0,0,0,0,1,1,0,
1025,"methods for educating end-users on various  cybersecurity/privacy threats and behaviors. topics  include methods for raising user awareness (prek-12,  employees, public, etc.), delivery methods of  cybersecurity education and training (e.g., posters,  leaflets, computer-based training, gamification,  communication styles, message framing, how to  reach different audiences and user communities,  individuals with disabilities and/or cognitive  impairments), timing and reinforcement of education,  as well as impact of training on users’ knowledge  and behaviors. ",communication styles and message framing,"6,7 ",0,0,0,0,0,1,1,0,
1026,"methods for educating end-users on various  cybersecurity/privacy threats and behaviors. topics  include methods for raising user awareness (prek-12,  employees, public, etc.), delivery methods of  cybersecurity education and training (e.g., posters,  leaflets, computer-based training, gamification,  communication styles, message framing, how to  reach different audiences and user communities,  individuals with disabilities and/or cognitive  impairments), timing and reinforcement of education,  as well as impact of training on users’ knowledge  and behaviors. ",reaching different audiences and user communities,"6,7 ",0,0,0,0,0,1,1,0,
1027,"methods for educating end-users on various  cybersecurity/privacy threats and behaviors. topics  include methods for raising user awareness (prek-12,  employees, public, etc.), delivery methods of  cybersecurity education and training (e.g., posters,  leaflets, computer-based training, gamification,  communication styles, message framing, how to  reach different audiences and user communities,  individuals with disabilities and/or cognitive  impairments), timing and reinforcement of education,  as well as impact of training on users’ knowledge  and behaviors. ",accommodating individuals with disabilities and or cognitive impairments,"6,7 ",0,0,0,0,0,1,1,0,
1028,"methods for educating end-users on various  cybersecurity/privacy threats and behaviors. topics  include methods for raising user awareness (prek-12,  employees, public, etc.), delivery methods of  cybersecurity education and training (e.g., posters,  leaflets, computer-based training, gamification,  communication styles, message framing, how to  reach different audiences and user communities,  individuals with disabilities and/or cognitive  impairments), timing and reinforcement of education,  as well as impact of training on users’ knowledge  and behaviors. ",timing and reinforcement of education,"6,7 ",0,0,0,0,0,1,1,0,
1029,"methods for educating end-users on various  cybersecurity/privacy threats and behaviors. topics  include methods for raising user awareness (prek-12,  employees, public, etc.), delivery methods of  cybersecurity education and training (e.g., posters,  leaflets, computer-based training, gamification,  communication styles, message framing, how to  reach different audiences and user communities,  individuals with disabilities and/or cognitive  impairments), timing and reinforcement of education,  as well as impact of training on users’ knowledge  and behaviors. ",impact of training on users knowledge and behaviors,"6,7 ",0,0,0,0,0,1,1,0,
1030,"this topic provides an overview of end-user-facing  threats as well as fear, uncertainty, and doubt  (fud). proposed topics include warning signs of  internal employee vulnerabilities and threats,  awareness of identity theft, business email  compromise, threat of free/open wi-fi networks, and  malware, spyware, and ransomware. ",warning signs of internal employee vulnerabilities and threats,"6,7 ",0,0,0,0,0,1,1,0,
1031,"this topic provides an overview of end-user-facing  threats as well as fear, uncertainty, and doubt  (fud). proposed topics include warning signs of  internal employee vulnerabilities and threats,  awareness of identity theft, business email  compromise, threat of free/open wi-fi networks, and  malware, spyware, and ransomware. ",awareness of identity theft,"6,7 ",0,0,0,0,0,1,1,0,
1032,"this topic provides an overview of end-user-facing  threats as well as fear, uncertainty, and doubt  (fud). proposed topics include warning signs of  internal employee vulnerabilities and threats,  awareness of identity theft, business email  compromise, threat of free/open wi-fi networks, and  malware, spyware, and ransomware. ",business email compromise,"6,7 ",0,0,0,0,0,1,1,0,
1033,"this topic provides an overview of end-user-facing  threats as well as fear, uncertainty, and doubt  (fud). proposed topics include warning signs of  internal employee vulnerabilities and threats,  awareness of identity theft, business email  compromise, threat of free/open wi-fi networks, and  malware, spyware, and ransomware. ",threat of free open wi fi networks,"6,7 ",0,0,0,0,0,1,1,0,
1034,"this topic provides an overview of end-user-facing  threats as well as fear, uncertainty, and doubt  (fud). proposed topics include warning signs of  internal employee vulnerabilities and threats,  awareness of identity theft, business email  compromise, threat of free/open wi-fi networks, and  malware, spyware, and ransomware. ",malware,"6,7 ",0,0,0,0,0,1,1,0,
1035,"this topic provides an overview of end-user-facing  threats as well as fear, uncertainty, and doubt  (fud). proposed topics include warning signs of  internal employee vulnerabilities and threats,  awareness of identity theft, business email  compromise, threat of free/open wi-fi networks, and  malware, spyware, and ransomware. ",spyware,"6,7 ",0,0,0,0,0,1,1,0,
1036,"this topic provides an overview of end-user-facing  threats as well as fear, uncertainty, and doubt  (fud). proposed topics include warning signs of  internal employee vulnerabilities and threats,  awareness of identity theft, business email  compromise, threat of free/open wi-fi networks, and  malware, spyware, and ransomware. ",ransomware,"6,7 ",0,0,0,0,0,1,1,0,
1038,"this topic provides an overview of various theories  of privacy from social psychology and social science,  emphasizing privacy that involves interacting with  other people as opposed to organizations. proposed  topics include privacy tradeoffs and risks in the  social context, control and awareness of data consent,  personal information monitoring, regulatory  protections and concerns on maintaining social  privacy.  ",privacy tradeoffs and risks in the social context,"6,8 ",0,0,0,0,0,1,0,1,
1039,"this topic provides an overview of various theories  of privacy from social psychology and social science,  emphasizing privacy that involves interacting with  other people as opposed to organizations. proposed  topics include privacy tradeoffs and risks in the  social context, control and awareness of data consent,  personal information monitoring, regulatory  protections and concerns on maintaining social  privacy.  ",control and awareness of data consent,"6,8 ",0,0,0,0,0,1,0,1,
1040,"this topic provides an overview of various theories  of privacy from social psychology and social science,  emphasizing privacy that involves interacting with  other people as opposed to organizations. proposed  topics include privacy tradeoffs and risks in the  social context, control and awareness of data consent,  personal information monitoring, regulatory  protections and concerns on maintaining social  privacy.  ",personal information monitoring,"6,8 ",0,0,0,0,0,1,0,1,
1041,"this topic provides an overview of various theories  of privacy from social psychology and social science,  emphasizing privacy that involves interacting with  other people as opposed to organizations. proposed  topics include privacy tradeoffs and risks in the  social context, control and awareness of data consent,  personal information monitoring, regulatory  protections and concerns on maintaining social  privacy.  ",regulatory protections and concerns on maintaining social privacy,"6,8 ",0,0,0,0,0,1,0,1,
1042,"this topic provides overview of privacy behaviors  and concerns of users in protecting personal  information when using social media. proposed  topics include users’ online disclosure decisions and  behaviors, personas and identity management,  determining audience and social access controls,  interface and coping mechanisms for managing  privacy on various social media sites, challenges of  managing time boundaries, as well as  personal/workplace boundaries of social media. ",users online disclosure decisions and behaviors,"6,8 ",0,0,0,0,0,1,0,1,
1043,"this topic provides overview of privacy behaviors  and concerns of users in protecting personal  information when using social media. proposed  topics include users’ online disclosure decisions and  behaviors, personas and identity management,  determining audience and social access controls,  interface and coping mechanisms for managing  privacy on various social media sites, challenges of  managing time boundaries, as well as  personal/workplace boundaries of social media. ",personas and identity management,"6,8 ",0,0,0,0,0,1,0,1,
1044,"this topic provides overview of privacy behaviors  and concerns of users in protecting personal  information when using social media. proposed  topics include users’ online disclosure decisions and  behaviors, personas and identity management,  determining audience and social access controls,  interface and coping mechanisms for managing  privacy on various social media sites, challenges of  managing time boundaries, as well as  personal/workplace boundaries of social media. ",determining audience and social access controls,"6,8 ",0,0,0,0,0,1,0,1,
1045,"this topic provides overview of privacy behaviors  and concerns of users in protecting personal  information when using social media. proposed  topics include users’ online disclosure decisions and  behaviors, personas and identity management,  determining audience and social access controls,  interface and coping mechanisms for managing  privacy on various social media sites, challenges of  managing time boundaries, as well as  personal/workplace boundaries of social media. ",interface and coping mechanisms for managing privacy on various social media sites,"6,8 ",0,0,0,0,0,1,0,1,
1046,"this topic provides overview of privacy behaviors  and concerns of users in protecting personal  information when using social media. proposed  topics include users’ online disclosure decisions and  behaviors, personas and identity management,  determining audience and social access controls,  interface and coping mechanisms for managing  privacy on various social media sites, challenges of  managing time boundaries, as well as  personal/workplace boundaries of social media. ",challenges of managing time boundaries,"6,8 ",0,0,0,0,0,1,0,1,
1047,"this topic provides overview of privacy behaviors  and concerns of users in protecting personal  information when using social media. proposed  topics include users’ online disclosure decisions and  behaviors, personas and identity management,  determining audience and social access controls,  interface and coping mechanisms for managing  privacy on various social media sites, challenges of  managing time boundaries, as well as  personal/workplace boundaries of social media. ",personal workplace boundaries of social media,"6,8 ",0,0,0,0,0,1,0,1,
1049,"this topic provides overview of the types of personal  data (pd), including personally identifiable  information (pii), which are especially sensitive due  to the risk that such information could be misused to  significantly harm an individual in a financial,  employment or social way. proposed topics include  examples of data elements of sensitive personal data  (spd) (social security number, social insurance  number or other government issued identification  number such as a driver’s license or passport  number; bank account number; credit card numbers;  health and medical information; biometric or genetic  data, etc.), regulations governing the collection, use  and distribution of spd, and possibilities for inference of spd ",types of personal data (pd),"1,6,7  ",1,0,0,0,0,1,1,0,
1050,"this topic provides overview of the types of personal  data (pd), including personally identifiable  information (pii), which are especially sensitive due  to the risk that such information could be misused to  significantly harm an individual in a financial,  employment or social way. proposed topics include  examples of data elements of sensitive personal data  (spd) (social security number, social insurance  number or other government issued identification  number such as a driver’s license or passport  number; bank account number; credit card numbers;  health and medical information; biometric or genetic  data, etc.), regulations governing the collection, use  and distribution of spd, and possibilities for inference of spd ",personally identifiable information (pii),"1,6,7  ",1,0,0,0,0,1,1,0,
1051,"this topic provides overview of the types of personal  data (pd), including personally identifiable  information (pii), which are especially sensitive due  to the risk that such information could be misused to  significantly harm an individual in a financial,  employment or social way. proposed topics include  examples of data elements of sensitive personal data  (spd) (social security number, social insurance  number or other government issued identification  number such as a driver’s license or passport  number; bank account number; credit card numbers;  health and medical information; biometric or genetic  data, etc.), regulations governing the collection, use  and distribution of spd, and possibilities for inference of spd ",examples of sensitive personal data (spd),"1,6,7  ",1,0,0,0,0,1,1,0,
1052,"this topic provides overview of the types of personal  data (pd), including personally identifiable  information (pii), which are especially sensitive due  to the risk that such information could be misused to  significantly harm an individual in a financial,  employment or social way. proposed topics include  examples of data elements of sensitive personal data  (spd) (social security number, social insurance  number or other government issued identification  number such as a driver’s license or passport  number; bank account number; credit card numbers;  health and medical information; biometric or genetic  data, etc.), regulations governing the collection, use  and distribution of spd, and possibilities for inference of spd ",regulations governing spd,"1,6,7  ",1,0,0,0,0,1,1,0,
1053,"this topic provides overview of the types of personal  data (pd), including personally identifiable  information (pii), which are especially sensitive due  to the risk that such information could be misused to  significantly harm an individual in a financial,  employment or social way. proposed topics include  examples of data elements of sensitive personal data  (spd) (social security number, social insurance  number or other government issued identification  number such as a driver’s license or passport  number; bank account number; credit card numbers;  health and medical information; biometric or genetic  data, etc.), regulations governing the collection, use  and distribution of spd, and possibilities for inference of spd ",possibilities for inference of spd,"1,6,7  ",1,0,0,0,0,1,1,0,
1054,"location tracking, web traffic tracking, network  tracking, personal device tracking, digital assistants  recordings (siri, alexa, etc.). topics include users’  behaviors and concerns with each of these kinds of  tracking, as well as current methods for limiting  tracking and protecting privacy ",location tracking,"1,6,7  ",1,0,0,0,0,1,1,0,
1055,"location tracking, web traffic tracking, network  tracking, personal device tracking, digital assistants  recordings (siri, alexa, etc.). topics include users’  behaviors and concerns with each of these kinds of  tracking, as well as current methods for limiting  tracking and protecting privacy ",web traffic tracking,"1,6,7  ",1,0,0,0,0,1,1,0,
1056,"location tracking, web traffic tracking, network  tracking, personal device tracking, digital assistants  recordings (siri, alexa, etc.). topics include users’  behaviors and concerns with each of these kinds of  tracking, as well as current methods for limiting  tracking and protecting privacy ",network tracking,"1,6,7  ",1,0,0,0,0,1,1,0,
1057,"location tracking, web traffic tracking, network  tracking, personal device tracking, digital assistants  recordings (siri, alexa, etc.). topics include users’  behaviors and concerns with each of these kinds of  tracking, as well as current methods for limiting  tracking and protecting privacy ",personal device tracking,"1,6,7  ",1,0,0,0,0,1,1,0,
1058,"location tracking, web traffic tracking, network  tracking, personal device tracking, digital assistants  recordings (siri, alexa, etc.). topics include users’  behaviors and concerns with each of these kinds of  tracking, as well as current methods for limiting  tracking and protecting privacy ","digital assistants recordings (siri, alexa, etc.)","1,6,7  ",1,0,0,0,0,1,1,0,
1059,"location tracking, web traffic tracking, network  tracking, personal device tracking, digital assistants  recordings (siri, alexa, etc.). topics include users’  behaviors and concerns with each of these kinds of  tracking, as well as current methods for limiting  tracking and protecting privacy ",users' behaviors regarding tracking,"1,6,7  ",1,0,0,0,0,1,1,0,
1060,"location tracking, web traffic tracking, network  tracking, personal device tracking, digital assistants  recordings (siri, alexa, etc.). topics include users’  behaviors and concerns with each of these kinds of  tracking, as well as current methods for limiting  tracking and protecting privacy ",users' concerns about tracking,"1,6,7  ",1,0,0,0,0,1,1,0,
1061,"location tracking, web traffic tracking, network  tracking, personal device tracking, digital assistants  recordings (siri, alexa, etc.). topics include users’  behaviors and concerns with each of these kinds of  tracking, as well as current methods for limiting  tracking and protecting privacy ",current methods for limiting tracking,"1,6,7  ",1,0,0,0,0,1,1,0,
1062,"location tracking, web traffic tracking, network  tracking, personal device tracking, digital assistants  recordings (siri, alexa, etc.). topics include users’  behaviors and concerns with each of these kinds of  tracking, as well as current methods for limiting  tracking and protecting privacy ",protecting privacy,"1,6,7  ",1,0,0,0,0,1,1,0,
1064,"definition of usability and user experience, and the  impact that usability (or lack thereof) has on the  security and privacy of a system. topics include  examples of usability problems in traditional security  systems such as authentication or encryption,  usability and security tradeoffs in systems, methods  for evaluating the usability of security and privacy  systems. ",definition of usability,"6,7,8  ",0,0,0,0,0,1,1,1,
1065,"definition of usability and user experience, and the  impact that usability (or lack thereof) has on the  security and privacy of a system. topics include  examples of usability problems in traditional security  systems such as authentication or encryption,  usability and security tradeoffs in systems, methods  for evaluating the usability of security and privacy  systems. ",definition of user experience,"6,7,8  ",0,0,0,0,0,1,1,1,
1066,"definition of usability and user experience, and the  impact that usability (or lack thereof) has on the  security and privacy of a system. topics include  examples of usability problems in traditional security  systems such as authentication or encryption,  usability and security tradeoffs in systems, methods  for evaluating the usability of security and privacy  systems. ",impact of usability on security and privacy,"6,7,8  ",0,0,0,0,0,1,1,1,
1067,"definition of usability and user experience, and the  impact that usability (or lack thereof) has on the  security and privacy of a system. topics include  examples of usability problems in traditional security  systems such as authentication or encryption,  usability and security tradeoffs in systems, methods  for evaluating the usability of security and privacy  systems. ","usability problems in traditional security systems (e.g., authentication, encryption)","6,7,8  ",0,0,0,0,0,1,1,1,
1068,"definition of usability and user experience, and the  impact that usability (or lack thereof) has on the  security and privacy of a system. topics include  examples of usability problems in traditional security  systems such as authentication or encryption,  usability and security tradeoffs in systems, methods  for evaluating the usability of security and privacy  systems. ",usability and security tradeoffs,"6,7,8  ",0,0,0,0,0,1,1,1,
1069,"definition of usability and user experience, and the  impact that usability (or lack thereof) has on the  security and privacy of a system. topics include  examples of usability problems in traditional security  systems such as authentication or encryption,  usability and security tradeoffs in systems, methods  for evaluating the usability of security and privacy  systems. ",methods for evaluating usability in security and privacy systems,"6,7,8  ",0,0,0,0,0,1,1,1,
1070,"students will be able to operate at the intersection of  human factors, computer science, and the quality  assurance area. this should include a strong core of  computing and in-depth human factors and quality  assurance. topics include applied psychology in the  context of adversarial thinking and security policies,  security economics, regulatory environments,  responsibility, liability, self-determination,  impersonation, and fraud (e.g., phishing and spear  phishing, trust, deception, resistance to biometric  authentication and identity management). ",applied psychology in the context of adversarial thinking and security policies,"6,7,8  ",0,0,0,0,0,1,1,1,
1071,"students will be able to operate at the intersection of  human factors, computer science, and the quality  assurance area. this should include a strong core of  computing and in-depth human factors and quality  assurance. topics include applied psychology in the  context of adversarial thinking and security policies,  security economics, regulatory environments,  responsibility, liability, self-determination,  impersonation, and fraud (e.g., phishing and spear  phishing, trust, deception, resistance to biometric  authentication and identity management). ",security economics,"6,7,8  ",0,0,0,0,0,1,1,1,
1072,"students will be able to operate at the intersection of  human factors, computer science, and the quality  assurance area. this should include a strong core of  computing and in-depth human factors and quality  assurance. topics include applied psychology in the  context of adversarial thinking and security policies,  security economics, regulatory environments,  responsibility, liability, self-determination,  impersonation, and fraud (e.g., phishing and spear  phishing, trust, deception, resistance to biometric  authentication and identity management). ",regulatory environments,"6,7,8  ",0,0,0,0,0,1,1,1,
1073,"students will be able to operate at the intersection of  human factors, computer science, and the quality  assurance area. this should include a strong core of  computing and in-depth human factors and quality  assurance. topics include applied psychology in the  context of adversarial thinking and security policies,  security economics, regulatory environments,  responsibility, liability, self-determination,  impersonation, and fraud (e.g., phishing and spear  phishing, trust, deception, resistance to biometric  authentication and identity management). ",responsibility,"6,7,8  ",0,0,0,0,0,1,1,1,
1074,"students will be able to operate at the intersection of  human factors, computer science, and the quality  assurance area. this should include a strong core of  computing and in-depth human factors and quality  assurance. topics include applied psychology in the  context of adversarial thinking and security policies,  security economics, regulatory environments,  responsibility, liability, self-determination,  impersonation, and fraud (e.g., phishing and spear  phishing, trust, deception, resistance to biometric  authentication and identity management). ",liability,"6,7,8  ",0,0,0,0,0,1,1,1,
1075,"students will be able to operate at the intersection of  human factors, computer science, and the quality  assurance area. this should include a strong core of  computing and in-depth human factors and quality  assurance. topics include applied psychology in the  context of adversarial thinking and security policies,  security economics, regulatory environments,  responsibility, liability, self-determination,  impersonation, and fraud (e.g., phishing and spear  phishing, trust, deception, resistance to biometric  authentication and identity management). ",self determination,"6,7,8  ",0,0,0,0,0,1,1,1,
1076,"students will be able to operate at the intersection of  human factors, computer science, and the quality  assurance area. this should include a strong core of  computing and in-depth human factors and quality  assurance. topics include applied psychology in the  context of adversarial thinking and security policies,  security economics, regulatory environments,  responsibility, liability, self-determination,  impersonation, and fraud (e.g., phishing and spear  phishing, trust, deception, resistance to biometric  authentication and identity management). ",impersonation,"6,7,8  ",0,0,0,0,0,1,1,1,
1077,"students will be able to operate at the intersection of  human factors, computer science, and the quality  assurance area. this should include a strong core of  computing and in-depth human factors and quality  assurance. topics include applied psychology in the  context of adversarial thinking and security policies,  security economics, regulatory environments,  responsibility, liability, self-determination,  impersonation, and fraud (e.g., phishing and spear  phishing, trust, deception, resistance to biometric  authentication and identity management). ","fraud (e.g., phishing and spear phishing)","6,7,8  ",0,0,0,0,0,1,1,1,
1078,"students will be able to operate at the intersection of  human factors, computer science, and the quality  assurance area. this should include a strong core of  computing and in-depth human factors and quality  assurance. topics include applied psychology in the  context of adversarial thinking and security policies,  security economics, regulatory environments,  responsibility, liability, self-determination,  impersonation, and fraud (e.g., phishing and spear  phishing, trust, deception, resistance to biometric  authentication and identity management). ",trust,"6,7,8  ",0,0,0,0,0,1,1,1,
1079,"students will be able to operate at the intersection of  human factors, computer science, and the quality  assurance area. this should include a strong core of  computing and in-depth human factors and quality  assurance. topics include applied psychology in the  context of adversarial thinking and security policies,  security economics, regulatory environments,  responsibility, liability, self-determination,  impersonation, and fraud (e.g., phishing and spear  phishing, trust, deception, resistance to biometric  authentication and identity management). ",deception,"6,7,8  ",0,0,0,0,0,1,1,1,
1080,"students will be able to operate at the intersection of  human factors, computer science, and the quality  assurance area. this should include a strong core of  computing and in-depth human factors and quality  assurance. topics include applied psychology in the  context of adversarial thinking and security policies,  security economics, regulatory environments,  responsibility, liability, self-determination,  impersonation, and fraud (e.g., phishing and spear  phishing, trust, deception, resistance to biometric  authentication and identity management). ",resistance to biometric authentication and identity management,"6,7,8  ",0,0,0,0,0,1,1,1,
1081,"this topic provides an overview of regulating  policies (e.g., hipaa, ferpa, piis) and the method  or technique to take when a security situation arises.  topics include refresher training for policy updates,  revisiting of existing threats, and knowledge tests to  understand the policy when it comes to data  protection. due to the overlap in topics, also  reference the knowledge units in the societal  security and organizational security knowledge  areas. ","regulating policies (e.g., hipaa, ferpa, piis)","6,7,8  ",0,0,0,0,0,1,1,1,
1082,"this topic provides an overview of regulating  policies (e.g., hipaa, ferpa, piis) and the method  or technique to take when a security situation arises.  topics include refresher training for policy updates,  revisiting of existing threats, and knowledge tests to  understand the policy when it comes to data  protection. due to the overlap in topics, also  reference the knowledge units in the societal  security and organizational security knowledge  areas. ",method technique for handling security situations,"6,7,8  ",0,0,0,0,0,1,1,1,
1083,"this topic provides an overview of regulating  policies (e.g., hipaa, ferpa, piis) and the method  or technique to take when a security situation arises.  topics include refresher training for policy updates,  revisiting of existing threats, and knowledge tests to  understand the policy when it comes to data  protection. due to the overlap in topics, also  reference the knowledge units in the societal  security and organizational security knowledge  areas. ",refresher training for policy updates,"6,7,8  ",0,0,0,0,0,1,1,1,
1084,"this topic provides an overview of regulating  policies (e.g., hipaa, ferpa, piis) and the method  or technique to take when a security situation arises.  topics include refresher training for policy updates,  revisiting of existing threats, and knowledge tests to  understand the policy when it comes to data  protection. due to the overlap in topics, also  reference the knowledge units in the societal  security and organizational security knowledge  areas. ",revisiting existing threats,"6,7,8  ",0,0,0,0,0,1,1,1,
1085,"this topic provides an overview of regulating  policies (e.g., hipaa, ferpa, piis) and the method  or technique to take when a security situation arises.  topics include refresher training for policy updates,  revisiting of existing threats, and knowledge tests to  understand the policy when it comes to data  protection. due to the overlap in topics, also  reference the knowledge units in the societal  security and organizational security knowledge  areas. ",knowledge tests for understanding policy regarding data protection,"6,7,8  ",0,0,0,0,0,1,1,1,
1086,"this topic provides an overview of regulating  policies (e.g., hipaa, ferpa, piis) and the method  or technique to take when a security situation arises.  topics include refresher training for policy updates,  revisiting of existing threats, and knowledge tests to  understand the policy when it comes to data  protection. due to the overlap in topics, also  reference the knowledge units in the societal  security and organizational security knowledge  areas. ",societal security knowledge area,"6,7,8  ",0,0,0,0,0,1,1,1,
1087,"this topic provides an overview of regulating  policies (e.g., hipaa, ferpa, piis) and the method  or technique to take when a security situation arises.  topics include refresher training for policy updates,  revisiting of existing threats, and knowledge tests to  understand the policy when it comes to data  protection. due to the overlap in topics, also  reference the knowledge units in the societal  security and organizational security knowledge  areas. ",organizational security knowledge area,"6,7,8  ",0,0,0,0,0,1,1,1,
1088,"this topic provides an overview of privacy policies  in social and localized variances. jurisdictional  variance in privacy policy definitions should be  explored. the relationships between individuals,  organizations, or governmental privacy policies should also be addressed from the users’ perspective.  additional topics should include the impact of  privacy policy on new tools/software, identifying a  need for tools and techniques to be covered in most  areas. moreover, notifications of users of policy on  how their data is used so they can make an informed  choice as to whether to provide their information. ",jurisdictional variance in privacy policy definitions,"6,7,8  ",0,0,0,0,0,1,1,1,
1089,"this topic provides an overview of privacy policies  in social and localized variances. jurisdictional  variance in privacy policy definitions should be  explored. the relationships between individuals,  organizations, or governmental privacy policies should also be addressed from the users’ perspective.  additional topics should include the impact of  privacy policy on new tools/software, identifying a  need for tools and techniques to be covered in most  areas. moreover, notifications of users of policy on  how their data is used so they can make an informed  choice as to whether to provide their information. ","relationships between individuals, organizations, or governmental privacy policies from the user's perspective","6,7,8  ",0,0,0,0,0,1,1,1,
1090,"this topic provides an overview of privacy policies  in social and localized variances. jurisdictional  variance in privacy policy definitions should be  explored. the relationships between individuals,  organizations, or governmental privacy policies should also be addressed from the users’ perspective.  additional topics should include the impact of  privacy policy on new tools/software, identifying a  need for tools and techniques to be covered in most  areas. moreover, notifications of users of policy on  how their data is used so they can make an informed  choice as to whether to provide their information. ",impact of privacy policy on new tools software,"6,7,8  ",0,0,0,0,0,1,1,1,
1091,"this topic provides an overview of privacy policies  in social and localized variances. jurisdictional  variance in privacy policy definitions should be  explored. the relationships between individuals,  organizations, or governmental privacy policies should also be addressed from the users’ perspective.  additional topics should include the impact of  privacy policy on new tools/software, identifying a  need for tools and techniques to be covered in most  areas. moreover, notifications of users of policy on  how their data is used so they can make an informed  choice as to whether to provide their information. ",need for tools and techniques to be covered in most areas,"6,7,8  ",0,0,0,0,0,1,1,1,
1092,"this topic provides an overview of privacy policies  in social and localized variances. jurisdictional  variance in privacy policy definitions should be  explored. the relationships between individuals,  organizations, or governmental privacy policies should also be addressed from the users’ perspective.  additional topics should include the impact of  privacy policy on new tools/software, identifying a  need for tools and techniques to be covered in most  areas. moreover, notifications of users of policy on  how their data is used so they can make an informed  choice as to whether to provide their information. ",notifications to users about how their data is used,"6,7,8  ",0,0,0,0,0,1,1,1,
1093,"guidelines include reducing user burden and  decisions, providing secure defaults, reducing unintentional security and privacy errors, making  threats along with risks contextual and concrete, as  well as reducing technical language and jargon. ",reducing user burden and decisions,"6,7,8  ",0,0,0,0,0,1,1,1,
1094,"guidelines include reducing user burden and  decisions, providing secure defaults, reducing unintentional security and privacy errors, making  threats along with risks contextual and concrete, as  well as reducing technical language and jargon. ",providing secure defaults,"6,7,8  ",0,0,0,0,0,1,1,1,
1095,"guidelines include reducing user burden and  decisions, providing secure defaults, reducing unintentional security and privacy errors, making  threats along with risks contextual and concrete, as  well as reducing technical language and jargon. ",reducing unintentional security and privacy errors,"6,7,8  ",0,0,0,0,0,1,1,1,
1096,"guidelines include reducing user burden and  decisions, providing secure defaults, reducing unintentional security and privacy errors, making  threats along with risks contextual and concrete, as  well as reducing technical language and jargon. ",making threats along with risks contextual and concrete,"6,7,8  ",0,0,0,0,0,1,1,1,
1097,"guidelines include reducing user burden and  decisions, providing secure defaults, reducing unintentional security and privacy errors, making  threats along with risks contextual and concrete, as  well as reducing technical language and jargon. ",reducing technical language and jargon,"6,7,8  ",0,0,0,0,0,1,1,1,
1099,risk management is finding and controlling risks to  organizational information assets.  ,finding risks,7,0,0,0,0,0,0,1,0,
1100,risk management is finding and controlling risks to  organizational information assets.  ,controlling risks,7,0,0,0,0,0,0,1,0,
1101,risk management is finding and controlling risks to  organizational information assets.  ,organizational information assets,7,0,0,0,0,0,0,1,0,
1102,"asset identification is the cataloging of information  assets in an organization, such as databases or hardware,  to aid in the determination of risk should the assets be  compromised or lost. threats include any event  leveraging a vulnerability that has the potential to cause  loss or damage for the organization. threat intelligence  (threat modeling) is increasingly used by organizations  to maintain awareness and reactive capacity for existing  and emerging threats. ",asset identification,7,0,0,0,0,0,0,1,0,
1103,"asset identification is the cataloging of information  assets in an organization, such as databases or hardware,  to aid in the determination of risk should the assets be  compromised or lost. threats include any event  leveraging a vulnerability that has the potential to cause  loss or damage for the organization. threat intelligence  (threat modeling) is increasingly used by organizations  to maintain awareness and reactive capacity for existing  and emerging threats. ",vulnerability assessment,7,0,0,0,0,0,0,1,0,
1104,"asset identification is the cataloging of information  assets in an organization, such as databases or hardware,  to aid in the determination of risk should the assets be  compromised or lost. threats include any event  leveraging a vulnerability that has the potential to cause  loss or damage for the organization. threat intelligence  (threat modeling) is increasingly used by organizations  to maintain awareness and reactive capacity for existing  and emerging threats. ",loss or damage potential,7,0,0,0,0,0,0,1,0,
1105,"asset identification is the cataloging of information  assets in an organization, such as databases or hardware,  to aid in the determination of risk should the assets be  compromised or lost. threats include any event  leveraging a vulnerability that has the potential to cause  loss or damage for the organization. threat intelligence  (threat modeling) is increasingly used by organizations  to maintain awareness and reactive capacity for existing  and emerging threats. ",threat events,7,0,0,0,0,0,0,1,0,
1106,"asset identification is the cataloging of information  assets in an organization, such as databases or hardware,  to aid in the determination of risk should the assets be  compromised or lost. threats include any event  leveraging a vulnerability that has the potential to cause  loss or damage for the organization. threat intelligence  (threat modeling) is increasingly used by organizations  to maintain awareness and reactive capacity for existing  and emerging threats. ",threat modeling,7,0,0,0,0,0,0,1,0,
1107,"asset identification is the cataloging of information  assets in an organization, such as databases or hardware,  to aid in the determination of risk should the assets be  compromised or lost. threats include any event  leveraging a vulnerability that has the potential to cause  loss or damage for the organization. threat intelligence  (threat modeling) is increasingly used by organizations  to maintain awareness and reactive capacity for existing  and emerging threats. ",reactive capacity,7,0,0,0,0,0,0,1,0,
1108,"risk analysis is the organizational process to determine  and deal with possible accidental or intentional losses,  and designing and implementing procedures to minimize  the impact of these losses. this can also encompass  threat analysis and threat intelligence. ",organizational process for determining possible accidental or intentional losses,7,0,0,0,0,0,0,1,0,
1109,"risk analysis is the organizational process to determine  and deal with possible accidental or intentional losses,  and designing and implementing procedures to minimize  the impact of these losses. this can also encompass  threat analysis and threat intelligence. ",procedures to minimize the impact of these losses,7,0,0,0,0,0,0,1,0,
1110,"risk analysis is the organizational process to determine  and deal with possible accidental or intentional losses,  and designing and implementing procedures to minimize  the impact of these losses. this can also encompass  threat analysis and threat intelligence. ",threat analysis,7,0,0,0,0,0,0,1,0,
1111,"risk analysis is the organizational process to determine  and deal with possible accidental or intentional losses,  and designing and implementing procedures to minimize  the impact of these losses. this can also encompass  threat analysis and threat intelligence. ",threat intelligence,7,0,0,0,0,0,0,1,0,
1112,"this topic covers malicious human behavioral factors  that might cause harm as a result of a conscious violation  of trust, or best-use, or inadvertent error. an insider is defined as any person with authorized  access to an organization’s resources including  personnel, facilities, information, equipment, networks,  and systems. an insider threat is defined as the risk that an insider  will use their authorized access, wittingly or unwittingly,  to do harm to their organization. this can include theft  of proprietary information and technology; damage to  company facilities, systems, or equipment; actual or  threatened harm to employees; or, other actions that  would prevent the company from carrying out its normal  business practices this topic covers motive-means-opportunity behaviors:  motivation and discipline factors, accountability,  awareness and quality control. the fbi has developed materials including indicators  useful in identifying potential insider threat risks. ",malicious human behavioral factors,7,0,0,0,0,0,0,1,0,
1113,"this topic covers malicious human behavioral factors  that might cause harm as a result of a conscious violation  of trust, or best-use, or inadvertent error. an insider is defined as any person with authorized  access to an organization’s resources including  personnel, facilities, information, equipment, networks,  and systems. an insider threat is defined as the risk that an insider  will use their authorized access, wittingly or unwittingly,  to do harm to their organization. this can include theft  of proprietary information and technology; damage to  company facilities, systems, or equipment; actual or  threatened harm to employees; or, other actions that  would prevent the company from carrying out its normal  business practices this topic covers motive-means-opportunity behaviors:  motivation and discipline factors, accountability,  awareness and quality control. the fbi has developed materials including indicators  useful in identifying potential insider threat risks. ",definition of an insider,7,0,0,0,0,0,0,1,0,
1114,"this topic covers malicious human behavioral factors  that might cause harm as a result of a conscious violation  of trust, or best-use, or inadvertent error. an insider is defined as any person with authorized  access to an organization’s resources including  personnel, facilities, information, equipment, networks,  and systems. an insider threat is defined as the risk that an insider  will use their authorized access, wittingly or unwittingly,  to do harm to their organization. this can include theft  of proprietary information and technology; damage to  company facilities, systems, or equipment; actual or  threatened harm to employees; or, other actions that  would prevent the company from carrying out its normal  business practices this topic covers motive-means-opportunity behaviors:  motivation and discipline factors, accountability,  awareness and quality control. the fbi has developed materials including indicators  useful in identifying potential insider threat risks. ",definition of insider threat,7,0,0,0,0,0,0,1,0,
1115,"this topic covers malicious human behavioral factors  that might cause harm as a result of a conscious violation  of trust, or best-use, or inadvertent error. an insider is defined as any person with authorized  access to an organization’s resources including  personnel, facilities, information, equipment, networks,  and systems. an insider threat is defined as the risk that an insider  will use their authorized access, wittingly or unwittingly,  to do harm to their organization. this can include theft  of proprietary information and technology; damage to  company facilities, systems, or equipment; actual or  threatened harm to employees; or, other actions that  would prevent the company from carrying out its normal  business practices this topic covers motive-means-opportunity behaviors:  motivation and discipline factors, accountability,  awareness and quality control. the fbi has developed materials including indicators  useful in identifying potential insider threat risks. ",examples of insider threats,7,0,0,0,0,0,0,1,0,
1116,"this topic covers malicious human behavioral factors  that might cause harm as a result of a conscious violation  of trust, or best-use, or inadvertent error. an insider is defined as any person with authorized  access to an organization’s resources including  personnel, facilities, information, equipment, networks,  and systems. an insider threat is defined as the risk that an insider  will use their authorized access, wittingly or unwittingly,  to do harm to their organization. this can include theft  of proprietary information and technology; damage to  company facilities, systems, or equipment; actual or  threatened harm to employees; or, other actions that  would prevent the company from carrying out its normal  business practices this topic covers motive-means-opportunity behaviors:  motivation and discipline factors, accountability,  awareness and quality control. the fbi has developed materials including indicators  useful in identifying potential insider threat risks. ",motive means opportunity behaviors,7,0,0,0,0,0,0,1,0,
1117,"this topic covers malicious human behavioral factors  that might cause harm as a result of a conscious violation  of trust, or best-use, or inadvertent error. an insider is defined as any person with authorized  access to an organization’s resources including  personnel, facilities, information, equipment, networks,  and systems. an insider threat is defined as the risk that an insider  will use their authorized access, wittingly or unwittingly,  to do harm to their organization. this can include theft  of proprietary information and technology; damage to  company facilities, systems, or equipment; actual or  threatened harm to employees; or, other actions that  would prevent the company from carrying out its normal  business practices this topic covers motive-means-opportunity behaviors:  motivation and discipline factors, accountability,  awareness and quality control. the fbi has developed materials including indicators  useful in identifying potential insider threat risks. ",motivation and discipline factors,7,0,0,0,0,0,0,1,0,
1118,"this topic covers malicious human behavioral factors  that might cause harm as a result of a conscious violation  of trust, or best-use, or inadvertent error. an insider is defined as any person with authorized  access to an organization’s resources including  personnel, facilities, information, equipment, networks,  and systems. an insider threat is defined as the risk that an insider  will use their authorized access, wittingly or unwittingly,  to do harm to their organization. this can include theft  of proprietary information and technology; damage to  company facilities, systems, or equipment; actual or  threatened harm to employees; or, other actions that  would prevent the company from carrying out its normal  business practices this topic covers motive-means-opportunity behaviors:  motivation and discipline factors, accountability,  awareness and quality control. the fbi has developed materials including indicators  useful in identifying potential insider threat risks. ",accountability,7,0,0,0,0,0,0,1,0,
1119,"this topic covers malicious human behavioral factors  that might cause harm as a result of a conscious violation  of trust, or best-use, or inadvertent error. an insider is defined as any person with authorized  access to an organization’s resources including  personnel, facilities, information, equipment, networks,  and systems. an insider threat is defined as the risk that an insider  will use their authorized access, wittingly or unwittingly,  to do harm to their organization. this can include theft  of proprietary information and technology; damage to  company facilities, systems, or equipment; actual or  threatened harm to employees; or, other actions that  would prevent the company from carrying out its normal  business practices this topic covers motive-means-opportunity behaviors:  motivation and discipline factors, accountability,  awareness and quality control. the fbi has developed materials including indicators  useful in identifying potential insider threat risks. ",awareness and quality control,7,0,0,0,0,0,0,1,0,
1120,"this topic covers malicious human behavioral factors  that might cause harm as a result of a conscious violation  of trust, or best-use, or inadvertent error. an insider is defined as any person with authorized  access to an organization’s resources including  personnel, facilities, information, equipment, networks,  and systems. an insider threat is defined as the risk that an insider  will use their authorized access, wittingly or unwittingly,  to do harm to their organization. this can include theft  of proprietary information and technology; damage to  company facilities, systems, or equipment; actual or  threatened harm to employees; or, other actions that  would prevent the company from carrying out its normal  business practices this topic covers motive-means-opportunity behaviors:  motivation and discipline factors, accountability,  awareness and quality control. the fbi has developed materials including indicators  useful in identifying potential insider threat risks. ",fbi materials and indicators for identifying risks,7,0,0,0,0,0,0,1,0,
1121,"risk models are used to explain how assets encounter  risk. in addition, there a number of industry-accepted  methodologies to measure, evaluate, and communicate  risk to stakeholders. this topic includes both quantitative and qualitative  approaches to risk assessment, application of models and  methods for various business contexts (e.g., hipaa for  healthcare facilities). tools of interest might include the  cyber resilience review self-assessment, cybersecurity  evaluation tool (cset) as well as security risk  assessment tool from hss. ",risk models,7,0,0,0,0,0,0,1,0,
1122,"risk models are used to explain how assets encounter  risk. in addition, there a number of industry-accepted  methodologies to measure, evaluate, and communicate  risk to stakeholders. this topic includes both quantitative and qualitative  approaches to risk assessment, application of models and  methods for various business contexts (e.g., hipaa for  healthcare facilities). tools of interest might include the  cyber resilience review self-assessment, cybersecurity  evaluation tool (cset) as well as security risk  assessment tool from hss. ",industry accepted methodologies,7,0,0,0,0,0,0,1,0,
1123,"risk models are used to explain how assets encounter  risk. in addition, there a number of industry-accepted  methodologies to measure, evaluate, and communicate  risk to stakeholders. this topic includes both quantitative and qualitative  approaches to risk assessment, application of models and  methods for various business contexts (e.g., hipaa for  healthcare facilities). tools of interest might include the  cyber resilience review self-assessment, cybersecurity  evaluation tool (cset) as well as security risk  assessment tool from hss. ",quantitative approaches to risk assessment,7,0,0,0,0,0,0,1,0,
1124,"risk models are used to explain how assets encounter  risk. in addition, there a number of industry-accepted  methodologies to measure, evaluate, and communicate  risk to stakeholders. this topic includes both quantitative and qualitative  approaches to risk assessment, application of models and  methods for various business contexts (e.g., hipaa for  healthcare facilities). tools of interest might include the  cyber resilience review self-assessment, cybersecurity  evaluation tool (cset) as well as security risk  assessment tool from hss. ",qualitative approaches to risk assessment,7,0,0,0,0,0,0,1,0,
1125,"risk models are used to explain how assets encounter  risk. in addition, there a number of industry-accepted  methodologies to measure, evaluate, and communicate  risk to stakeholders. this topic includes both quantitative and qualitative  approaches to risk assessment, application of models and  methods for various business contexts (e.g., hipaa for  healthcare facilities). tools of interest might include the  cyber resilience review self-assessment, cybersecurity  evaluation tool (cset) as well as security risk  assessment tool from hss. ",application of models and methods for various business contexts,7,0,0,0,0,0,0,1,0,
1126,"risk models are used to explain how assets encounter  risk. in addition, there a number of industry-accepted  methodologies to measure, evaluate, and communicate  risk to stakeholders. this topic includes both quantitative and qualitative  approaches to risk assessment, application of models and  methods for various business contexts (e.g., hipaa for  healthcare facilities). tools of interest might include the  cyber resilience review self-assessment, cybersecurity  evaluation tool (cset) as well as security risk  assessment tool from hss. ",hipaa for healthcare facilities,7,0,0,0,0,0,0,1,0,
1127,"risk models are used to explain how assets encounter  risk. in addition, there a number of industry-accepted  methodologies to measure, evaluate, and communicate  risk to stakeholders. this topic includes both quantitative and qualitative  approaches to risk assessment, application of models and  methods for various business contexts (e.g., hipaa for  healthcare facilities). tools of interest might include the  cyber resilience review self-assessment, cybersecurity  evaluation tool (cset) as well as security risk  assessment tool from hss. ",cyber resilience review self assessment,7,0,0,0,0,0,0,1,0,
1128,"risk models are used to explain how assets encounter  risk. in addition, there a number of industry-accepted  methodologies to measure, evaluate, and communicate  risk to stakeholders. this topic includes both quantitative and qualitative  approaches to risk assessment, application of models and  methods for various business contexts (e.g., hipaa for  healthcare facilities). tools of interest might include the  cyber resilience review self-assessment, cybersecurity  evaluation tool (cset) as well as security risk  assessment tool from hss. ",cybersecurity evaluation tool (cset),7,0,0,0,0,0,0,1,0,
1129,"risk models are used to explain how assets encounter  risk. in addition, there a number of industry-accepted  methodologies to measure, evaluate, and communicate  risk to stakeholders. this topic includes both quantitative and qualitative  approaches to risk assessment, application of models and  methods for various business contexts (e.g., hipaa for  healthcare facilities). tools of interest might include the  cyber resilience review self-assessment, cybersecurity  evaluation tool (cset) as well as security risk  assessment tool from hss. ",security risk assessment tool from hss,7,0,0,0,0,0,0,1,0,
1130,"risk control is defined as the act of lessening the  consequences of a cyber event, and as a result lessening the amount of risk. each approach should include the  means to communicate risk to decision makers including  the residual risk. topics covered should include  assessment and ranking of risk and the avoid, reduce,  transfer, accept categories. curricular content should include widely-used risk  control methodologies that are available for exposure  and practice. ",definition of risk control,7,0,0,0,0,0,0,1,0,
1131,"risk control is defined as the act of lessening the  consequences of a cyber event, and as a result lessening the amount of risk. each approach should include the  means to communicate risk to decision makers including  the residual risk. topics covered should include  assessment and ranking of risk and the avoid, reduce,  transfer, accept categories. curricular content should include widely-used risk  control methodologies that are available for exposure  and practice. ",consequences of cyber events,7,0,0,0,0,0,0,1,0,
1132,"risk control is defined as the act of lessening the  consequences of a cyber event, and as a result lessening the amount of risk. each approach should include the  means to communicate risk to decision makers including  the residual risk. topics covered should include  assessment and ranking of risk and the avoid, reduce,  transfer, accept categories. curricular content should include widely-used risk  control methodologies that are available for exposure  and practice. ",lessening the amount of risk,7,0,0,0,0,0,0,1,0,
1133,"risk control is defined as the act of lessening the  consequences of a cyber event, and as a result lessening the amount of risk. each approach should include the  means to communicate risk to decision makers including  the residual risk. topics covered should include  assessment and ranking of risk and the avoid, reduce,  transfer, accept categories. curricular content should include widely-used risk  control methodologies that are available for exposure  and practice. ",communicating risk to decision makers,7,0,0,0,0,0,0,1,0,
1134,"risk control is defined as the act of lessening the  consequences of a cyber event, and as a result lessening the amount of risk. each approach should include the  means to communicate risk to decision makers including  the residual risk. topics covered should include  assessment and ranking of risk and the avoid, reduce,  transfer, accept categories. curricular content should include widely-used risk  control methodologies that are available for exposure  and practice. ",residual risk,7,0,0,0,0,0,0,1,0,
1135,"risk control is defined as the act of lessening the  consequences of a cyber event, and as a result lessening the amount of risk. each approach should include the  means to communicate risk to decision makers including  the residual risk. topics covered should include  assessment and ranking of risk and the avoid, reduce,  transfer, accept categories. curricular content should include widely-used risk  control methodologies that are available for exposure  and practice. ",assessment and ranking of risk,7,0,0,0,0,0,0,1,0,
1136,"risk control is defined as the act of lessening the  consequences of a cyber event, and as a result lessening the amount of risk. each approach should include the  means to communicate risk to decision makers including  the residual risk. topics covered should include  assessment and ranking of risk and the avoid, reduce,  transfer, accept categories. curricular content should include widely-used risk  control methodologies that are available for exposure  and practice. ",avoidance category,7,0,0,0,0,0,0,1,0,
1137,"risk control is defined as the act of lessening the  consequences of a cyber event, and as a result lessening the amount of risk. each approach should include the  means to communicate risk to decision makers including  the residual risk. topics covered should include  assessment and ranking of risk and the avoid, reduce,  transfer, accept categories. curricular content should include widely-used risk  control methodologies that are available for exposure  and practice. ",reduction category,7,0,0,0,0,0,0,1,0,
1138,"risk control is defined as the act of lessening the  consequences of a cyber event, and as a result lessening the amount of risk. each approach should include the  means to communicate risk to decision makers including  the residual risk. topics covered should include  assessment and ranking of risk and the avoid, reduce,  transfer, accept categories. curricular content should include widely-used risk  control methodologies that are available for exposure  and practice. ",transfer category,7,0,0,0,0,0,0,1,0,
1139,"risk control is defined as the act of lessening the  consequences of a cyber event, and as a result lessening the amount of risk. each approach should include the  means to communicate risk to decision makers including  the residual risk. topics covered should include  assessment and ranking of risk and the avoid, reduce,  transfer, accept categories. curricular content should include widely-used risk  control methodologies that are available for exposure  and practice. ",acceptance category,7,0,0,0,0,0,0,1,0,
1140,"risk control is defined as the act of lessening the  consequences of a cyber event, and as a result lessening the amount of risk. each approach should include the  means to communicate risk to decision makers including  the residual risk. topics covered should include  assessment and ranking of risk and the avoid, reduce,  transfer, accept categories. curricular content should include widely-used risk  control methodologies that are available for exposure  and practice. ",widely used risk control methodologies,7,0,0,0,0,0,0,1,0,
1141,"each organization addresses its operating environment,  internal and external, through policy and governance.  governance is the responsibility of the senior  management of an organization to assure the effective  implementation of strategic planning, risk management,  and regulatory compliance usually by means of  comprehensive managerial policy, plans, programs, and  budgetary controls so as to secure the information of the  organization. the implementation of security governance and policy  should be framed within global, national, and local laws,  regulations and standards. this knowledge unit focuses on an understanding of the  security policy development cycle, from initial research  to implementation and maintenance as well as giving  exposure to real-world examples of security policies and  practices. ",operating environment,"7,8 ",0,0,0,0,0,0,1,1,
1142,"each organization addresses its operating environment,  internal and external, through policy and governance.  governance is the responsibility of the senior  management of an organization to assure the effective  implementation of strategic planning, risk management,  and regulatory compliance usually by means of  comprehensive managerial policy, plans, programs, and  budgetary controls so as to secure the information of the  organization. the implementation of security governance and policy  should be framed within global, national, and local laws,  regulations and standards. this knowledge unit focuses on an understanding of the  security policy development cycle, from initial research  to implementation and maintenance as well as giving  exposure to real-world examples of security policies and  practices. ",internal and external factors,"7,8 ",0,0,0,0,0,0,1,1,
1143,"each organization addresses its operating environment,  internal and external, through policy and governance.  governance is the responsibility of the senior  management of an organization to assure the effective  implementation of strategic planning, risk management,  and regulatory compliance usually by means of  comprehensive managerial policy, plans, programs, and  budgetary controls so as to secure the information of the  organization. the implementation of security governance and policy  should be framed within global, national, and local laws,  regulations and standards. this knowledge unit focuses on an understanding of the  security policy development cycle, from initial research  to implementation and maintenance as well as giving  exposure to real-world examples of security policies and  practices. ",governance responsibility,"7,8 ",0,0,0,0,0,0,1,1,
1144,"each organization addresses its operating environment,  internal and external, through policy and governance.  governance is the responsibility of the senior  management of an organization to assure the effective  implementation of strategic planning, risk management,  and regulatory compliance usually by means of  comprehensive managerial policy, plans, programs, and  budgetary controls so as to secure the information of the  organization. the implementation of security governance and policy  should be framed within global, national, and local laws,  regulations and standards. this knowledge unit focuses on an understanding of the  security policy development cycle, from initial research  to implementation and maintenance as well as giving  exposure to real-world examples of security policies and  practices. ",strategic planning,"7,8 ",0,0,0,0,0,0,1,1,
1145,"each organization addresses its operating environment,  internal and external, through policy and governance.  governance is the responsibility of the senior  management of an organization to assure the effective  implementation of strategic planning, risk management,  and regulatory compliance usually by means of  comprehensive managerial policy, plans, programs, and  budgetary controls so as to secure the information of the  organization. the implementation of security governance and policy  should be framed within global, national, and local laws,  regulations and standards. this knowledge unit focuses on an understanding of the  security policy development cycle, from initial research  to implementation and maintenance as well as giving  exposure to real-world examples of security policies and  practices. ",risk management,"7,8 ",0,0,0,0,0,0,1,1,
1146,"each organization addresses its operating environment,  internal and external, through policy and governance.  governance is the responsibility of the senior  management of an organization to assure the effective  implementation of strategic planning, risk management,  and regulatory compliance usually by means of  comprehensive managerial policy, plans, programs, and  budgetary controls so as to secure the information of the  organization. the implementation of security governance and policy  should be framed within global, national, and local laws,  regulations and standards. this knowledge unit focuses on an understanding of the  security policy development cycle, from initial research  to implementation and maintenance as well as giving  exposure to real-world examples of security policies and  practices. ",regulatory compliance,"7,8 ",0,0,0,0,0,0,1,1,
1147,"each organization addresses its operating environment,  internal and external, through policy and governance.  governance is the responsibility of the senior  management of an organization to assure the effective  implementation of strategic planning, risk management,  and regulatory compliance usually by means of  comprehensive managerial policy, plans, programs, and  budgetary controls so as to secure the information of the  organization. the implementation of security governance and policy  should be framed within global, national, and local laws,  regulations and standards. this knowledge unit focuses on an understanding of the  security policy development cycle, from initial research  to implementation and maintenance as well as giving  exposure to real-world examples of security policies and  practices. ","managerial policy, plans, programs, budgetary controls","7,8 ",0,0,0,0,0,0,1,1,
1148,"each organization addresses its operating environment,  internal and external, through policy and governance.  governance is the responsibility of the senior  management of an organization to assure the effective  implementation of strategic planning, risk management,  and regulatory compliance usually by means of  comprehensive managerial policy, plans, programs, and  budgetary controls so as to secure the information of the  organization. the implementation of security governance and policy  should be framed within global, national, and local laws,  regulations and standards. this knowledge unit focuses on an understanding of the  security policy development cycle, from initial research  to implementation and maintenance as well as giving  exposure to real-world examples of security policies and  practices. ","global, national, and local laws, regulations, standards","7,8 ",0,0,0,0,0,0,1,1,
1149,"each organization addresses its operating environment,  internal and external, through policy and governance.  governance is the responsibility of the senior  management of an organization to assure the effective  implementation of strategic planning, risk management,  and regulatory compliance usually by means of  comprehensive managerial policy, plans, programs, and  budgetary controls so as to secure the information of the  organization. the implementation of security governance and policy  should be framed within global, national, and local laws,  regulations and standards. this knowledge unit focuses on an understanding of the  security policy development cycle, from initial research  to implementation and maintenance as well as giving  exposure to real-world examples of security policies and  practices. ",security policy development cycle,"7,8 ",0,0,0,0,0,0,1,1,
1150,"each organization addresses its operating environment,  internal and external, through policy and governance.  governance is the responsibility of the senior  management of an organization to assure the effective  implementation of strategic planning, risk management,  and regulatory compliance usually by means of  comprehensive managerial policy, plans, programs, and  budgetary controls so as to secure the information of the  organization. the implementation of security governance and policy  should be framed within global, national, and local laws,  regulations and standards. this knowledge unit focuses on an understanding of the  security policy development cycle, from initial research  to implementation and maintenance as well as giving  exposure to real-world examples of security policies and  practices. ",initial research,"7,8 ",0,0,0,0,0,0,1,1,
1151,"each organization addresses its operating environment,  internal and external, through policy and governance.  governance is the responsibility of the senior  management of an organization to assure the effective  implementation of strategic planning, risk management,  and regulatory compliance usually by means of  comprehensive managerial policy, plans, programs, and  budgetary controls so as to secure the information of the  organization. the implementation of security governance and policy  should be framed within global, national, and local laws,  regulations and standards. this knowledge unit focuses on an understanding of the  security policy development cycle, from initial research  to implementation and maintenance as well as giving  exposure to real-world examples of security policies and  practices. ",implementation,"7,8 ",0,0,0,0,0,0,1,1,
1152,"each organization addresses its operating environment,  internal and external, through policy and governance.  governance is the responsibility of the senior  management of an organization to assure the effective  implementation of strategic planning, risk management,  and regulatory compliance usually by means of  comprehensive managerial policy, plans, programs, and  budgetary controls so as to secure the information of the  organization. the implementation of security governance and policy  should be framed within global, national, and local laws,  regulations and standards. this knowledge unit focuses on an understanding of the  security policy development cycle, from initial research  to implementation and maintenance as well as giving  exposure to real-world examples of security policies and  practices. ",maintenance,"7,8 ",0,0,0,0,0,0,1,1,
1153,"each organization addresses its operating environment,  internal and external, through policy and governance.  governance is the responsibility of the senior  management of an organization to assure the effective  implementation of strategic planning, risk management,  and regulatory compliance usually by means of  comprehensive managerial policy, plans, programs, and  budgetary controls so as to secure the information of the  organization. the implementation of security governance and policy  should be framed within global, national, and local laws,  regulations and standards. this knowledge unit focuses on an understanding of the  security policy development cycle, from initial research  to implementation and maintenance as well as giving  exposure to real-world examples of security policies and  practices. ",real world examples of security policies and practices,"7,8 ",0,0,0,0,0,0,1,1,
1154,"many factors influence how security is operationalized  in organizations. these contexts are critical when  designing a curriculum and should inform the entire  process. this topic covers how internal versus external contextual  differences have a major impact on the coverage of  policy, regulation, and statute (or jurisdiction). also,  location- or country-specific issues and concerns should  be evaluated. applicable standards and guidelines for  compliance to industry/sector should also be evaluated.  the variance between governments versus private  organizations is a factor as is the need to include  international aspects including but not limited to  import/export restrictions. further, there is significant  difference between organizations in various business  vertical industry segments such as energy versus  agriculture. ",internal vs external contextual differences,"7,8 ",0,0,0,0,0,0,1,1,
1155,"many factors influence how security is operationalized  in organizations. these contexts are critical when  designing a curriculum and should inform the entire  process. this topic covers how internal versus external contextual  differences have a major impact on the coverage of  policy, regulation, and statute (or jurisdiction). also,  location- or country-specific issues and concerns should  be evaluated. applicable standards and guidelines for  compliance to industry/sector should also be evaluated.  the variance between governments versus private  organizations is a factor as is the need to include  international aspects including but not limited to  import/export restrictions. further, there is significant  difference between organizations in various business  vertical industry segments such as energy versus  agriculture. ",location country specific issues and concerns,"7,8 ",0,0,0,0,0,0,1,1,
1156,"many factors influence how security is operationalized  in organizations. these contexts are critical when  designing a curriculum and should inform the entire  process. this topic covers how internal versus external contextual  differences have a major impact on the coverage of  policy, regulation, and statute (or jurisdiction). also,  location- or country-specific issues and concerns should  be evaluated. applicable standards and guidelines for  compliance to industry/sector should also be evaluated.  the variance between governments versus private  organizations is a factor as is the need to include  international aspects including but not limited to  import/export restrictions. further, there is significant  difference between organizations in various business  vertical industry segments such as energy versus  agriculture. ",evaluation of applicable standards and guidelines for compliance,"7,8 ",0,0,0,0,0,0,1,1,
1157,"many factors influence how security is operationalized  in organizations. these contexts are critical when  designing a curriculum and should inform the entire  process. this topic covers how internal versus external contextual  differences have a major impact on the coverage of  policy, regulation, and statute (or jurisdiction). also,  location- or country-specific issues and concerns should  be evaluated. applicable standards and guidelines for  compliance to industry/sector should also be evaluated.  the variance between governments versus private  organizations is a factor as is the need to include  international aspects including but not limited to  import/export restrictions. further, there is significant  difference between organizations in various business  vertical industry segments such as energy versus  agriculture. ",variance between governments and private organizations,"7,8 ",0,0,0,0,0,0,1,1,
1158,"many factors influence how security is operationalized  in organizations. these contexts are critical when  designing a curriculum and should inform the entire  process. this topic covers how internal versus external contextual  differences have a major impact on the coverage of  policy, regulation, and statute (or jurisdiction). also,  location- or country-specific issues and concerns should  be evaluated. applicable standards and guidelines for  compliance to industry/sector should also be evaluated.  the variance between governments versus private  organizations is a factor as is the need to include  international aspects including but not limited to  import/export restrictions. further, there is significant  difference between organizations in various business  vertical industry segments such as energy versus  agriculture. ",international aspects including import export restrictions,"7,8 ",0,0,0,0,0,0,1,1,
1159,"many factors influence how security is operationalized  in organizations. these contexts are critical when  designing a curriculum and should inform the entire  process. this topic covers how internal versus external contextual  differences have a major impact on the coverage of  policy, regulation, and statute (or jurisdiction). also,  location- or country-specific issues and concerns should  be evaluated. applicable standards and guidelines for  compliance to industry/sector should also be evaluated.  the variance between governments versus private  organizations is a factor as is the need to include  international aspects including but not limited to  import/export restrictions. further, there is significant  difference between organizations in various business  vertical industry segments such as energy versus  agriculture. ","business vertical industry segments differences (e.g., energy vs agriculture)","7,8 ",0,0,0,0,0,0,1,1,
1160,"privacy is a concept with cultural and national variations  in its definition. at its core, privacy is based on the right  to be forgotten, and various levels of choice and consent  for the collection, use, and distribution of an individual’s  information. this topic addresses social and localized variances in privacy. jurisdictional variance in privacy definitions  should be explored. the relationships between  individuals, organizations, or governmental privacy  requirements should also be addressed. the impact of  privacy settings in new tools/software, identifying a need  for tools and techniques to be covered in most areas.  additional consideration should be given to privacy in  the context of consumer protection and health care  regulations. organizations with international engagement must  consider variances in privacy laws, regulations, and  standards across the jurisdictions in which they operate. ",cultural and national variations in privacy definitions,"1,6,7,8 ",1,0,0,0,0,1,1,1,
1161,"privacy is a concept with cultural and national variations  in its definition. at its core, privacy is based on the right  to be forgotten, and various levels of choice and consent  for the collection, use, and distribution of an individual’s  information. this topic addresses social and localized variances in privacy. jurisdictional variance in privacy definitions  should be explored. the relationships between  individuals, organizations, or governmental privacy  requirements should also be addressed. the impact of  privacy settings in new tools/software, identifying a need  for tools and techniques to be covered in most areas.  additional consideration should be given to privacy in  the context of consumer protection and health care  regulations. organizations with international engagement must  consider variances in privacy laws, regulations, and  standards across the jurisdictions in which they operate. ",right to be forgotten,"1,6,7,8 ",1,0,0,0,0,1,1,1,
1162,"privacy is a concept with cultural and national variations  in its definition. at its core, privacy is based on the right  to be forgotten, and various levels of choice and consent  for the collection, use, and distribution of an individual’s  information. this topic addresses social and localized variances in privacy. jurisdictional variance in privacy definitions  should be explored. the relationships between  individuals, organizations, or governmental privacy  requirements should also be addressed. the impact of  privacy settings in new tools/software, identifying a need  for tools and techniques to be covered in most areas.  additional consideration should be given to privacy in  the context of consumer protection and health care  regulations. organizations with international engagement must  consider variances in privacy laws, regulations, and  standards across the jurisdictions in which they operate. ","choice and consent in information collection, use, and distribution","1,6,7,8 ",1,0,0,0,0,1,1,1,
1163,"privacy is a concept with cultural and national variations  in its definition. at its core, privacy is based on the right  to be forgotten, and various levels of choice and consent  for the collection, use, and distribution of an individual’s  information. this topic addresses social and localized variances in privacy. jurisdictional variance in privacy definitions  should be explored. the relationships between  individuals, organizations, or governmental privacy  requirements should also be addressed. the impact of  privacy settings in new tools/software, identifying a need  for tools and techniques to be covered in most areas.  additional consideration should be given to privacy in  the context of consumer protection and health care  regulations. organizations with international engagement must  consider variances in privacy laws, regulations, and  standards across the jurisdictions in which they operate. ",social and localized variances in privacy,"1,6,7,8 ",1,0,0,0,0,1,1,1,
1164,"privacy is a concept with cultural and national variations  in its definition. at its core, privacy is based on the right  to be forgotten, and various levels of choice and consent  for the collection, use, and distribution of an individual’s  information. this topic addresses social and localized variances in privacy. jurisdictional variance in privacy definitions  should be explored. the relationships between  individuals, organizations, or governmental privacy  requirements should also be addressed. the impact of  privacy settings in new tools/software, identifying a need  for tools and techniques to be covered in most areas.  additional consideration should be given to privacy in  the context of consumer protection and health care  regulations. organizations with international engagement must  consider variances in privacy laws, regulations, and  standards across the jurisdictions in which they operate. ",jurisdictional variance in privacy definitions,"1,6,7,8 ",1,0,0,0,0,1,1,1,
1165,"privacy is a concept with cultural and national variations  in its definition. at its core, privacy is based on the right  to be forgotten, and various levels of choice and consent  for the collection, use, and distribution of an individual’s  information. this topic addresses social and localized variances in privacy. jurisdictional variance in privacy definitions  should be explored. the relationships between  individuals, organizations, or governmental privacy  requirements should also be addressed. the impact of  privacy settings in new tools/software, identifying a need  for tools and techniques to be covered in most areas.  additional consideration should be given to privacy in  the context of consumer protection and health care  regulations. organizations with international engagement must  consider variances in privacy laws, regulations, and  standards across the jurisdictions in which they operate. ","relationships between individuals, organizations, and governmental privacy requirements","1,6,7,8 ",1,0,0,0,0,1,1,1,
1166,"privacy is a concept with cultural and national variations  in its definition. at its core, privacy is based on the right  to be forgotten, and various levels of choice and consent  for the collection, use, and distribution of an individual’s  information. this topic addresses social and localized variances in privacy. jurisdictional variance in privacy definitions  should be explored. the relationships between  individuals, organizations, or governmental privacy  requirements should also be addressed. the impact of  privacy settings in new tools/software, identifying a need  for tools and techniques to be covered in most areas.  additional consideration should be given to privacy in  the context of consumer protection and health care  regulations. organizations with international engagement must  consider variances in privacy laws, regulations, and  standards across the jurisdictions in which they operate. ",impact of privacy settings in new tools software,"1,6,7,8 ",1,0,0,0,0,1,1,1,
1167,"privacy is a concept with cultural and national variations  in its definition. at its core, privacy is based on the right  to be forgotten, and various levels of choice and consent  for the collection, use, and distribution of an individual’s  information. this topic addresses social and localized variances in privacy. jurisdictional variance in privacy definitions  should be explored. the relationships between  individuals, organizations, or governmental privacy  requirements should also be addressed. the impact of  privacy settings in new tools/software, identifying a need  for tools and techniques to be covered in most areas.  additional consideration should be given to privacy in  the context of consumer protection and health care  regulations. organizations with international engagement must  consider variances in privacy laws, regulations, and  standards across the jurisdictions in which they operate. ",need for tools and techniques to address privacy concerns,"1,6,7,8 ",1,0,0,0,0,1,1,1,
1168,"privacy is a concept with cultural and national variations  in its definition. at its core, privacy is based on the right  to be forgotten, and various levels of choice and consent  for the collection, use, and distribution of an individual’s  information. this topic addresses social and localized variances in privacy. jurisdictional variance in privacy definitions  should be explored. the relationships between  individuals, organizations, or governmental privacy  requirements should also be addressed. the impact of  privacy settings in new tools/software, identifying a need  for tools and techniques to be covered in most areas.  additional consideration should be given to privacy in  the context of consumer protection and health care  regulations. organizations with international engagement must  consider variances in privacy laws, regulations, and  standards across the jurisdictions in which they operate. ",privacy in the context of consumer protection,"1,6,7,8 ",1,0,0,0,0,1,1,1,
1169,"privacy is a concept with cultural and national variations  in its definition. at its core, privacy is based on the right  to be forgotten, and various levels of choice and consent  for the collection, use, and distribution of an individual’s  information. this topic addresses social and localized variances in privacy. jurisdictional variance in privacy definitions  should be explored. the relationships between  individuals, organizations, or governmental privacy  requirements should also be addressed. the impact of  privacy settings in new tools/software, identifying a need  for tools and techniques to be covered in most areas.  additional consideration should be given to privacy in  the context of consumer protection and health care  regulations. organizations with international engagement must  consider variances in privacy laws, regulations, and  standards across the jurisdictions in which they operate. ",privacy in the context of healthcare regulations,"1,6,7,8 ",1,0,0,0,0,1,1,1,
1170,"privacy is a concept with cultural and national variations  in its definition. at its core, privacy is based on the right  to be forgotten, and various levels of choice and consent  for the collection, use, and distribution of an individual’s  information. this topic addresses social and localized variances in privacy. jurisdictional variance in privacy definitions  should be explored. the relationships between  individuals, organizations, or governmental privacy  requirements should also be addressed. the impact of  privacy settings in new tools/software, identifying a need  for tools and techniques to be covered in most areas.  additional consideration should be given to privacy in  the context of consumer protection and health care  regulations. organizations with international engagement must  consider variances in privacy laws, regulations, and  standards across the jurisdictions in which they operate. ",privacy considerations for organizations with international engagement,"1,6,7,8 ",1,0,0,0,0,1,1,1,
1171,"privacy is a concept with cultural and national variations  in its definition. at its core, privacy is based on the right  to be forgotten, and various levels of choice and consent  for the collection, use, and distribution of an individual’s  information. this topic addresses social and localized variances in privacy. jurisdictional variance in privacy definitions  should be explored. the relationships between  individuals, organizations, or governmental privacy  requirements should also be addressed. the impact of  privacy settings in new tools/software, identifying a need  for tools and techniques to be covered in most areas.  additional consideration should be given to privacy in  the context of consumer protection and health care  regulations. organizations with international engagement must  consider variances in privacy laws, regulations, and  standards across the jurisdictions in which they operate. ","variances in privacy laws, regulations, and standards across jurisdictions","1,6,7,8 ",1,0,0,0,0,1,1,1,
1172,"laws, regulations, standards as well as ethical values are  derived from the social context and how organizations  meet requirements to comply with them. this topic includes how laws and technology intersect in  the context of the judicial structures that are present – international, national and local – as organizations  safeguard information systems from cyberattacks.  ethical instruction should also be an element.  professional codes of conduct and ethical standards  should be addressed. compliance efforts should include  those efforts to conform to laws, regulations, and  standards, and to include breach notification  requirements by state, national, and international  governing authorities. examples of international laws  and standards include gdpr and iso/iec 27000 et al.  national laws of importance for u.s. organizations  include hipaa, sarbanes-oxley, glba, etc. ",laws and regulations,"7,8 ",0,0,0,0,0,0,1,1,
1173,"laws, regulations, standards as well as ethical values are  derived from the social context and how organizations  meet requirements to comply with them. this topic includes how laws and technology intersect in  the context of the judicial structures that are present – international, national and local – as organizations  safeguard information systems from cyberattacks.  ethical instruction should also be an element.  professional codes of conduct and ethical standards  should be addressed. compliance efforts should include  those efforts to conform to laws, regulations, and  standards, and to include breach notification  requirements by state, national, and international  governing authorities. examples of international laws  and standards include gdpr and iso/iec 27000 et al.  national laws of importance for u.s. organizations  include hipaa, sarbanes-oxley, glba, etc. ",standards,"7,8 ",0,0,0,0,0,0,1,1,
1174,"laws, regulations, standards as well as ethical values are  derived from the social context and how organizations  meet requirements to comply with them. this topic includes how laws and technology intersect in  the context of the judicial structures that are present – international, national and local – as organizations  safeguard information systems from cyberattacks.  ethical instruction should also be an element.  professional codes of conduct and ethical standards  should be addressed. compliance efforts should include  those efforts to conform to laws, regulations, and  standards, and to include breach notification  requirements by state, national, and international  governing authorities. examples of international laws  and standards include gdpr and iso/iec 27000 et al.  national laws of importance for u.s. organizations  include hipaa, sarbanes-oxley, glba, etc. ",social context,"7,8 ",0,0,0,0,0,0,1,1,
1175,"laws, regulations, standards as well as ethical values are  derived from the social context and how organizations  meet requirements to comply with them. this topic includes how laws and technology intersect in  the context of the judicial structures that are present – international, national and local – as organizations  safeguard information systems from cyberattacks.  ethical instruction should also be an element.  professional codes of conduct and ethical standards  should be addressed. compliance efforts should include  those efforts to conform to laws, regulations, and  standards, and to include breach notification  requirements by state, national, and international  governing authorities. examples of international laws  and standards include gdpr and iso/iec 27000 et al.  national laws of importance for u.s. organizations  include hipaa, sarbanes-oxley, glba, etc. ","judicial structures (international, national, local)","7,8 ",0,0,0,0,0,0,1,1,
1176,"laws, regulations, standards as well as ethical values are  derived from the social context and how organizations  meet requirements to comply with them. this topic includes how laws and technology intersect in  the context of the judicial structures that are present – international, national and local – as organizations  safeguard information systems from cyberattacks.  ethical instruction should also be an element.  professional codes of conduct and ethical standards  should be addressed. compliance efforts should include  those efforts to conform to laws, regulations, and  standards, and to include breach notification  requirements by state, national, and international  governing authorities. examples of international laws  and standards include gdpr and iso/iec 27000 et al.  national laws of importance for u.s. organizations  include hipaa, sarbanes-oxley, glba, etc. ",cybersecurity and information systems protection,"7,8 ",0,0,0,0,0,0,1,1,
1177,"laws, regulations, standards as well as ethical values are  derived from the social context and how organizations  meet requirements to comply with them. this topic includes how laws and technology intersect in  the context of the judicial structures that are present – international, national and local – as organizations  safeguard information systems from cyberattacks.  ethical instruction should also be an element.  professional codes of conduct and ethical standards  should be addressed. compliance efforts should include  those efforts to conform to laws, regulations, and  standards, and to include breach notification  requirements by state, national, and international  governing authorities. examples of international laws  and standards include gdpr and iso/iec 27000 et al.  national laws of importance for u.s. organizations  include hipaa, sarbanes-oxley, glba, etc. ",ethical instruction,"7,8 ",0,0,0,0,0,0,1,1,
1178,"laws, regulations, standards as well as ethical values are  derived from the social context and how organizations  meet requirements to comply with them. this topic includes how laws and technology intersect in  the context of the judicial structures that are present – international, national and local – as organizations  safeguard information systems from cyberattacks.  ethical instruction should also be an element.  professional codes of conduct and ethical standards  should be addressed. compliance efforts should include  those efforts to conform to laws, regulations, and  standards, and to include breach notification  requirements by state, national, and international  governing authorities. examples of international laws  and standards include gdpr and iso/iec 27000 et al.  national laws of importance for u.s. organizations  include hipaa, sarbanes-oxley, glba, etc. ",professional codes of conduct,"7,8 ",0,0,0,0,0,0,1,1,
1179,"laws, regulations, standards as well as ethical values are  derived from the social context and how organizations  meet requirements to comply with them. this topic includes how laws and technology intersect in  the context of the judicial structures that are present – international, national and local – as organizations  safeguard information systems from cyberattacks.  ethical instruction should also be an element.  professional codes of conduct and ethical standards  should be addressed. compliance efforts should include  those efforts to conform to laws, regulations, and  standards, and to include breach notification  requirements by state, national, and international  governing authorities. examples of international laws  and standards include gdpr and iso/iec 27000 et al.  national laws of importance for u.s. organizations  include hipaa, sarbanes-oxley, glba, etc. ",breach notification requirements,"7,8 ",0,0,0,0,0,0,1,1,
1180,"laws, regulations, standards as well as ethical values are  derived from the social context and how organizations  meet requirements to comply with them. this topic includes how laws and technology intersect in  the context of the judicial structures that are present – international, national and local – as organizations  safeguard information systems from cyberattacks.  ethical instruction should also be an element.  professional codes of conduct and ethical standards  should be addressed. compliance efforts should include  those efforts to conform to laws, regulations, and  standards, and to include breach notification  requirements by state, national, and international  governing authorities. examples of international laws  and standards include gdpr and iso/iec 27000 et al.  national laws of importance for u.s. organizations  include hipaa, sarbanes-oxley, glba, etc. ","international laws and standards (e.g., gdpr, iso iec 27000)","7,8 ",0,0,0,0,0,0,1,1,
1181,"laws, regulations, standards as well as ethical values are  derived from the social context and how organizations  meet requirements to comply with them. this topic includes how laws and technology intersect in  the context of the judicial structures that are present – international, national and local – as organizations  safeguard information systems from cyberattacks.  ethical instruction should also be an element.  professional codes of conduct and ethical standards  should be addressed. compliance efforts should include  those efforts to conform to laws, regulations, and  standards, and to include breach notification  requirements by state, national, and international  governing authorities. examples of international laws  and standards include gdpr and iso/iec 27000 et al.  national laws of importance for u.s. organizations  include hipaa, sarbanes-oxley, glba, etc. ","national laws (e.g., hipaa, sarbanes oxley, glba)","7,8 ",0,0,0,0,0,0,1,1,
1182,"the principles of corporate governance are applicable to  the information security function. governance is the  responsibility of the senior management of an  organization to assure the effective implementation of  strategic planning, risk management, and regulatory  compliance usually by means of comprehensive  managerial policy, plans, programs, and budgetary  controls to secure the information of the organization. this topic should frame the implementation of security  governance and policy within global, national, and local  laws, regulations and standards, and programs of  instruction should seek to convey the concepts with  clarity and sound examples. ",principles of corporate governance in information security,7,0,0,0,0,0,0,1,0,
1183,"the principles of corporate governance are applicable to  the information security function. governance is the  responsibility of the senior management of an  organization to assure the effective implementation of  strategic planning, risk management, and regulatory  compliance usually by means of comprehensive  managerial policy, plans, programs, and budgetary  controls to secure the information of the organization. this topic should frame the implementation of security  governance and policy within global, national, and local  laws, regulations and standards, and programs of  instruction should seek to convey the concepts with  clarity and sound examples. ",senior management's responsibility in security governance,7,0,0,0,0,0,0,1,0,
1184,"the principles of corporate governance are applicable to  the information security function. governance is the  responsibility of the senior management of an  organization to assure the effective implementation of  strategic planning, risk management, and regulatory  compliance usually by means of comprehensive  managerial policy, plans, programs, and budgetary  controls to secure the information of the organization. this topic should frame the implementation of security  governance and policy within global, national, and local  laws, regulations and standards, and programs of  instruction should seek to convey the concepts with  clarity and sound examples. ","effective implementation of strategic planning, risk management, and regulatory compliance",7,0,0,0,0,0,0,1,0,
1185,"the principles of corporate governance are applicable to  the information security function. governance is the  responsibility of the senior management of an  organization to assure the effective implementation of  strategic planning, risk management, and regulatory  compliance usually by means of comprehensive  managerial policy, plans, programs, and budgetary  controls to secure the information of the organization. this topic should frame the implementation of security  governance and policy within global, national, and local  laws, regulations and standards, and programs of  instruction should seek to convey the concepts with  clarity and sound examples. ","comprehensive managerial policy, plans, programs, and budgetary controls for information security",7,0,0,0,0,0,0,1,0,
1186,"the principles of corporate governance are applicable to  the information security function. governance is the  responsibility of the senior management of an  organization to assure the effective implementation of  strategic planning, risk management, and regulatory  compliance usually by means of comprehensive  managerial policy, plans, programs, and budgetary  controls to secure the information of the organization. this topic should frame the implementation of security  governance and policy within global, national, and local  laws, regulations and standards, and programs of  instruction should seek to convey the concepts with  clarity and sound examples. ","implementation of security governance and policy within global laws, regulations, and standards",7,0,0,0,0,0,0,1,0,
1187,"the principles of corporate governance are applicable to  the information security function. governance is the  responsibility of the senior management of an  organization to assure the effective implementation of  strategic planning, risk management, and regulatory  compliance usually by means of comprehensive  managerial policy, plans, programs, and budgetary  controls to secure the information of the organization. this topic should frame the implementation of security  governance and policy within global, national, and local  laws, regulations and standards, and programs of  instruction should seek to convey the concepts with  clarity and sound examples. ","implementation of security governance and policy within national laws, regulations, and standards",7,0,0,0,0,0,0,1,0,
1188,"the principles of corporate governance are applicable to  the information security function. governance is the  responsibility of the senior management of an  organization to assure the effective implementation of  strategic planning, risk management, and regulatory  compliance usually by means of comprehensive  managerial policy, plans, programs, and budgetary  controls to secure the information of the organization. this topic should frame the implementation of security  governance and policy within global, national, and local  laws, regulations and standards, and programs of  instruction should seek to convey the concepts with  clarity and sound examples. ","implementation of security governance and policy within local laws, regulations, and standards",7,0,0,0,0,0,0,1,0,
1189,"the principles of corporate governance are applicable to  the information security function. governance is the  responsibility of the senior management of an  organization to assure the effective implementation of  strategic planning, risk management, and regulatory  compliance usually by means of comprehensive  managerial policy, plans, programs, and budgetary  controls to secure the information of the organization. this topic should frame the implementation of security  governance and policy within global, national, and local  laws, regulations and standards, and programs of  instruction should seek to convey the concepts with  clarity and sound examples. ",programs of instruction for security governance concepts,7,0,0,0,0,0,0,1,0,
1190,delivering information to executives and external  decision makers is a critical skill for information security  leaders. this topic includes communication skills that are taught  and practiced with rehearsals that include critical  analysis and meaningful feedback. ,delivering information to executives,7,0,0,0,0,0,0,1,0,
1191,delivering information to executives and external  decision makers is a critical skill for information security  leaders. this topic includes communication skills that are taught  and practiced with rehearsals that include critical  analysis and meaningful feedback. ,delivering information to external decision makers,7,0,0,0,0,0,0,1,0,
1192,delivering information to executives and external  decision makers is a critical skill for information security  leaders. this topic includes communication skills that are taught  and practiced with rehearsals that include critical  analysis and meaningful feedback. ,critical analysis in communication,7,0,0,0,0,0,0,1,0,
1193,delivering information to executives and external  decision makers is a critical skill for information security  leaders. this topic includes communication skills that are taught  and practiced with rehearsals that include critical  analysis and meaningful feedback. ,meaningful feedback in rehearsals,7,0,0,0,0,0,0,1,0,
1194,delivering information to executives and external  decision makers is a critical skill for information security  leaders. this topic includes communication skills that are taught  and practiced with rehearsals that include critical  analysis and meaningful feedback. ,communication skills for information security leaders,7,0,0,0,0,0,0,1,0,
1195,"organizational guidelines that dictate certain behavior  within an organization. this topic content should seeks to convey the concepts  with clarity and sound examples including security  program policy, issue-specific policy and system-specific policy as per nist sp 800-12 rev 1. this  should also cover an understanding of the security policy  development cycle, from initial research to  implementation and maintenance, as well as giving  exposure to real-world examples of security policies and  practices ",organizational guidelines,7,0,0,0,0,0,0,1,0,
1196,"organizational guidelines that dictate certain behavior  within an organization. this topic content should seeks to convey the concepts  with clarity and sound examples including security  program policy, issue-specific policy and system-specific policy as per nist sp 800-12 rev 1. this  should also cover an understanding of the security policy  development cycle, from initial research to  implementation and maintenance, as well as giving  exposure to real-world examples of security policies and  practices ",security program policy,7,0,0,0,0,0,0,1,0,
1197,"organizational guidelines that dictate certain behavior  within an organization. this topic content should seeks to convey the concepts  with clarity and sound examples including security  program policy, issue-specific policy and system-specific policy as per nist sp 800-12 rev 1. this  should also cover an understanding of the security policy  development cycle, from initial research to  implementation and maintenance, as well as giving  exposure to real-world examples of security policies and  practices ",issue specific policy,7,0,0,0,0,0,0,1,0,
1198,"organizational guidelines that dictate certain behavior  within an organization. this topic content should seeks to convey the concepts  with clarity and sound examples including security  program policy, issue-specific policy and system-specific policy as per nist sp 800-12 rev 1. this  should also cover an understanding of the security policy  development cycle, from initial research to  implementation and maintenance, as well as giving  exposure to real-world examples of security policies and  practices ",system specific policy,7,0,0,0,0,0,0,1,0,
1199,"organizational guidelines that dictate certain behavior  within an organization. this topic content should seeks to convey the concepts  with clarity and sound examples including security  program policy, issue-specific policy and system-specific policy as per nist sp 800-12 rev 1. this  should also cover an understanding of the security policy  development cycle, from initial research to  implementation and maintenance, as well as giving  exposure to real-world examples of security policies and  practices ",nist sp 800 12 rev 1,7,0,0,0,0,0,0,1,0,
1200,"organizational guidelines that dictate certain behavior  within an organization. this topic content should seeks to convey the concepts  with clarity and sound examples including security  program policy, issue-specific policy and system-specific policy as per nist sp 800-12 rev 1. this  should also cover an understanding of the security policy  development cycle, from initial research to  implementation and maintenance, as well as giving  exposure to real-world examples of security policies and  practices ",security policy development cycle,7,0,0,0,0,0,0,1,0,
1201,"organizational guidelines that dictate certain behavior  within an organization. this topic content should seeks to convey the concepts  with clarity and sound examples including security  program policy, issue-specific policy and system-specific policy as per nist sp 800-12 rev 1. this  should also cover an understanding of the security policy  development cycle, from initial research to  implementation and maintenance, as well as giving  exposure to real-world examples of security policies and  practices ",initial research,7,0,0,0,0,0,0,1,0,
1202,"organizational guidelines that dictate certain behavior  within an organization. this topic content should seeks to convey the concepts  with clarity and sound examples including security  program policy, issue-specific policy and system-specific policy as per nist sp 800-12 rev 1. this  should also cover an understanding of the security policy  development cycle, from initial research to  implementation and maintenance, as well as giving  exposure to real-world examples of security policies and  practices ",implementation,7,0,0,0,0,0,0,1,0,
1203,"organizational guidelines that dictate certain behavior  within an organization. this topic content should seeks to convey the concepts  with clarity and sound examples including security  program policy, issue-specific policy and system-specific policy as per nist sp 800-12 rev 1. this  should also cover an understanding of the security policy  development cycle, from initial research to  implementation and maintenance, as well as giving  exposure to real-world examples of security policies and  practices ",maintenance,7,0,0,0,0,0,0,1,0,
1204,"organizational guidelines that dictate certain behavior  within an organization. this topic content should seeks to convey the concepts  with clarity and sound examples including security  program policy, issue-specific policy and system-specific policy as per nist sp 800-12 rev 1. this  should also cover an understanding of the security policy  development cycle, from initial research to  implementation and maintenance, as well as giving  exposure to real-world examples of security policies and  practices ",real world examples of security policies,7,0,0,0,0,0,0,1,0,
1205,"organizational guidelines that dictate certain behavior  within an organization. this topic content should seeks to convey the concepts  with clarity and sound examples including security  program policy, issue-specific policy and system-specific policy as per nist sp 800-12 rev 1. this  should also cover an understanding of the security policy  development cycle, from initial research to  implementation and maintenance, as well as giving  exposure to real-world examples of security policies and  practices ",real world examples of practices,7,0,0,0,0,0,0,1,0,
1206,"this knowledge unit is a set of techniques using data  analytics to recognize, block, divert, and respond to  cyberattacks. monitoring real-time network activities  enables agile decision making, detection of suspected  malicious activities, utilization of real-time visualization  dashboard and employment of a set of hardware and  software to manage such detected suspicious activities. ",techniques for recognizing cyberattacks,7,0,0,0,0,0,0,1,0,
1207,"this knowledge unit is a set of techniques using data  analytics to recognize, block, divert, and respond to  cyberattacks. monitoring real-time network activities  enables agile decision making, detection of suspected  malicious activities, utilization of real-time visualization  dashboard and employment of a set of hardware and  software to manage such detected suspicious activities. ",blocking cyberattacks,7,0,0,0,0,0,0,1,0,
1208,"this knowledge unit is a set of techniques using data  analytics to recognize, block, divert, and respond to  cyberattacks. monitoring real-time network activities  enables agile decision making, detection of suspected  malicious activities, utilization of real-time visualization  dashboard and employment of a set of hardware and  software to manage such detected suspicious activities. ",diverting cyberattacks,7,0,0,0,0,0,0,1,0,
1209,"this knowledge unit is a set of techniques using data  analytics to recognize, block, divert, and respond to  cyberattacks. monitoring real-time network activities  enables agile decision making, detection of suspected  malicious activities, utilization of real-time visualization  dashboard and employment of a set of hardware and  software to manage such detected suspicious activities. ",responding to cyberattacks,7,0,0,0,0,0,0,1,0,
1210,"this knowledge unit is a set of techniques using data  analytics to recognize, block, divert, and respond to  cyberattacks. monitoring real-time network activities  enables agile decision making, detection of suspected  malicious activities, utilization of real-time visualization  dashboard and employment of a set of hardware and  software to manage such detected suspicious activities. ",monitoring real time network activities,7,0,0,0,0,0,0,1,0,
1211,"this knowledge unit is a set of techniques using data  analytics to recognize, block, divert, and respond to  cyberattacks. monitoring real-time network activities  enables agile decision making, detection of suspected  malicious activities, utilization of real-time visualization  dashboard and employment of a set of hardware and  software to manage such detected suspicious activities. ",agile decision making,7,0,0,0,0,0,0,1,0,
1212,"this knowledge unit is a set of techniques using data  analytics to recognize, block, divert, and respond to  cyberattacks. monitoring real-time network activities  enables agile decision making, detection of suspected  malicious activities, utilization of real-time visualization  dashboard and employment of a set of hardware and  software to manage such detected suspicious activities. ",detection of suspected malicious activities,7,0,0,0,0,0,0,1,0,
1213,"this knowledge unit is a set of techniques using data  analytics to recognize, block, divert, and respond to  cyberattacks. monitoring real-time network activities  enables agile decision making, detection of suspected  malicious activities, utilization of real-time visualization  dashboard and employment of a set of hardware and  software to manage such detected suspicious activities. ",real time visualization dashboard,7,0,0,0,0,0,0,1,0,
1214,"this knowledge unit is a set of techniques using data  analytics to recognize, block, divert, and respond to  cyberattacks. monitoring real-time network activities  enables agile decision making, detection of suspected  malicious activities, utilization of real-time visualization  dashboard and employment of a set of hardware and  software to manage such detected suspicious activities. ",hardware management for detected suspicious activities,7,0,0,0,0,0,0,1,0,
1215,"this knowledge unit is a set of techniques using data  analytics to recognize, block, divert, and respond to  cyberattacks. monitoring real-time network activities  enables agile decision making, detection of suspected  malicious activities, utilization of real-time visualization  dashboard and employment of a set of hardware and  software to manage such detected suspicious activities. ",software management for detected suspicious activities,7,0,0,0,0,0,0,1,0,
1216,"a process of designing, implementing, and managing the  use of specific measurements to determine the  effectiveness of the overall security program. built on  metrics, a term used to describe any detailed statistical  analysis technique on performance, but now commonly  synonymous with performance measurement. curricular content should include approaches and  techniques to define and evaluate the utility of  performance measurements should be explained to  students. ",designing performance metrics,7,0,0,0,0,0,0,1,0,
1217,"a process of designing, implementing, and managing the  use of specific measurements to determine the  effectiveness of the overall security program. built on  metrics, a term used to describe any detailed statistical  analysis technique on performance, but now commonly  synonymous with performance measurement. curricular content should include approaches and  techniques to define and evaluate the utility of  performance measurements should be explained to  students. ",implementing performance metrics,7,0,0,0,0,0,0,1,0,
1218,"a process of designing, implementing, and managing the  use of specific measurements to determine the  effectiveness of the overall security program. built on  metrics, a term used to describe any detailed statistical  analysis technique on performance, but now commonly  synonymous with performance measurement. curricular content should include approaches and  techniques to define and evaluate the utility of  performance measurements should be explained to  students. ",managing performance metrics,7,0,0,0,0,0,0,1,0,
1219,"a process of designing, implementing, and managing the  use of specific measurements to determine the  effectiveness of the overall security program. built on  metrics, a term used to describe any detailed statistical  analysis technique on performance, but now commonly  synonymous with performance measurement. curricular content should include approaches and  techniques to define and evaluate the utility of  performance measurements should be explained to  students. ",statistical analysis techniques,7,0,0,0,0,0,0,1,0,
1220,"a process of designing, implementing, and managing the  use of specific measurements to determine the  effectiveness of the overall security program. built on  metrics, a term used to describe any detailed statistical  analysis technique on performance, but now commonly  synonymous with performance measurement. curricular content should include approaches and  techniques to define and evaluate the utility of  performance measurements should be explained to  students. ",defining performance measurements,7,0,0,0,0,0,0,1,0,
1221,"a process of designing, implementing, and managing the  use of specific measurements to determine the  effectiveness of the overall security program. built on  metrics, a term used to describe any detailed statistical  analysis technique on performance, but now commonly  synonymous with performance measurement. curricular content should include approaches and  techniques to define and evaluate the utility of  performance measurements should be explained to  students. ",evaluating utility of performance measurements,7,0,0,0,0,0,0,1,0,
1222,"data analytics is a set of techniques used to manipulate  (often) large volumes of data to recognize, block, divert,  and respond to cyberattacks. monitoring real-time  network activities enables agile decision making,  detection of suspected malicious activities, utilization of  a real-time visualization dashboard, and employment of  a set of hardware and software to manage such detected  suspicious activities. this topic includes definitions; the differences between  security control and security analytic software and tools;  the type and classifications of analytic tools and  techniques (with examples such as opensoc); collect,  filter, integrate and link diverse types of security event  information; how security analytics tools work; the  relationship between analytic software and tools and  forensics; differences between forensic tools and  analytic tool; network forensics (to include packet  analysis, tools, windows, linux, unix, mobile);  differences between cyber forensics (social media for  example) and network forensics ",definitions,7,0,0,0,0,0,0,1,0,
1223,"data analytics is a set of techniques used to manipulate  (often) large volumes of data to recognize, block, divert,  and respond to cyberattacks. monitoring real-time  network activities enables agile decision making,  detection of suspected malicious activities, utilization of  a real-time visualization dashboard, and employment of  a set of hardware and software to manage such detected  suspicious activities. this topic includes definitions; the differences between  security control and security analytic software and tools;  the type and classifications of analytic tools and  techniques (with examples such as opensoc); collect,  filter, integrate and link diverse types of security event  information; how security analytics tools work; the  relationship between analytic software and tools and  forensics; differences between forensic tools and  analytic tool; network forensics (to include packet  analysis, tools, windows, linux, unix, mobile);  differences between cyber forensics (social media for  example) and network forensics ",differences between security control and security analytic software and tools,7,0,0,0,0,0,0,1,0,
1224,"data analytics is a set of techniques used to manipulate  (often) large volumes of data to recognize, block, divert,  and respond to cyberattacks. monitoring real-time  network activities enables agile decision making,  detection of suspected malicious activities, utilization of  a real-time visualization dashboard, and employment of  a set of hardware and software to manage such detected  suspicious activities. this topic includes definitions; the differences between  security control and security analytic software and tools;  the type and classifications of analytic tools and  techniques (with examples such as opensoc); collect,  filter, integrate and link diverse types of security event  information; how security analytics tools work; the  relationship between analytic software and tools and  forensics; differences between forensic tools and  analytic tool; network forensics (to include packet  analysis, tools, windows, linux, unix, mobile);  differences between cyber forensics (social media for  example) and network forensics ","type and classifications of analytic tools and techniques (e.g., opensoc)",7,0,0,0,0,0,0,1,0,
1225,"data analytics is a set of techniques used to manipulate  (often) large volumes of data to recognize, block, divert,  and respond to cyberattacks. monitoring real-time  network activities enables agile decision making,  detection of suspected malicious activities, utilization of  a real-time visualization dashboard, and employment of  a set of hardware and software to manage such detected  suspicious activities. this topic includes definitions; the differences between  security control and security analytic software and tools;  the type and classifications of analytic tools and  techniques (with examples such as opensoc); collect,  filter, integrate and link diverse types of security event  information; how security analytics tools work; the  relationship between analytic software and tools and  forensics; differences between forensic tools and  analytic tool; network forensics (to include packet  analysis, tools, windows, linux, unix, mobile);  differences between cyber forensics (social media for  example) and network forensics ","collecting, filtering, integrating, and linking diverse types of security event information",7,0,0,0,0,0,0,1,0,
1226,"data analytics is a set of techniques used to manipulate  (often) large volumes of data to recognize, block, divert,  and respond to cyberattacks. monitoring real-time  network activities enables agile decision making,  detection of suspected malicious activities, utilization of  a real-time visualization dashboard, and employment of  a set of hardware and software to manage such detected  suspicious activities. this topic includes definitions; the differences between  security control and security analytic software and tools;  the type and classifications of analytic tools and  techniques (with examples such as opensoc); collect,  filter, integrate and link diverse types of security event  information; how security analytics tools work; the  relationship between analytic software and tools and  forensics; differences between forensic tools and  analytic tool; network forensics (to include packet  analysis, tools, windows, linux, unix, mobile);  differences between cyber forensics (social media for  example) and network forensics ",how security analytics tools work,7,0,0,0,0,0,0,1,0,
1227,"data analytics is a set of techniques used to manipulate  (often) large volumes of data to recognize, block, divert,  and respond to cyberattacks. monitoring real-time  network activities enables agile decision making,  detection of suspected malicious activities, utilization of  a real-time visualization dashboard, and employment of  a set of hardware and software to manage such detected  suspicious activities. this topic includes definitions; the differences between  security control and security analytic software and tools;  the type and classifications of analytic tools and  techniques (with examples such as opensoc); collect,  filter, integrate and link diverse types of security event  information; how security analytics tools work; the  relationship between analytic software and tools and  forensics; differences between forensic tools and  analytic tool; network forensics (to include packet  analysis, tools, windows, linux, unix, mobile);  differences between cyber forensics (social media for  example) and network forensics ",relationship between analytic software and tools and forensics,7,0,0,0,0,0,0,1,0,
1228,"data analytics is a set of techniques used to manipulate  (often) large volumes of data to recognize, block, divert,  and respond to cyberattacks. monitoring real-time  network activities enables agile decision making,  detection of suspected malicious activities, utilization of  a real-time visualization dashboard, and employment of  a set of hardware and software to manage such detected  suspicious activities. this topic includes definitions; the differences between  security control and security analytic software and tools;  the type and classifications of analytic tools and  techniques (with examples such as opensoc); collect,  filter, integrate and link diverse types of security event  information; how security analytics tools work; the  relationship between analytic software and tools and  forensics; differences between forensic tools and  analytic tool; network forensics (to include packet  analysis, tools, windows, linux, unix, mobile);  differences between cyber forensics (social media for  example) and network forensics ",differences between forensic tools and analytic tools,7,0,0,0,0,0,0,1,0,
1229,"data analytics is a set of techniques used to manipulate  (often) large volumes of data to recognize, block, divert,  and respond to cyberattacks. monitoring real-time  network activities enables agile decision making,  detection of suspected malicious activities, utilization of  a real-time visualization dashboard, and employment of  a set of hardware and software to manage such detected  suspicious activities. this topic includes definitions; the differences between  security control and security analytic software and tools;  the type and classifications of analytic tools and  techniques (with examples such as opensoc); collect,  filter, integrate and link diverse types of security event  information; how security analytics tools work; the  relationship between analytic software and tools and  forensics; differences between forensic tools and  analytic tool; network forensics (to include packet  analysis, tools, windows, linux, unix, mobile);  differences between cyber forensics (social media for  example) and network forensics ","network forensics (including packet analysis, tools, windows, linux, unix, mobile)",7,0,0,0,0,0,0,1,0,
1230,"data analytics is a set of techniques used to manipulate  (often) large volumes of data to recognize, block, divert,  and respond to cyberattacks. monitoring real-time  network activities enables agile decision making,  detection of suspected malicious activities, utilization of  a real-time visualization dashboard, and employment of  a set of hardware and software to manage such detected  suspicious activities. this topic includes definitions; the differences between  security control and security analytic software and tools;  the type and classifications of analytic tools and  techniques (with examples such as opensoc); collect,  filter, integrate and link diverse types of security event  information; how security analytics tools work; the  relationship between analytic software and tools and  forensics; differences between forensic tools and  analytic tool; network forensics (to include packet  analysis, tools, windows, linux, unix, mobile);  differences between cyber forensics (social media for  example) and network forensics ","differences between cyber forensics (e.g., social media) and network forensics",7,0,0,0,0,0,0,1,0,
1231,"collection, analysis, and dissemination of security information including but not limited to threats and  adversary capabilities. in this topic, tools and techniques should be explored to  include data collection and aggregation, data mining,  data analytics, statistical analysis. examples of sources  for security intelligence include siem for internal data,  and public and private intelligence services for external  data. dissemination includes an understanding of the  information sharing and analysis center approach as  well organizations like infragard ",collection methods,7,0,0,0,0,0,0,1,0,
1232,"collection, analysis, and dissemination of security information including but not limited to threats and  adversary capabilities. in this topic, tools and techniques should be explored to  include data collection and aggregation, data mining,  data analytics, statistical analysis. examples of sources  for security intelligence include siem for internal data,  and public and private intelligence services for external  data. dissemination includes an understanding of the  information sharing and analysis center approach as  well organizations like infragard ",data mining techniques,7,0,0,0,0,0,0,1,0,
1233,"collection, analysis, and dissemination of security information including but not limited to threats and  adversary capabilities. in this topic, tools and techniques should be explored to  include data collection and aggregation, data mining,  data analytics, statistical analysis. examples of sources  for security intelligence include siem for internal data,  and public and private intelligence services for external  data. dissemination includes an understanding of the  information sharing and analysis center approach as  well organizations like infragard ",data analytics approaches,7,0,0,0,0,0,0,1,0,
1234,"collection, analysis, and dissemination of security information including but not limited to threats and  adversary capabilities. in this topic, tools and techniques should be explored to  include data collection and aggregation, data mining,  data analytics, statistical analysis. examples of sources  for security intelligence include siem for internal data,  and public and private intelligence services for external  data. dissemination includes an understanding of the  information sharing and analysis center approach as  well organizations like infragard ",statistical analysis methods,7,0,0,0,0,0,0,1,0,
1235,"collection, analysis, and dissemination of security information including but not limited to threats and  adversary capabilities. in this topic, tools and techniques should be explored to  include data collection and aggregation, data mining,  data analytics, statistical analysis. examples of sources  for security intelligence include siem for internal data,  and public and private intelligence services for external  data. dissemination includes an understanding of the  information sharing and analysis center approach as  well organizations like infragard ",siem usage for internal data,7,0,0,0,0,0,0,1,0,
1236,"collection, analysis, and dissemination of security information including but not limited to threats and  adversary capabilities. in this topic, tools and techniques should be explored to  include data collection and aggregation, data mining,  data analytics, statistical analysis. examples of sources  for security intelligence include siem for internal data,  and public and private intelligence services for external  data. dissemination includes an understanding of the  information sharing and analysis center approach as  well organizations like infragard ",public and private intelligence services,7,0,0,0,0,0,0,1,0,
1237,"collection, analysis, and dissemination of security information including but not limited to threats and  adversary capabilities. in this topic, tools and techniques should be explored to  include data collection and aggregation, data mining,  data analytics, statistical analysis. examples of sources  for security intelligence include siem for internal data,  and public and private intelligence services for external  data. dissemination includes an understanding of the  information sharing and analysis center approach as  well organizations like infragard ",information sharing and analysis center (isac),7,0,0,0,0,0,0,1,0,
1238,"collection, analysis, and dissemination of security information including but not limited to threats and  adversary capabilities. in this topic, tools and techniques should be explored to  include data collection and aggregation, data mining,  data analytics, statistical analysis. examples of sources  for security intelligence include siem for internal data,  and public and private intelligence services for external  data. dissemination includes an understanding of the  information sharing and analysis center approach as  well organizations like infragard ",organizations like infragard,7,0,0,0,0,0,0,1,0,
1239,"collection, analysis, and dissemination of security information including but not limited to threats and  adversary capabilities. in this topic, tools and techniques should be explored to  include data collection and aggregation, data mining,  data analytics, statistical analysis. examples of sources  for security intelligence include siem for internal data,  and public and private intelligence services for external  data. dissemination includes an understanding of the  information sharing and analysis center approach as  well organizations like infragard ",tools and technologies for data aggregation,7,0,0,0,0,0,0,1,0,
1240,"system administration works behind the scenes to  configure, operate, maintain, and troubleshoot the  technical system infrastructure that supports much of  modern life. prerequisite knowledge: basic understanding of  computer systems (windows/linux), networks (osi  model), software, and database (oracle/sql). ",configure technical system infrastructure,7,0,0,0,0,0,0,1,0,
1241,"system administration works behind the scenes to  configure, operate, maintain, and troubleshoot the  technical system infrastructure that supports much of  modern life. prerequisite knowledge: basic understanding of  computer systems (windows/linux), networks (osi  model), software, and database (oracle/sql). ",operate technical system infrastructure,7,0,0,0,0,0,0,1,0,
1242,"system administration works behind the scenes to  configure, operate, maintain, and troubleshoot the  technical system infrastructure that supports much of  modern life. prerequisite knowledge: basic understanding of  computer systems (windows/linux), networks (osi  model), software, and database (oracle/sql). ",maintain technical system infrastructure,7,0,0,0,0,0,0,1,0,
1243,"system administration works behind the scenes to  configure, operate, maintain, and troubleshoot the  technical system infrastructure that supports much of  modern life. prerequisite knowledge: basic understanding of  computer systems (windows/linux), networks (osi  model), software, and database (oracle/sql). ",troubleshoot technical system infrastructure,7,0,0,0,0,0,0,1,0,
1244,"system administration works behind the scenes to  configure, operate, maintain, and troubleshoot the  technical system infrastructure that supports much of  modern life. prerequisite knowledge: basic understanding of  computer systems (windows/linux), networks (osi  model), software, and database (oracle/sql). ",basic understanding of computer systems (windows linux),7,0,0,0,0,0,0,1,0,
1245,"system administration works behind the scenes to  configure, operate, maintain, and troubleshoot the  technical system infrastructure that supports much of  modern life. prerequisite knowledge: basic understanding of  computer systems (windows/linux), networks (osi  model), software, and database (oracle/sql). ",basic understanding of networks (osi model),7,0,0,0,0,0,0,1,0,
1246,"system administration works behind the scenes to  configure, operate, maintain, and troubleshoot the  technical system infrastructure that supports much of  modern life. prerequisite knowledge: basic understanding of  computer systems (windows/linux), networks (osi  model), software, and database (oracle/sql). ",basic understanding of software,7,0,0,0,0,0,0,1,0,
1247,"system administration works behind the scenes to  configure, operate, maintain, and troubleshoot the  technical system infrastructure that supports much of  modern life. prerequisite knowledge: basic understanding of  computer systems (windows/linux), networks (osi  model), software, and database (oracle/sql). ",basic understanding of databases (oracle sql),7,0,0,0,0,0,0,1,0,
1248,"this topic covers the upkeep, reliable operation,  configuration, and troubleshooting of technical systems,  especially multi-user systems and servers. this topic includes but not be limited to account  management, disk administrations, system process  administration, system task automation, performance  monitoring, optimization, administration of tools for  security and backup of disks and process. ",account management,7,0,0,0,0,0,0,1,0,
1249,"this topic covers the upkeep, reliable operation,  configuration, and troubleshooting of technical systems,  especially multi-user systems and servers. this topic includes but not be limited to account  management, disk administrations, system process  administration, system task automation, performance  monitoring, optimization, administration of tools for  security and backup of disks and process. ",disk administration,7,0,0,0,0,0,0,1,0,
1250,"this topic covers the upkeep, reliable operation,  configuration, and troubleshooting of technical systems,  especially multi-user systems and servers. this topic includes but not be limited to account  management, disk administrations, system process  administration, system task automation, performance  monitoring, optimization, administration of tools for  security and backup of disks and process. ",system process administration,7,0,0,0,0,0,0,1,0,
1251,"this topic covers the upkeep, reliable operation,  configuration, and troubleshooting of technical systems,  especially multi-user systems and servers. this topic includes but not be limited to account  management, disk administrations, system process  administration, system task automation, performance  monitoring, optimization, administration of tools for  security and backup of disks and process. ",system task automation,7,0,0,0,0,0,0,1,0,
1252,"this topic covers the upkeep, reliable operation,  configuration, and troubleshooting of technical systems,  especially multi-user systems and servers. this topic includes but not be limited to account  management, disk administrations, system process  administration, system task automation, performance  monitoring, optimization, administration of tools for  security and backup of disks and process. ",performance monitoring,7,0,0,0,0,0,0,1,0,
1253,"this topic covers the upkeep, reliable operation,  configuration, and troubleshooting of technical systems,  especially multi-user systems and servers. this topic includes but not be limited to account  management, disk administrations, system process  administration, system task automation, performance  monitoring, optimization, administration of tools for  security and backup of disks and process. ",optimization,7,0,0,0,0,0,0,1,0,
1254,"this topic covers the upkeep, reliable operation,  configuration, and troubleshooting of technical systems,  especially multi-user systems and servers. this topic includes but not be limited to account  management, disk administrations, system process  administration, system task automation, performance  monitoring, optimization, administration of tools for  security and backup of disks and process. ",administration of security tools,7,0,0,0,0,0,0,1,0,
1255,"this topic covers the upkeep, reliable operation,  configuration, and troubleshooting of technical systems,  especially multi-user systems and servers. this topic includes but not be limited to account  management, disk administrations, system process  administration, system task automation, performance  monitoring, optimization, administration of tools for  security and backup of disks and process. ",backup of disks and processes,7,0,0,0,0,0,0,1,0,
1256,"this topic covers managing and maintaining databases  by utilizing available and applicable management system  software. this topic includes but not be limited to installation and  configuration of database servers, creation and  manipulation of schemas, tables, indexes, views,  constraints, stored procedures, functions, user account  creation and administration, and tools for database  backup and recovery. coverage should include the data  storage technologies in wide use as well as emerging  data management technologies. ",installation and configuration of database servers,7,0,0,0,0,0,0,1,0,
1257,"this topic covers managing and maintaining databases  by utilizing available and applicable management system  software. this topic includes but not be limited to installation and  configuration of database servers, creation and  manipulation of schemas, tables, indexes, views,  constraints, stored procedures, functions, user account  creation and administration, and tools for database  backup and recovery. coverage should include the data  storage technologies in wide use as well as emerging  data management technologies. ",creation and manipulation of schemas,7,0,0,0,0,0,0,1,0,
1258,"this topic covers managing and maintaining databases  by utilizing available and applicable management system  software. this topic includes but not be limited to installation and  configuration of database servers, creation and  manipulation of schemas, tables, indexes, views,  constraints, stored procedures, functions, user account  creation and administration, and tools for database  backup and recovery. coverage should include the data  storage technologies in wide use as well as emerging  data management technologies. ",tables,7,0,0,0,0,0,0,1,0,
1259,"this topic covers managing and maintaining databases  by utilizing available and applicable management system  software. this topic includes but not be limited to installation and  configuration of database servers, creation and  manipulation of schemas, tables, indexes, views,  constraints, stored procedures, functions, user account  creation and administration, and tools for database  backup and recovery. coverage should include the data  storage technologies in wide use as well as emerging  data management technologies. ",indexes,7,0,0,0,0,0,0,1,0,
1260,"this topic covers managing and maintaining databases  by utilizing available and applicable management system  software. this topic includes but not be limited to installation and  configuration of database servers, creation and  manipulation of schemas, tables, indexes, views,  constraints, stored procedures, functions, user account  creation and administration, and tools for database  backup and recovery. coverage should include the data  storage technologies in wide use as well as emerging  data management technologies. ",views,7,0,0,0,0,0,0,1,0,
1261,"this topic covers managing and maintaining databases  by utilizing available and applicable management system  software. this topic includes but not be limited to installation and  configuration of database servers, creation and  manipulation of schemas, tables, indexes, views,  constraints, stored procedures, functions, user account  creation and administration, and tools for database  backup and recovery. coverage should include the data  storage technologies in wide use as well as emerging  data management technologies. ",constraints,7,0,0,0,0,0,0,1,0,
1262,"this topic covers managing and maintaining databases  by utilizing available and applicable management system  software. this topic includes but not be limited to installation and  configuration of database servers, creation and  manipulation of schemas, tables, indexes, views,  constraints, stored procedures, functions, user account  creation and administration, and tools for database  backup and recovery. coverage should include the data  storage technologies in wide use as well as emerging  data management technologies. ",stored procedures,7,0,0,0,0,0,0,1,0,
1263,"this topic covers managing and maintaining databases  by utilizing available and applicable management system  software. this topic includes but not be limited to installation and  configuration of database servers, creation and  manipulation of schemas, tables, indexes, views,  constraints, stored procedures, functions, user account  creation and administration, and tools for database  backup and recovery. coverage should include the data  storage technologies in wide use as well as emerging  data management technologies. ",functions,7,0,0,0,0,0,0,1,0,
1264,"this topic covers managing and maintaining databases  by utilizing available and applicable management system  software. this topic includes but not be limited to installation and  configuration of database servers, creation and  manipulation of schemas, tables, indexes, views,  constraints, stored procedures, functions, user account  creation and administration, and tools for database  backup and recovery. coverage should include the data  storage technologies in wide use as well as emerging  data management technologies. ",user account creation and administration,7,0,0,0,0,0,0,1,0,
1265,"this topic covers managing and maintaining databases  by utilizing available and applicable management system  software. this topic includes but not be limited to installation and  configuration of database servers, creation and  manipulation of schemas, tables, indexes, views,  constraints, stored procedures, functions, user account  creation and administration, and tools for database  backup and recovery. coverage should include the data  storage technologies in wide use as well as emerging  data management technologies. ",tools for database backup and recovery,7,0,0,0,0,0,0,1,0,
1266,"this topic covers managing and maintaining databases  by utilizing available and applicable management system  software. this topic includes but not be limited to installation and  configuration of database servers, creation and  manipulation of schemas, tables, indexes, views,  constraints, stored procedures, functions, user account  creation and administration, and tools for database  backup and recovery. coverage should include the data  storage technologies in wide use as well as emerging  data management technologies. ",data storage technologies in wide use,7,0,0,0,0,0,0,1,0,
1267,"this topic covers managing and maintaining databases  by utilizing available and applicable management system  software. this topic includes but not be limited to installation and  configuration of database servers, creation and  manipulation of schemas, tables, indexes, views,  constraints, stored procedures, functions, user account  creation and administration, and tools for database  backup and recovery. coverage should include the data  storage technologies in wide use as well as emerging  data management technologies. ",emerging data management technologies,7,0,0,0,0,0,0,1,0,
1268,"network administration relates to installation, and  supporting various network system architectures (lans,  wans, mans, intranets, extranets, perimeter networks  [dmzs], etc.), and other data communication systems. this topic includes but is not limited to the osi model,  securing of network traffic, and tools for configuration  of services. ",installation of network systems,7,0,0,0,0,0,0,1,0,
1269,"network administration relates to installation, and  supporting various network system architectures (lans,  wans, mans, intranets, extranets, perimeter networks  [dmzs], etc.), and other data communication systems. this topic includes but is not limited to the osi model,  securing of network traffic, and tools for configuration  of services. ",supporting lans,7,0,0,0,0,0,0,1,0,
1270,"network administration relates to installation, and  supporting various network system architectures (lans,  wans, mans, intranets, extranets, perimeter networks  [dmzs], etc.), and other data communication systems. this topic includes but is not limited to the osi model,  securing of network traffic, and tools for configuration  of services. ",supporting wans,7,0,0,0,0,0,0,1,0,
1271,"network administration relates to installation, and  supporting various network system architectures (lans,  wans, mans, intranets, extranets, perimeter networks  [dmzs], etc.), and other data communication systems. this topic includes but is not limited to the osi model,  securing of network traffic, and tools for configuration  of services. ",supporting mans,7,0,0,0,0,0,0,1,0,
1272,"network administration relates to installation, and  supporting various network system architectures (lans,  wans, mans, intranets, extranets, perimeter networks  [dmzs], etc.), and other data communication systems. this topic includes but is not limited to the osi model,  securing of network traffic, and tools for configuration  of services. ",supporting intranets,7,0,0,0,0,0,0,1,0,
1273,"network administration relates to installation, and  supporting various network system architectures (lans,  wans, mans, intranets, extranets, perimeter networks  [dmzs], etc.), and other data communication systems. this topic includes but is not limited to the osi model,  securing of network traffic, and tools for configuration  of services. ",supporting extranets,7,0,0,0,0,0,0,1,0,
1274,"network administration relates to installation, and  supporting various network system architectures (lans,  wans, mans, intranets, extranets, perimeter networks  [dmzs], etc.), and other data communication systems. this topic includes but is not limited to the osi model,  securing of network traffic, and tools for configuration  of services. ",supporting perimeter networks (dmzs),7,0,0,0,0,0,0,1,0,
1275,"network administration relates to installation, and  supporting various network system architectures (lans,  wans, mans, intranets, extranets, perimeter networks  [dmzs], etc.), and other data communication systems. this topic includes but is not limited to the osi model,  securing of network traffic, and tools for configuration  of services. ",osi model,7,0,0,0,0,0,0,1,0,
1276,"network administration relates to installation, and  supporting various network system architectures (lans,  wans, mans, intranets, extranets, perimeter networks  [dmzs], etc.), and other data communication systems. this topic includes but is not limited to the osi model,  securing of network traffic, and tools for configuration  of services. ",securing network traffic,7,0,0,0,0,0,0,1,0,
1277,"network administration relates to installation, and  supporting various network system architectures (lans,  wans, mans, intranets, extranets, perimeter networks  [dmzs], etc.), and other data communication systems. this topic includes but is not limited to the osi model,  securing of network traffic, and tools for configuration  of services. ",configuration tools for services,7,0,0,0,0,0,0,1,0,
1278,"cloud administration refers to the upkeep and reliable  access to a dynamic pool of configurable remote  resources (e.g., networks, servers, storage, applications  and services) that can be rapidly configured, provisioned and released with minimal oversight. this topic includes but is not limited to configuring and  deploying applications and users in cloud infrastructures,  analyzing performance, resource scaling, availability of  cloud platforms, identifying security and privacy issues  and mitigating risks. ",configuring and deploying applications and users in cloud infrastructures,"1,6,7,8 ",1,0,0,0,0,1,1,1,
1279,"cloud administration refers to the upkeep and reliable  access to a dynamic pool of configurable remote  resources (e.g., networks, servers, storage, applications  and services) that can be rapidly configured, provisioned and released with minimal oversight. this topic includes but is not limited to configuring and  deploying applications and users in cloud infrastructures,  analyzing performance, resource scaling, availability of  cloud platforms, identifying security and privacy issues  and mitigating risks. ",analyzing performance,"1,6,7,8 ",1,0,0,0,0,1,1,1,
1280,"cloud administration refers to the upkeep and reliable  access to a dynamic pool of configurable remote  resources (e.g., networks, servers, storage, applications  and services) that can be rapidly configured, provisioned and released with minimal oversight. this topic includes but is not limited to configuring and  deploying applications and users in cloud infrastructures,  analyzing performance, resource scaling, availability of  cloud platforms, identifying security and privacy issues  and mitigating risks. ",resource scaling,"1,6,7,8 ",1,0,0,0,0,1,1,1,
1281,"cloud administration refers to the upkeep and reliable  access to a dynamic pool of configurable remote  resources (e.g., networks, servers, storage, applications  and services) that can be rapidly configured, provisioned and released with minimal oversight. this topic includes but is not limited to configuring and  deploying applications and users in cloud infrastructures,  analyzing performance, resource scaling, availability of  cloud platforms, identifying security and privacy issues  and mitigating risks. ",availability of cloud platforms,"1,6,7,8 ",1,0,0,0,0,1,1,1,
1282,"cloud administration refers to the upkeep and reliable  access to a dynamic pool of configurable remote  resources (e.g., networks, servers, storage, applications  and services) that can be rapidly configured, provisioned and released with minimal oversight. this topic includes but is not limited to configuring and  deploying applications and users in cloud infrastructures,  analyzing performance, resource scaling, availability of  cloud platforms, identifying security and privacy issues  and mitigating risks. ",identifying security and privacy issues,"1,6,7,8 ",1,0,0,0,0,1,1,1,
1283,"cloud administration refers to the upkeep and reliable  access to a dynamic pool of configurable remote  resources (e.g., networks, servers, storage, applications  and services) that can be rapidly configured, provisioned and released with minimal oversight. this topic includes but is not limited to configuring and  deploying applications and users in cloud infrastructures,  analyzing performance, resource scaling, availability of  cloud platforms, identifying security and privacy issues  and mitigating risks. ",mitigating risks,"1,6,7,8 ",1,0,0,0,0,1,1,1,
1284,"cyber-physical systems (cps) are engineered systems  that are built from, and depend upon, the seamless  integration of computational algorithms and physical  components. cps administration refers to installation  and upkeep by ensuring safety, capability, adaptability,  scalability, resiliency, security, and usability.  this topic includes but is not limited to the architecture  of cyber-physical systems, underlying communication  standards (zigbee), middleware, service-oriented  architecture, tools supporting real-time control and  application of real-world examples (power grid, nuclear  facility, iot, scada). ",architecture of cyber physical systems,7,0,0,0,0,0,0,1,0,
1285,"cyber-physical systems (cps) are engineered systems  that are built from, and depend upon, the seamless  integration of computational algorithms and physical  components. cps administration refers to installation  and upkeep by ensuring safety, capability, adaptability,  scalability, resiliency, security, and usability.  this topic includes but is not limited to the architecture  of cyber-physical systems, underlying communication  standards (zigbee), middleware, service-oriented  architecture, tools supporting real-time control and  application of real-world examples (power grid, nuclear  facility, iot, scada). ",underlying communication standards (zigbee),7,0,0,0,0,0,0,1,0,
1286,"cyber-physical systems (cps) are engineered systems  that are built from, and depend upon, the seamless  integration of computational algorithms and physical  components. cps administration refers to installation  and upkeep by ensuring safety, capability, adaptability,  scalability, resiliency, security, and usability.  this topic includes but is not limited to the architecture  of cyber-physical systems, underlying communication  standards (zigbee), middleware, service-oriented  architecture, tools supporting real-time control and  application of real-world examples (power grid, nuclear  facility, iot, scada). ",middleware,7,0,0,0,0,0,0,1,0,
1287,"cyber-physical systems (cps) are engineered systems  that are built from, and depend upon, the seamless  integration of computational algorithms and physical  components. cps administration refers to installation  and upkeep by ensuring safety, capability, adaptability,  scalability, resiliency, security, and usability.  this topic includes but is not limited to the architecture  of cyber-physical systems, underlying communication  standards (zigbee), middleware, service-oriented  architecture, tools supporting real-time control and  application of real-world examples (power grid, nuclear  facility, iot, scada). ",service oriented architecture,7,0,0,0,0,0,0,1,0,
1288,"cyber-physical systems (cps) are engineered systems  that are built from, and depend upon, the seamless  integration of computational algorithms and physical  components. cps administration refers to installation  and upkeep by ensuring safety, capability, adaptability,  scalability, resiliency, security, and usability.  this topic includes but is not limited to the architecture  of cyber-physical systems, underlying communication  standards (zigbee), middleware, service-oriented  architecture, tools supporting real-time control and  application of real-world examples (power grid, nuclear  facility, iot, scada). ",tools supporting real time control,7,0,0,0,0,0,0,1,0,
1289,"cyber-physical systems (cps) are engineered systems  that are built from, and depend upon, the seamless  integration of computational algorithms and physical  components. cps administration refers to installation  and upkeep by ensuring safety, capability, adaptability,  scalability, resiliency, security, and usability.  this topic includes but is not limited to the architecture  of cyber-physical systems, underlying communication  standards (zigbee), middleware, service-oriented  architecture, tools supporting real-time control and  application of real-world examples (power grid, nuclear  facility, iot, scada). ","application of real world examples (power grid, nuclear facility, iot, scada)",7,0,0,0,0,0,0,1,0,
1290,"cyber-physical systems (cps) are engineered systems  that are built from, and depend upon, the seamless  integration of computational algorithms and physical  components. cps administration refers to installation  and upkeep by ensuring safety, capability, adaptability,  scalability, resiliency, security, and usability.  this topic includes but is not limited to the architecture  of cyber-physical systems, underlying communication  standards (zigbee), middleware, service-oriented  architecture, tools supporting real-time control and  application of real-world examples (power grid, nuclear  facility, iot, scada). ",safety,7,0,0,0,0,0,0,1,0,
1291,"cyber-physical systems (cps) are engineered systems  that are built from, and depend upon, the seamless  integration of computational algorithms and physical  components. cps administration refers to installation  and upkeep by ensuring safety, capability, adaptability,  scalability, resiliency, security, and usability.  this topic includes but is not limited to the architecture  of cyber-physical systems, underlying communication  standards (zigbee), middleware, service-oriented  architecture, tools supporting real-time control and  application of real-world examples (power grid, nuclear  facility, iot, scada). ",capability,7,0,0,0,0,0,0,1,0,
1292,"cyber-physical systems (cps) are engineered systems  that are built from, and depend upon, the seamless  integration of computational algorithms and physical  components. cps administration refers to installation  and upkeep by ensuring safety, capability, adaptability,  scalability, resiliency, security, and usability.  this topic includes but is not limited to the architecture  of cyber-physical systems, underlying communication  standards (zigbee), middleware, service-oriented  architecture, tools supporting real-time control and  application of real-world examples (power grid, nuclear  facility, iot, scada). ",adaptability,7,0,0,0,0,0,0,1,0,
1293,"cyber-physical systems (cps) are engineered systems  that are built from, and depend upon, the seamless  integration of computational algorithms and physical  components. cps administration refers to installation  and upkeep by ensuring safety, capability, adaptability,  scalability, resiliency, security, and usability.  this topic includes but is not limited to the architecture  of cyber-physical systems, underlying communication  standards (zigbee), middleware, service-oriented  architecture, tools supporting real-time control and  application of real-world examples (power grid, nuclear  facility, iot, scada). ",scalability,7,0,0,0,0,0,0,1,0,
1294,"cyber-physical systems (cps) are engineered systems  that are built from, and depend upon, the seamless  integration of computational algorithms and physical  components. cps administration refers to installation  and upkeep by ensuring safety, capability, adaptability,  scalability, resiliency, security, and usability.  this topic includes but is not limited to the architecture  of cyber-physical systems, underlying communication  standards (zigbee), middleware, service-oriented  architecture, tools supporting real-time control and  application of real-world examples (power grid, nuclear  facility, iot, scada). ",resiliency,7,0,0,0,0,0,0,1,0,
1295,"cyber-physical systems (cps) are engineered systems  that are built from, and depend upon, the seamless  integration of computational algorithms and physical  components. cps administration refers to installation  and upkeep by ensuring safety, capability, adaptability,  scalability, resiliency, security, and usability.  this topic includes but is not limited to the architecture  of cyber-physical systems, underlying communication  standards (zigbee), middleware, service-oriented  architecture, tools supporting real-time control and  application of real-world examples (power grid, nuclear  facility, iot, scada). ",security,7,0,0,0,0,0,0,1,0,
1296,"cyber-physical systems (cps) are engineered systems  that are built from, and depend upon, the seamless  integration of computational algorithms and physical  components. cps administration refers to installation  and upkeep by ensuring safety, capability, adaptability,  scalability, resiliency, security, and usability.  this topic includes but is not limited to the architecture  of cyber-physical systems, underlying communication  standards (zigbee), middleware, service-oriented  architecture, tools supporting real-time control and  application of real-world examples (power grid, nuclear  facility, iot, scada). ",usability,7,0,0,0,0,0,0,1,0,
1297,"this topic covers securing a system by finding and  remediating risks. this may include hardening or  securing configuration, system software, firmware, and  application. this topic includes but is not limited to identifying risks,  threats, and vulnerabilities in commonly used systems  (operating systems, database systems, networks);  defining and administering procedures and practices to  safeguard against threats; hardening through suitable  tools (firewall, anti-virus, ids, honeypot). ",securing configuration,7,0,0,0,0,0,0,1,0,
1298,"this topic covers securing a system by finding and  remediating risks. this may include hardening or  securing configuration, system software, firmware, and  application. this topic includes but is not limited to identifying risks,  threats, and vulnerabilities in commonly used systems  (operating systems, database systems, networks);  defining and administering procedures and practices to  safeguard against threats; hardening through suitable  tools (firewall, anti-virus, ids, honeypot). ",hardening system software,7,0,0,0,0,0,0,1,0,
1299,"this topic covers securing a system by finding and  remediating risks. this may include hardening or  securing configuration, system software, firmware, and  application. this topic includes but is not limited to identifying risks,  threats, and vulnerabilities in commonly used systems  (operating systems, database systems, networks);  defining and administering procedures and practices to  safeguard against threats; hardening through suitable  tools (firewall, anti-virus, ids, honeypot). ",hardening firmware,7,0,0,0,0,0,0,1,0,
1300,"this topic covers securing a system by finding and  remediating risks. this may include hardening or  securing configuration, system software, firmware, and  application. this topic includes but is not limited to identifying risks,  threats, and vulnerabilities in commonly used systems  (operating systems, database systems, networks);  defining and administering procedures and practices to  safeguard against threats; hardening through suitable  tools (firewall, anti-virus, ids, honeypot). ",securing applications,7,0,0,0,0,0,0,1,0,
1301,"this topic covers securing a system by finding and  remediating risks. this may include hardening or  securing configuration, system software, firmware, and  application. this topic includes but is not limited to identifying risks,  threats, and vulnerabilities in commonly used systems  (operating systems, database systems, networks);  defining and administering procedures and practices to  safeguard against threats; hardening through suitable  tools (firewall, anti-virus, ids, honeypot). ",identifying risks,7,0,0,0,0,0,0,1,0,
1302,"this topic covers securing a system by finding and  remediating risks. this may include hardening or  securing configuration, system software, firmware, and  application. this topic includes but is not limited to identifying risks,  threats, and vulnerabilities in commonly used systems  (operating systems, database systems, networks);  defining and administering procedures and practices to  safeguard against threats; hardening through suitable  tools (firewall, anti-virus, ids, honeypot). ",identifying threats,7,0,0,0,0,0,0,1,0,
1303,"this topic covers securing a system by finding and  remediating risks. this may include hardening or  securing configuration, system software, firmware, and  application. this topic includes but is not limited to identifying risks,  threats, and vulnerabilities in commonly used systems  (operating systems, database systems, networks);  defining and administering procedures and practices to  safeguard against threats; hardening through suitable  tools (firewall, anti-virus, ids, honeypot). ",identifying vulnerabilities,7,0,0,0,0,0,0,1,0,
1304,"this topic covers securing a system by finding and  remediating risks. this may include hardening or  securing configuration, system software, firmware, and  application. this topic includes but is not limited to identifying risks,  threats, and vulnerabilities in commonly used systems  (operating systems, database systems, networks);  defining and administering procedures and practices to  safeguard against threats; hardening through suitable  tools (firewall, anti-virus, ids, honeypot). ",operating systems security,7,0,0,0,0,0,0,1,0,
1305,"this topic covers securing a system by finding and  remediating risks. this may include hardening or  securing configuration, system software, firmware, and  application. this topic includes but is not limited to identifying risks,  threats, and vulnerabilities in commonly used systems  (operating systems, database systems, networks);  defining and administering procedures and practices to  safeguard against threats; hardening through suitable  tools (firewall, anti-virus, ids, honeypot). ",database systems security,7,0,0,0,0,0,0,1,0,
1306,"this topic covers securing a system by finding and  remediating risks. this may include hardening or  securing configuration, system software, firmware, and  application. this topic includes but is not limited to identifying risks,  threats, and vulnerabilities in commonly used systems  (operating systems, database systems, networks);  defining and administering procedures and practices to  safeguard against threats; hardening through suitable  tools (firewall, anti-virus, ids, honeypot). ",network security,7,0,0,0,0,0,0,1,0,
1307,"this topic covers securing a system by finding and  remediating risks. this may include hardening or  securing configuration, system software, firmware, and  application. this topic includes but is not limited to identifying risks,  threats, and vulnerabilities in commonly used systems  (operating systems, database systems, networks);  defining and administering procedures and practices to  safeguard against threats; hardening through suitable  tools (firewall, anti-virus, ids, honeypot). ",defining security procedures,7,0,0,0,0,0,0,1,0,
1308,"this topic covers securing a system by finding and  remediating risks. this may include hardening or  securing configuration, system software, firmware, and  application. this topic includes but is not limited to identifying risks,  threats, and vulnerabilities in commonly used systems  (operating systems, database systems, networks);  defining and administering procedures and practices to  safeguard against threats; hardening through suitable  tools (firewall, anti-virus, ids, honeypot). ",administering security practices,7,0,0,0,0,0,0,1,0,
1309,"this topic covers securing a system by finding and  remediating risks. this may include hardening or  securing configuration, system software, firmware, and  application. this topic includes but is not limited to identifying risks,  threats, and vulnerabilities in commonly used systems  (operating systems, database systems, networks);  defining and administering procedures and practices to  safeguard against threats; hardening through suitable  tools (firewall, anti-virus, ids, honeypot). ",using firewalls,7,0,0,0,0,0,0,1,0,
1310,"this topic covers securing a system by finding and  remediating risks. this may include hardening or  securing configuration, system software, firmware, and  application. this topic includes but is not limited to identifying risks,  threats, and vulnerabilities in commonly used systems  (operating systems, database systems, networks);  defining and administering procedures and practices to  safeguard against threats; hardening through suitable  tools (firewall, anti-virus, ids, honeypot). ",implementing anti virus solutions,7,0,0,0,0,0,0,1,0,
1311,"this topic covers securing a system by finding and  remediating risks. this may include hardening or  securing configuration, system software, firmware, and  application. this topic includes but is not limited to identifying risks,  threats, and vulnerabilities in commonly used systems  (operating systems, database systems, networks);  defining and administering procedures and practices to  safeguard against threats; hardening through suitable  tools (firewall, anti-virus, ids, honeypot). ",deploying ids,7,0,0,0,0,0,0,1,0,
1312,"this topic covers securing a system by finding and  remediating risks. this may include hardening or  securing configuration, system software, firmware, and  application. this topic includes but is not limited to identifying risks,  threats, and vulnerabilities in commonly used systems  (operating systems, database systems, networks);  defining and administering procedures and practices to  safeguard against threats; hardening through suitable  tools (firewall, anti-virus, ids, honeypot). ",utilizing honeypots,7,0,0,0,0,0,0,1,0,
1313,sound system operation requires all systems sustain  targeted levels of availability by having their current  state recoverable from failure through redundancy and  backup and recovery.  this topic includes but is not limited to identifying key  assets and administering tools to have validated system  backup and recovery. ,key assets identification,7,0,0,0,0,0,0,1,0,
1314,sound system operation requires all systems sustain  targeted levels of availability by having their current  state recoverable from failure through redundancy and  backup and recovery.  this topic includes but is not limited to identifying key  assets and administering tools to have validated system  backup and recovery. ,administering backup tools,7,0,0,0,0,0,0,1,0,
1315,sound system operation requires all systems sustain  targeted levels of availability by having their current  state recoverable from failure through redundancy and  backup and recovery.  this topic includes but is not limited to identifying key  assets and administering tools to have validated system  backup and recovery. ,administering recovery tools,7,0,0,0,0,0,0,1,0,
1316,sound system operation requires all systems sustain  targeted levels of availability by having their current  state recoverable from failure through redundancy and  backup and recovery.  this topic includes but is not limited to identifying key  assets and administering tools to have validated system  backup and recovery. ,validated system backup,7,0,0,0,0,0,0,1,0,
1317,sound system operation requires all systems sustain  targeted levels of availability by having their current  state recoverable from failure through redundancy and  backup and recovery.  this topic includes but is not limited to identifying key  assets and administering tools to have validated system  backup and recovery. ,validated system recovery,7,0,0,0,0,0,0,1,0,
1320,"the process of defining an organization’s cybersecurity  strategy – or direction – and determining the actions  needed and resources to be allocated in order to  implement such a strategy. this topic covers concepts such as determining the  current organization’s position; performing strengths,  weaknesses, opportunities, and threats (swot)  analysis; developing a strategy that fulfills the mission,  values, and vision of the organization; determining long-term objectives; selecting key performance indicators (kpis) to track progress; allocating the necessary  budget; rolling out the strategy to the organization; and  updating and adapting yearly. ",defining the organization's cybersecurity strategy,7,0,0,0,0,0,0,1,0,
1321,"the process of defining an organization’s cybersecurity  strategy – or direction – and determining the actions  needed and resources to be allocated in order to  implement such a strategy. this topic covers concepts such as determining the  current organization’s position; performing strengths,  weaknesses, opportunities, and threats (swot)  analysis; developing a strategy that fulfills the mission,  values, and vision of the organization; determining long-term objectives; selecting key performance indicators (kpis) to track progress; allocating the necessary  budget; rolling out the strategy to the organization; and  updating and adapting yearly. ",performing swot analysis,7,0,0,0,0,0,0,1,0,
1322,"the process of defining an organization’s cybersecurity  strategy – or direction – and determining the actions  needed and resources to be allocated in order to  implement such a strategy. this topic covers concepts such as determining the  current organization’s position; performing strengths,  weaknesses, opportunities, and threats (swot)  analysis; developing a strategy that fulfills the mission,  values, and vision of the organization; determining long-term objectives; selecting key performance indicators (kpis) to track progress; allocating the necessary  budget; rolling out the strategy to the organization; and  updating and adapting yearly. ","aligning strategy with mission, values, and vision",7,0,0,0,0,0,0,1,0,
1323,"the process of defining an organization’s cybersecurity  strategy – or direction – and determining the actions  needed and resources to be allocated in order to  implement such a strategy. this topic covers concepts such as determining the  current organization’s position; performing strengths,  weaknesses, opportunities, and threats (swot)  analysis; developing a strategy that fulfills the mission,  values, and vision of the organization; determining long-term objectives; selecting key performance indicators (kpis) to track progress; allocating the necessary  budget; rolling out the strategy to the organization; and  updating and adapting yearly. ",determining long term objectives,7,0,0,0,0,0,0,1,0,
1324,"the process of defining an organization’s cybersecurity  strategy – or direction – and determining the actions  needed and resources to be allocated in order to  implement such a strategy. this topic covers concepts such as determining the  current organization’s position; performing strengths,  weaknesses, opportunities, and threats (swot)  analysis; developing a strategy that fulfills the mission,  values, and vision of the organization; determining long-term objectives; selecting key performance indicators (kpis) to track progress; allocating the necessary  budget; rolling out the strategy to the organization; and  updating and adapting yearly. ",selecting kpis to track progress,7,0,0,0,0,0,0,1,0,
1325,"the process of defining an organization’s cybersecurity  strategy – or direction – and determining the actions  needed and resources to be allocated in order to  implement such a strategy. this topic covers concepts such as determining the  current organization’s position; performing strengths,  weaknesses, opportunities, and threats (swot)  analysis; developing a strategy that fulfills the mission,  values, and vision of the organization; determining long-term objectives; selecting key performance indicators (kpis) to track progress; allocating the necessary  budget; rolling out the strategy to the organization; and  updating and adapting yearly. ",allocating budget,7,0,0,0,0,0,0,1,0,
1326,"the process of defining an organization’s cybersecurity  strategy – or direction – and determining the actions  needed and resources to be allocated in order to  implement such a strategy. this topic covers concepts such as determining the  current organization’s position; performing strengths,  weaknesses, opportunities, and threats (swot)  analysis; developing a strategy that fulfills the mission,  values, and vision of the organization; determining long-term objectives; selecting key performance indicators (kpis) to track progress; allocating the necessary  budget; rolling out the strategy to the organization; and  updating and adapting yearly. ",rolling out the strategy,7,0,0,0,0,0,0,1,0,
1327,"the process of defining an organization’s cybersecurity  strategy – or direction – and determining the actions  needed and resources to be allocated in order to  implement such a strategy. this topic covers concepts such as determining the  current organization’s position; performing strengths,  weaknesses, opportunities, and threats (swot)  analysis; developing a strategy that fulfills the mission,  values, and vision of the organization; determining long-term objectives; selecting key performance indicators (kpis) to track progress; allocating the necessary  budget; rolling out the strategy to the organization; and  updating and adapting yearly. ",updating and adapting yearly,7,0,0,0,0,0,0,1,0,
1328,"the organization ability to securely operate  organizational technical infrastructure. this topic includes a discussion of data protection and  privacy by default and design, and cover basic concepts,  issues, and techniques for efficient and effective  operations. special emphasis is placed on process  improvement and supply chain management. topics  include operations strategy; tactical strategy; product and  service design; process design and analysis; capacity  planning; lean production systems; materials and  inventory management; quality management and six  sigma; project management; and supply chain  management. ",data protection and privacy by default and design,"1,6,7,8 ",1,0,0,0,0,1,1,1,
1329,"the organization ability to securely operate  organizational technical infrastructure. this topic includes a discussion of data protection and  privacy by default and design, and cover basic concepts,  issues, and techniques for efficient and effective  operations. special emphasis is placed on process  improvement and supply chain management. topics  include operations strategy; tactical strategy; product and  service design; process design and analysis; capacity  planning; lean production systems; materials and  inventory management; quality management and six  sigma; project management; and supply chain  management. ",operations strategy,"1,6,7,8 ",1,0,0,0,0,1,1,1,
1330,"the organization ability to securely operate  organizational technical infrastructure. this topic includes a discussion of data protection and  privacy by default and design, and cover basic concepts,  issues, and techniques for efficient and effective  operations. special emphasis is placed on process  improvement and supply chain management. topics  include operations strategy; tactical strategy; product and  service design; process design and analysis; capacity  planning; lean production systems; materials and  inventory management; quality management and six  sigma; project management; and supply chain  management. ",tactical strategy,"1,6,7,8 ",1,0,0,0,0,1,1,1,
1331,"the organization ability to securely operate  organizational technical infrastructure. this topic includes a discussion of data protection and  privacy by default and design, and cover basic concepts,  issues, and techniques for efficient and effective  operations. special emphasis is placed on process  improvement and supply chain management. topics  include operations strategy; tactical strategy; product and  service design; process design and analysis; capacity  planning; lean production systems; materials and  inventory management; quality management and six  sigma; project management; and supply chain  management. ",product and service design,"1,6,7,8 ",1,0,0,0,0,1,1,1,
1332,"the organization ability to securely operate  organizational technical infrastructure. this topic includes a discussion of data protection and  privacy by default and design, and cover basic concepts,  issues, and techniques for efficient and effective  operations. special emphasis is placed on process  improvement and supply chain management. topics  include operations strategy; tactical strategy; product and  service design; process design and analysis; capacity  planning; lean production systems; materials and  inventory management; quality management and six  sigma; project management; and supply chain  management. ",process design and analysis,"1,6,7,8 ",1,0,0,0,0,1,1,1,
1333,"the organization ability to securely operate  organizational technical infrastructure. this topic includes a discussion of data protection and  privacy by default and design, and cover basic concepts,  issues, and techniques for efficient and effective  operations. special emphasis is placed on process  improvement and supply chain management. topics  include operations strategy; tactical strategy; product and  service design; process design and analysis; capacity  planning; lean production systems; materials and  inventory management; quality management and six  sigma; project management; and supply chain  management. ",capacity planning,"1,6,7,8 ",1,0,0,0,0,1,1,1,
1334,"the organization ability to securely operate  organizational technical infrastructure. this topic includes a discussion of data protection and  privacy by default and design, and cover basic concepts,  issues, and techniques for efficient and effective  operations. special emphasis is placed on process  improvement and supply chain management. topics  include operations strategy; tactical strategy; product and  service design; process design and analysis; capacity  planning; lean production systems; materials and  inventory management; quality management and six  sigma; project management; and supply chain  management. ",lean production systems,"1,6,7,8 ",1,0,0,0,0,1,1,1,
1335,"the organization ability to securely operate  organizational technical infrastructure. this topic includes a discussion of data protection and  privacy by default and design, and cover basic concepts,  issues, and techniques for efficient and effective  operations. special emphasis is placed on process  improvement and supply chain management. topics  include operations strategy; tactical strategy; product and  service design; process design and analysis; capacity  planning; lean production systems; materials and  inventory management; quality management and six  sigma; project management; and supply chain  management. ",materials and inventory management,"1,6,7,8 ",1,0,0,0,0,1,1,1,
1336,"the organization ability to securely operate  organizational technical infrastructure. this topic includes a discussion of data protection and  privacy by default and design, and cover basic concepts,  issues, and techniques for efficient and effective  operations. special emphasis is placed on process  improvement and supply chain management. topics  include operations strategy; tactical strategy; product and  service design; process design and analysis; capacity  planning; lean production systems; materials and  inventory management; quality management and six  sigma; project management; and supply chain  management. ",quality management and six sigma,"1,6,7,8 ",1,0,0,0,0,1,1,1,
1337,"the organization ability to securely operate  organizational technical infrastructure. this topic includes a discussion of data protection and  privacy by default and design, and cover basic concepts,  issues, and techniques for efficient and effective  operations. special emphasis is placed on process  improvement and supply chain management. topics  include operations strategy; tactical strategy; product and  service design; process design and analysis; capacity  planning; lean production systems; materials and  inventory management; quality management and six  sigma; project management; and supply chain  management. ",project management,"1,6,7,8 ",1,0,0,0,0,1,1,1,
1338,"the organization ability to securely operate  organizational technical infrastructure. this topic includes a discussion of data protection and  privacy by default and design, and cover basic concepts,  issues, and techniques for efficient and effective  operations. special emphasis is placed on process  improvement and supply chain management. topics  include operations strategy; tactical strategy; product and  service design; process design and analysis; capacity  planning; lean production systems; materials and  inventory management; quality management and six  sigma; project management; and supply chain  management. ",supply chain management,"1,6,7,8 ",1,0,0,0,0,1,1,1,
1339,"description of the role disaster recovery (dr) plays  within business continuity (bc). bc planning includes  contingency planning, incident response, emergency  response, and backup and recovery efforts of an  organization to ensure the availability of critical  resources during an emergency situation while the  disaster recovery refers to the recovery of the systems in  the event of a disaster. continuity of organizations in the  wake of major events is also a component. this topic includes creation and use of the ir/dr/bp  bc plans, organization of the plans, occasions to  review/rewrite plans, examination of sanitized plans,  opportunities should be given for students to write casebased or actual plans to gain some experience. ",role of disaster recovery within business continuity,7,0,0,0,0,0,0,1,0,
1340,"description of the role disaster recovery (dr) plays  within business continuity (bc). bc planning includes  contingency planning, incident response, emergency  response, and backup and recovery efforts of an  organization to ensure the availability of critical  resources during an emergency situation while the  disaster recovery refers to the recovery of the systems in  the event of a disaster. continuity of organizations in the  wake of major events is also a component. this topic includes creation and use of the ir/dr/bp  bc plans, organization of the plans, occasions to  review/rewrite plans, examination of sanitized plans,  opportunities should be given for students to write casebased or actual plans to gain some experience. ",contingency planning,7,0,0,0,0,0,0,1,0,
1341,"description of the role disaster recovery (dr) plays  within business continuity (bc). bc planning includes  contingency planning, incident response, emergency  response, and backup and recovery efforts of an  organization to ensure the availability of critical  resources during an emergency situation while the  disaster recovery refers to the recovery of the systems in  the event of a disaster. continuity of organizations in the  wake of major events is also a component. this topic includes creation and use of the ir/dr/bp  bc plans, organization of the plans, occasions to  review/rewrite plans, examination of sanitized plans,  opportunities should be given for students to write casebased or actual plans to gain some experience. ",incident response,7,0,0,0,0,0,0,1,0,
1342,"description of the role disaster recovery (dr) plays  within business continuity (bc). bc planning includes  contingency planning, incident response, emergency  response, and backup and recovery efforts of an  organization to ensure the availability of critical  resources during an emergency situation while the  disaster recovery refers to the recovery of the systems in  the event of a disaster. continuity of organizations in the  wake of major events is also a component. this topic includes creation and use of the ir/dr/bp  bc plans, organization of the plans, occasions to  review/rewrite plans, examination of sanitized plans,  opportunities should be given for students to write casebased or actual plans to gain some experience. ",emergency response,7,0,0,0,0,0,0,1,0,
1343,"description of the role disaster recovery (dr) plays  within business continuity (bc). bc planning includes  contingency planning, incident response, emergency  response, and backup and recovery efforts of an  organization to ensure the availability of critical  resources during an emergency situation while the  disaster recovery refers to the recovery of the systems in  the event of a disaster. continuity of organizations in the  wake of major events is also a component. this topic includes creation and use of the ir/dr/bp  bc plans, organization of the plans, occasions to  review/rewrite plans, examination of sanitized plans,  opportunities should be given for students to write casebased or actual plans to gain some experience. ",backup and recovery efforts,7,0,0,0,0,0,0,1,0,
1344,"description of the role disaster recovery (dr) plays  within business continuity (bc). bc planning includes  contingency planning, incident response, emergency  response, and backup and recovery efforts of an  organization to ensure the availability of critical  resources during an emergency situation while the  disaster recovery refers to the recovery of the systems in  the event of a disaster. continuity of organizations in the  wake of major events is also a component. this topic includes creation and use of the ir/dr/bp  bc plans, organization of the plans, occasions to  review/rewrite plans, examination of sanitized plans,  opportunities should be given for students to write casebased or actual plans to gain some experience. ",availability of critical resources,7,0,0,0,0,0,0,1,0,
1345,"description of the role disaster recovery (dr) plays  within business continuity (bc). bc planning includes  contingency planning, incident response, emergency  response, and backup and recovery efforts of an  organization to ensure the availability of critical  resources during an emergency situation while the  disaster recovery refers to the recovery of the systems in  the event of a disaster. continuity of organizations in the  wake of major events is also a component. this topic includes creation and use of the ir/dr/bp  bc plans, organization of the plans, occasions to  review/rewrite plans, examination of sanitized plans,  opportunities should be given for students to write casebased or actual plans to gain some experience. ",recovery of systems post disaster,7,0,0,0,0,0,0,1,0,
1346,"description of the role disaster recovery (dr) plays  within business continuity (bc). bc planning includes  contingency planning, incident response, emergency  response, and backup and recovery efforts of an  organization to ensure the availability of critical  resources during an emergency situation while the  disaster recovery refers to the recovery of the systems in  the event of a disaster. continuity of organizations in the  wake of major events is also a component. this topic includes creation and use of the ir/dr/bp  bc plans, organization of the plans, occasions to  review/rewrite plans, examination of sanitized plans,  opportunities should be given for students to write casebased or actual plans to gain some experience. ",continuity of organizations during emergencies,7,0,0,0,0,0,0,1,0,
1347,"description of the role disaster recovery (dr) plays  within business continuity (bc). bc planning includes  contingency planning, incident response, emergency  response, and backup and recovery efforts of an  organization to ensure the availability of critical  resources during an emergency situation while the  disaster recovery refers to the recovery of the systems in  the event of a disaster. continuity of organizations in the  wake of major events is also a component. this topic includes creation and use of the ir/dr/bp  bc plans, organization of the plans, occasions to  review/rewrite plans, examination of sanitized plans,  opportunities should be given for students to write casebased or actual plans to gain some experience. ",creation and use of ir dr bp bc plans,7,0,0,0,0,0,0,1,0,
1348,"description of the role disaster recovery (dr) plays  within business continuity (bc). bc planning includes  contingency planning, incident response, emergency  response, and backup and recovery efforts of an  organization to ensure the availability of critical  resources during an emergency situation while the  disaster recovery refers to the recovery of the systems in  the event of a disaster. continuity of organizations in the  wake of major events is also a component. this topic includes creation and use of the ir/dr/bp  bc plans, organization of the plans, occasions to  review/rewrite plans, examination of sanitized plans,  opportunities should be given for students to write casebased or actual plans to gain some experience. ",organization of the plans,7,0,0,0,0,0,0,1,0,
1349,"description of the role disaster recovery (dr) plays  within business continuity (bc). bc planning includes  contingency planning, incident response, emergency  response, and backup and recovery efforts of an  organization to ensure the availability of critical  resources during an emergency situation while the  disaster recovery refers to the recovery of the systems in  the event of a disaster. continuity of organizations in the  wake of major events is also a component. this topic includes creation and use of the ir/dr/bp  bc plans, organization of the plans, occasions to  review/rewrite plans, examination of sanitized plans,  opportunities should be given for students to write casebased or actual plans to gain some experience. ",reviewing and rewriting plans,7,0,0,0,0,0,0,1,0,
1350,"description of the role disaster recovery (dr) plays  within business continuity (bc). bc planning includes  contingency planning, incident response, emergency  response, and backup and recovery efforts of an  organization to ensure the availability of critical  resources during an emergency situation while the  disaster recovery refers to the recovery of the systems in  the event of a disaster. continuity of organizations in the  wake of major events is also a component. this topic includes creation and use of the ir/dr/bp  bc plans, organization of the plans, occasions to  review/rewrite plans, examination of sanitized plans,  opportunities should be given for students to write casebased or actual plans to gain some experience. ",examination of sanitized plans,7,0,0,0,0,0,0,1,0,
1351,"description of the role disaster recovery (dr) plays  within business continuity (bc). bc planning includes  contingency planning, incident response, emergency  response, and backup and recovery efforts of an  organization to ensure the availability of critical  resources during an emergency situation while the  disaster recovery refers to the recovery of the systems in  the event of a disaster. continuity of organizations in the  wake of major events is also a component. this topic includes creation and use of the ir/dr/bp  bc plans, organization of the plans, occasions to  review/rewrite plans, examination of sanitized plans,  opportunities should be given for students to write casebased or actual plans to gain some experience. ",writing case based or actual plans for experience,7,0,0,0,0,0,0,1,0,
1352,"incident response (ir) refers to the actions taken by  senior management to specify the organization’s  processes and procedures to anticipate, detect, and  mitigate the effects of an incident. this topic includes the creation and use of the ir plans,  organization of the plans, occasions to review/rewrite  plans, and examination of sanitized plans. opportunities  should be given for students to write case-based or  actual plans to gain some experience. ",actions taken by senior management,7,0,0,0,0,0,0,1,0,
1353,"incident response (ir) refers to the actions taken by  senior management to specify the organization’s  processes and procedures to anticipate, detect, and  mitigate the effects of an incident. this topic includes the creation and use of the ir plans,  organization of the plans, occasions to review/rewrite  plans, and examination of sanitized plans. opportunities  should be given for students to write case-based or  actual plans to gain some experience. ",organization's processes and procedures,7,0,0,0,0,0,0,1,0,
1354,"incident response (ir) refers to the actions taken by  senior management to specify the organization’s  processes and procedures to anticipate, detect, and  mitigate the effects of an incident. this topic includes the creation and use of the ir plans,  organization of the plans, occasions to review/rewrite  plans, and examination of sanitized plans. opportunities  should be given for students to write case-based or  actual plans to gain some experience. ",anticipation of incidents,7,0,0,0,0,0,0,1,0,
1355,"incident response (ir) refers to the actions taken by  senior management to specify the organization’s  processes and procedures to anticipate, detect, and  mitigate the effects of an incident. this topic includes the creation and use of the ir plans,  organization of the plans, occasions to review/rewrite  plans, and examination of sanitized plans. opportunities  should be given for students to write case-based or  actual plans to gain some experience. ",detection of incidents,7,0,0,0,0,0,0,1,0,
1356,"incident response (ir) refers to the actions taken by  senior management to specify the organization’s  processes and procedures to anticipate, detect, and  mitigate the effects of an incident. this topic includes the creation and use of the ir plans,  organization of the plans, occasions to review/rewrite  plans, and examination of sanitized plans. opportunities  should be given for students to write case-based or  actual plans to gain some experience. ",mitigation of incident effects,7,0,0,0,0,0,0,1,0,
1357,"incident response (ir) refers to the actions taken by  senior management to specify the organization’s  processes and procedures to anticipate, detect, and  mitigate the effects of an incident. this topic includes the creation and use of the ir plans,  organization of the plans, occasions to review/rewrite  plans, and examination of sanitized plans. opportunities  should be given for students to write case-based or  actual plans to gain some experience. ",creation of ir plans,7,0,0,0,0,0,0,1,0,
1358,"incident response (ir) refers to the actions taken by  senior management to specify the organization’s  processes and procedures to anticipate, detect, and  mitigate the effects of an incident. this topic includes the creation and use of the ir plans,  organization of the plans, occasions to review/rewrite  plans, and examination of sanitized plans. opportunities  should be given for students to write case-based or  actual plans to gain some experience. ",use of ir plans,7,0,0,0,0,0,0,1,0,
1359,"incident response (ir) refers to the actions taken by  senior management to specify the organization’s  processes and procedures to anticipate, detect, and  mitigate the effects of an incident. this topic includes the creation and use of the ir plans,  organization of the plans, occasions to review/rewrite  plans, and examination of sanitized plans. opportunities  should be given for students to write case-based or  actual plans to gain some experience. ",reviewing and rewriting plans,7,0,0,0,0,0,0,1,0,
1360,"incident response (ir) refers to the actions taken by  senior management to specify the organization’s  processes and procedures to anticipate, detect, and  mitigate the effects of an incident. this topic includes the creation and use of the ir plans,  organization of the plans, occasions to review/rewrite  plans, and examination of sanitized plans. opportunities  should be given for students to write case-based or  actual plans to gain some experience. ",examining sanitized plans,7,0,0,0,0,0,0,1,0,
1361,"incident response (ir) refers to the actions taken by  senior management to specify the organization’s  processes and procedures to anticipate, detect, and  mitigate the effects of an incident. this topic includes the creation and use of the ir plans,  organization of the plans, occasions to review/rewrite  plans, and examination of sanitized plans. opportunities  should be given for students to write case-based or  actual plans to gain some experience. ",writing case based or actual plans,7,0,0,0,0,0,0,1,0,
1362,"disaster recovery (dr) refers to the actions taken by  senior management to specify the organization’s efforts  in preparation for and recovery from a disaster.  specifically, dr refers to the recovery of the systems in  the event of a disaster. this topic includes the creation and use of the dr plans,  organization of the plans, occasions to review/rewrite  plans, and examination of sanitized plans. opportunities  should be given for students to write case-based or actual plans to gain some experience. ",actions taken by senior management,7,0,0,0,0,0,0,1,0,
1363,"disaster recovery (dr) refers to the actions taken by  senior management to specify the organization’s efforts  in preparation for and recovery from a disaster.  specifically, dr refers to the recovery of the systems in  the event of a disaster. this topic includes the creation and use of the dr plans,  organization of the plans, occasions to review/rewrite  plans, and examination of sanitized plans. opportunities  should be given for students to write case-based or actual plans to gain some experience. ",preparation for disasters,7,0,0,0,0,0,0,1,0,
1364,"disaster recovery (dr) refers to the actions taken by  senior management to specify the organization’s efforts  in preparation for and recovery from a disaster.  specifically, dr refers to the recovery of the systems in  the event of a disaster. this topic includes the creation and use of the dr plans,  organization of the plans, occasions to review/rewrite  plans, and examination of sanitized plans. opportunities  should be given for students to write case-based or actual plans to gain some experience. ",recovery of systems in a disaster event,7,0,0,0,0,0,0,1,0,
1365,"disaster recovery (dr) refers to the actions taken by  senior management to specify the organization’s efforts  in preparation for and recovery from a disaster.  specifically, dr refers to the recovery of the systems in  the event of a disaster. this topic includes the creation and use of the dr plans,  organization of the plans, occasions to review/rewrite  plans, and examination of sanitized plans. opportunities  should be given for students to write case-based or actual plans to gain some experience. ",creation and use of dr plans,7,0,0,0,0,0,0,1,0,
1366,"disaster recovery (dr) refers to the actions taken by  senior management to specify the organization’s efforts  in preparation for and recovery from a disaster.  specifically, dr refers to the recovery of the systems in  the event of a disaster. this topic includes the creation and use of the dr plans,  organization of the plans, occasions to review/rewrite  plans, and examination of sanitized plans. opportunities  should be given for students to write case-based or actual plans to gain some experience. ",organization of dr plans,7,0,0,0,0,0,0,1,0,
1367,"disaster recovery (dr) refers to the actions taken by  senior management to specify the organization’s efforts  in preparation for and recovery from a disaster.  specifically, dr refers to the recovery of the systems in  the event of a disaster. this topic includes the creation and use of the dr plans,  organization of the plans, occasions to review/rewrite  plans, and examination of sanitized plans. opportunities  should be given for students to write case-based or actual plans to gain some experience. ",reviewing and rewriting dr plans,7,0,0,0,0,0,0,1,0,
1368,"disaster recovery (dr) refers to the actions taken by  senior management to specify the organization’s efforts  in preparation for and recovery from a disaster.  specifically, dr refers to the recovery of the systems in  the event of a disaster. this topic includes the creation and use of the dr plans,  organization of the plans, occasions to review/rewrite  plans, and examination of sanitized plans. opportunities  should be given for students to write case-based or actual plans to gain some experience. ",examination of sanitized plans,7,0,0,0,0,0,0,1,0,
1369,"disaster recovery (dr) refers to the actions taken by  senior management to specify the organization’s efforts  in preparation for and recovery from a disaster.  specifically, dr refers to the recovery of the systems in  the event of a disaster. this topic includes the creation and use of the dr plans,  organization of the plans, occasions to review/rewrite  plans, and examination of sanitized plans. opportunities  should be given for students to write case-based or actual plans to gain some experience. ",writing case based or actual dr plans,7,0,0,0,0,0,0,1,0,
1370,"business continuity refers to the actions taken by senior  management to specify the organization’s efforts if a  disaster renders the organization’s primary operating  location unusable. business continuity (bc) planning  includes contingency planning, incident response,  emergency response, and backup and recovery efforts of  an organization to ensure the availability of critical  resources during an emergency situation. continuity of  organizations in the wake of major events is also a  component. curricular content should include the creation and use of  the bc plans, organization of the plans, occasions to  review/rewrite plans, and examination of sanitized plans.  opportunities should be given for students to write casebased or actual plans to gain some experience ",actions taken by senior management,7,0,0,0,0,0,0,1,0,
1371,"business continuity refers to the actions taken by senior  management to specify the organization’s efforts if a  disaster renders the organization’s primary operating  location unusable. business continuity (bc) planning  includes contingency planning, incident response,  emergency response, and backup and recovery efforts of  an organization to ensure the availability of critical  resources during an emergency situation. continuity of  organizations in the wake of major events is also a  component. curricular content should include the creation and use of  the bc plans, organization of the plans, occasions to  review/rewrite plans, and examination of sanitized plans.  opportunities should be given for students to write casebased or actual plans to gain some experience ",business continuity planning,7,0,0,0,0,0,0,1,0,
1372,"business continuity refers to the actions taken by senior  management to specify the organization’s efforts if a  disaster renders the organization’s primary operating  location unusable. business continuity (bc) planning  includes contingency planning, incident response,  emergency response, and backup and recovery efforts of  an organization to ensure the availability of critical  resources during an emergency situation. continuity of  organizations in the wake of major events is also a  component. curricular content should include the creation and use of  the bc plans, organization of the plans, occasions to  review/rewrite plans, and examination of sanitized plans.  opportunities should be given for students to write casebased or actual plans to gain some experience ",contingency planning,7,0,0,0,0,0,0,1,0,
1373,"business continuity refers to the actions taken by senior  management to specify the organization’s efforts if a  disaster renders the organization’s primary operating  location unusable. business continuity (bc) planning  includes contingency planning, incident response,  emergency response, and backup and recovery efforts of  an organization to ensure the availability of critical  resources during an emergency situation. continuity of  organizations in the wake of major events is also a  component. curricular content should include the creation and use of  the bc plans, organization of the plans, occasions to  review/rewrite plans, and examination of sanitized plans.  opportunities should be given for students to write casebased or actual plans to gain some experience ",incident response,7,0,0,0,0,0,0,1,0,
1374,"business continuity refers to the actions taken by senior  management to specify the organization’s efforts if a  disaster renders the organization’s primary operating  location unusable. business continuity (bc) planning  includes contingency planning, incident response,  emergency response, and backup and recovery efforts of  an organization to ensure the availability of critical  resources during an emergency situation. continuity of  organizations in the wake of major events is also a  component. curricular content should include the creation and use of  the bc plans, organization of the plans, occasions to  review/rewrite plans, and examination of sanitized plans.  opportunities should be given for students to write casebased or actual plans to gain some experience ",emergency response,7,0,0,0,0,0,0,1,0,
1375,"business continuity refers to the actions taken by senior  management to specify the organization’s efforts if a  disaster renders the organization’s primary operating  location unusable. business continuity (bc) planning  includes contingency planning, incident response,  emergency response, and backup and recovery efforts of  an organization to ensure the availability of critical  resources during an emergency situation. continuity of  organizations in the wake of major events is also a  component. curricular content should include the creation and use of  the bc plans, organization of the plans, occasions to  review/rewrite plans, and examination of sanitized plans.  opportunities should be given for students to write casebased or actual plans to gain some experience ",backup and recovery efforts,7,0,0,0,0,0,0,1,0,
1376,"business continuity refers to the actions taken by senior  management to specify the organization’s efforts if a  disaster renders the organization’s primary operating  location unusable. business continuity (bc) planning  includes contingency planning, incident response,  emergency response, and backup and recovery efforts of  an organization to ensure the availability of critical  resources during an emergency situation. continuity of  organizations in the wake of major events is also a  component. curricular content should include the creation and use of  the bc plans, organization of the plans, occasions to  review/rewrite plans, and examination of sanitized plans.  opportunities should be given for students to write casebased or actual plans to gain some experience ",continuity of organizations,7,0,0,0,0,0,0,1,0,
1377,"business continuity refers to the actions taken by senior  management to specify the organization’s efforts if a  disaster renders the organization’s primary operating  location unusable. business continuity (bc) planning  includes contingency planning, incident response,  emergency response, and backup and recovery efforts of  an organization to ensure the availability of critical  resources during an emergency situation. continuity of  organizations in the wake of major events is also a  component. curricular content should include the creation and use of  the bc plans, organization of the plans, occasions to  review/rewrite plans, and examination of sanitized plans.  opportunities should be given for students to write casebased or actual plans to gain some experience ",creation and use of bc plans,7,0,0,0,0,0,0,1,0,
1378,"business continuity refers to the actions taken by senior  management to specify the organization’s efforts if a  disaster renders the organization’s primary operating  location unusable. business continuity (bc) planning  includes contingency planning, incident response,  emergency response, and backup and recovery efforts of  an organization to ensure the availability of critical  resources during an emergency situation. continuity of  organizations in the wake of major events is also a  component. curricular content should include the creation and use of  the bc plans, organization of the plans, occasions to  review/rewrite plans, and examination of sanitized plans.  opportunities should be given for students to write casebased or actual plans to gain some experience ",organization of plans,7,0,0,0,0,0,0,1,0,
1379,"business continuity refers to the actions taken by senior  management to specify the organization’s efforts if a  disaster renders the organization’s primary operating  location unusable. business continuity (bc) planning  includes contingency planning, incident response,  emergency response, and backup and recovery efforts of  an organization to ensure the availability of critical  resources during an emergency situation. continuity of  organizations in the wake of major events is also a  component. curricular content should include the creation and use of  the bc plans, organization of the plans, occasions to  review/rewrite plans, and examination of sanitized plans.  opportunities should be given for students to write casebased or actual plans to gain some experience ",review rewriting plans,7,0,0,0,0,0,0,1,0,
1380,"business continuity refers to the actions taken by senior  management to specify the organization’s efforts if a  disaster renders the organization’s primary operating  location unusable. business continuity (bc) planning  includes contingency planning, incident response,  emergency response, and backup and recovery efforts of  an organization to ensure the availability of critical  resources during an emergency situation. continuity of  organizations in the wake of major events is also a  component. curricular content should include the creation and use of  the bc plans, organization of the plans, occasions to  review/rewrite plans, and examination of sanitized plans.  opportunities should be given for students to write casebased or actual plans to gain some experience ",sanitized plans examination,7,0,0,0,0,0,0,1,0,
1381,"business continuity refers to the actions taken by senior  management to specify the organization’s efforts if a  disaster renders the organization’s primary operating  location unusable. business continuity (bc) planning  includes contingency planning, incident response,  emergency response, and backup and recovery efforts of  an organization to ensure the availability of critical  resources during an emergency situation. continuity of  organizations in the wake of major events is also a  component. curricular content should include the creation and use of  the bc plans, organization of the plans, occasions to  review/rewrite plans, and examination of sanitized plans.  opportunities should be given for students to write casebased or actual plans to gain some experience ",case based or actual plan writing,7,0,0,0,0,0,0,1,0,
1383,"project management is the application of knowledge,  skills, tools, and techniques to project activities to meet  the project requirements. this topic includes project integration; project scope  management; project time and cost management; quality  management; human resource considerations;  communications; risk management; and procurement  management. ",project integration,7,0,0,0,0,0,0,1,0,
1384,"project management is the application of knowledge,  skills, tools, and techniques to project activities to meet  the project requirements. this topic includes project integration; project scope  management; project time and cost management; quality  management; human resource considerations;  communications; risk management; and procurement  management. ",project scope management,7,0,0,0,0,0,0,1,0,
1385,"project management is the application of knowledge,  skills, tools, and techniques to project activities to meet  the project requirements. this topic includes project integration; project scope  management; project time and cost management; quality  management; human resource considerations;  communications; risk management; and procurement  management. ",project time and cost management,7,0,0,0,0,0,0,1,0,
1386,"project management is the application of knowledge,  skills, tools, and techniques to project activities to meet  the project requirements. this topic includes project integration; project scope  management; project time and cost management; quality  management; human resource considerations;  communications; risk management; and procurement  management. ",quality management,7,0,0,0,0,0,0,1,0,
1387,"project management is the application of knowledge,  skills, tools, and techniques to project activities to meet  the project requirements. this topic includes project integration; project scope  management; project time and cost management; quality  management; human resource considerations;  communications; risk management; and procurement  management. ",human resource considerations,7,0,0,0,0,0,0,1,0,
1388,"project management is the application of knowledge,  skills, tools, and techniques to project activities to meet  the project requirements. this topic includes project integration; project scope  management; project time and cost management; quality  management; human resource considerations;  communications; risk management; and procurement  management. ",communications,7,0,0,0,0,0,0,1,0,
1389,"project management is the application of knowledge,  skills, tools, and techniques to project activities to meet  the project requirements. this topic includes project integration; project scope  management; project time and cost management; quality  management; human resource considerations;  communications; risk management; and procurement  management. ",risk management,7,0,0,0,0,0,0,1,0,
1390,"project management is the application of knowledge,  skills, tools, and techniques to project activities to meet  the project requirements. this topic includes project integration; project scope  management; project time and cost management; quality  management; human resource considerations;  communications; risk management; and procurement  management. ",procurement management,7,0,0,0,0,0,0,1,0,
1391,"resource management is the efficient and effective  deployment and allocation of an organization’s resources  when and where they are needed. such resources may  include financial resources, inventory, human skills,  production resources, or information technology. this topic explains and develops current practices in  resource management, specifically in the context of  projects typical of cybersecurity. ",efficient deployment of financial resources,7,0,0,0,0,0,0,1,0,
1392,"resource management is the efficient and effective  deployment and allocation of an organization’s resources  when and where they are needed. such resources may  include financial resources, inventory, human skills,  production resources, or information technology. this topic explains and develops current practices in  resource management, specifically in the context of  projects typical of cybersecurity. ",allocation of inventory,7,0,0,0,0,0,0,1,0,
1393,"resource management is the efficient and effective  deployment and allocation of an organization’s resources  when and where they are needed. such resources may  include financial resources, inventory, human skills,  production resources, or information technology. this topic explains and develops current practices in  resource management, specifically in the context of  projects typical of cybersecurity. ",utilization of human skills,7,0,0,0,0,0,0,1,0,
1394,"resource management is the efficient and effective  deployment and allocation of an organization’s resources  when and where they are needed. such resources may  include financial resources, inventory, human skills,  production resources, or information technology. this topic explains and develops current practices in  resource management, specifically in the context of  projects typical of cybersecurity. ",management of production resources,7,0,0,0,0,0,0,1,0,
1395,"resource management is the efficient and effective  deployment and allocation of an organization’s resources  when and where they are needed. such resources may  include financial resources, inventory, human skills,  production resources, or information technology. this topic explains and develops current practices in  resource management, specifically in the context of  projects typical of cybersecurity. ",information technology resource management,7,0,0,0,0,0,0,1,0,
1396,"resource management is the efficient and effective  deployment and allocation of an organization’s resources  when and where they are needed. such resources may  include financial resources, inventory, human skills,  production resources, or information technology. this topic explains and develops current practices in  resource management, specifically in the context of  projects typical of cybersecurity. ",current practices in resource management for cybersecurity projects,7,0,0,0,0,0,0,1,0,
1397,"metrics, often described as measures, are effective tools  to discern the effectiveness of the components of their  security programs and drive actions taken to improve a  security program. this topic includes the elements of security metrics, and  how to design, develop, validate and organize them. the  use of metrics in various contexts should be included  such as:  ● use of security metrics in decision making, ● use of security metrics in strategic, tactical and  operational planning, and ● use of security metrics in security program  evaluation, audition, and performance ",elements of security metrics,7,0,0,0,0,0,0,1,0,
1398,"metrics, often described as measures, are effective tools  to discern the effectiveness of the components of their  security programs and drive actions taken to improve a  security program. this topic includes the elements of security metrics, and  how to design, develop, validate and organize them. the  use of metrics in various contexts should be included  such as:  ● use of security metrics in decision making, ● use of security metrics in strategic, tactical and  operational planning, and ● use of security metrics in security program  evaluation, audition, and performance ",designing security metrics,7,0,0,0,0,0,0,1,0,
1399,"metrics, often described as measures, are effective tools  to discern the effectiveness of the components of their  security programs and drive actions taken to improve a  security program. this topic includes the elements of security metrics, and  how to design, develop, validate and organize them. the  use of metrics in various contexts should be included  such as:  ● use of security metrics in decision making, ● use of security metrics in strategic, tactical and  operational planning, and ● use of security metrics in security program  evaluation, audition, and performance ",developing security metrics,7,0,0,0,0,0,0,1,0,
1400,"metrics, often described as measures, are effective tools  to discern the effectiveness of the components of their  security programs and drive actions taken to improve a  security program. this topic includes the elements of security metrics, and  how to design, develop, validate and organize them. the  use of metrics in various contexts should be included  such as:  ● use of security metrics in decision making, ● use of security metrics in strategic, tactical and  operational planning, and ● use of security metrics in security program  evaluation, audition, and performance ",validating security metrics,7,0,0,0,0,0,0,1,0,
1401,"metrics, often described as measures, are effective tools  to discern the effectiveness of the components of their  security programs and drive actions taken to improve a  security program. this topic includes the elements of security metrics, and  how to design, develop, validate and organize them. the  use of metrics in various contexts should be included  such as:  ● use of security metrics in decision making, ● use of security metrics in strategic, tactical and  operational planning, and ● use of security metrics in security program  evaluation, audition, and performance ",organizing security metrics,7,0,0,0,0,0,0,1,0,
1402,"metrics, often described as measures, are effective tools  to discern the effectiveness of the components of their  security programs and drive actions taken to improve a  security program. this topic includes the elements of security metrics, and  how to design, develop, validate and organize them. the  use of metrics in various contexts should be included  such as:  ● use of security metrics in decision making, ● use of security metrics in strategic, tactical and  operational planning, and ● use of security metrics in security program  evaluation, audition, and performance ",use of security metrics in decision making,7,0,0,0,0,0,0,1,0,
1403,"metrics, often described as measures, are effective tools  to discern the effectiveness of the components of their  security programs and drive actions taken to improve a  security program. this topic includes the elements of security metrics, and  how to design, develop, validate and organize them. the  use of metrics in various contexts should be included  such as:  ● use of security metrics in decision making, ● use of security metrics in strategic, tactical and  operational planning, and ● use of security metrics in security program  evaluation, audition, and performance ",use of security metrics in strategic planning,7,0,0,0,0,0,0,1,0,
1404,"metrics, often described as measures, are effective tools  to discern the effectiveness of the components of their  security programs and drive actions taken to improve a  security program. this topic includes the elements of security metrics, and  how to design, develop, validate and organize them. the  use of metrics in various contexts should be included  such as:  ● use of security metrics in decision making, ● use of security metrics in strategic, tactical and  operational planning, and ● use of security metrics in security program  evaluation, audition, and performance ",use of security metrics in tactical planning,7,0,0,0,0,0,0,1,0,
1405,"metrics, often described as measures, are effective tools  to discern the effectiveness of the components of their  security programs and drive actions taken to improve a  security program. this topic includes the elements of security metrics, and  how to design, develop, validate and organize them. the  use of metrics in various contexts should be included  such as:  ● use of security metrics in decision making, ● use of security metrics in strategic, tactical and  operational planning, and ● use of security metrics in security program  evaluation, audition, and performance ",use of security metrics in operational planning,7,0,0,0,0,0,0,1,0,
1406,"metrics, often described as measures, are effective tools  to discern the effectiveness of the components of their  security programs and drive actions taken to improve a  security program. this topic includes the elements of security metrics, and  how to design, develop, validate and organize them. the  use of metrics in various contexts should be included  such as:  ● use of security metrics in decision making, ● use of security metrics in strategic, tactical and  operational planning, and ● use of security metrics in security program  evaluation, audition, and performance ",use of security metrics in security program evaluation,7,0,0,0,0,0,0,1,0,
1407,"metrics, often described as measures, are effective tools  to discern the effectiveness of the components of their  security programs and drive actions taken to improve a  security program. this topic includes the elements of security metrics, and  how to design, develop, validate and organize them. the  use of metrics in various contexts should be included  such as:  ● use of security metrics in decision making, ● use of security metrics in strategic, tactical and  operational planning, and ● use of security metrics in security program  evaluation, audition, and performance ",use of security metrics in security program auditing,7,0,0,0,0,0,0,1,0,
1408,"metrics, often described as measures, are effective tools  to discern the effectiveness of the components of their  security programs and drive actions taken to improve a  security program. this topic includes the elements of security metrics, and  how to design, develop, validate and organize them. the  use of metrics in various contexts should be included  such as:  ● use of security metrics in decision making, ● use of security metrics in strategic, tactical and  operational planning, and ● use of security metrics in security program  evaluation, audition, and performance ",use of security metrics in security program performance,7,0,0,0,0,0,0,1,0,
1409,"quality assurance (qa) and quality control (qc) are  methods used to prevent mistakes which might impact  the character of a deliverable such as a software system;  control specifically refers to methods used to increase  the quality of these systems.  this topic explains and develop current practices in  qa/qc, specifically in the context of projects typical of  cybersecurity. ",methods for preventing mistakes in software systems,7,0,0,0,0,0,0,1,0,
1410,"quality assurance (qa) and quality control (qc) are  methods used to prevent mistakes which might impact  the character of a deliverable such as a software system;  control specifically refers to methods used to increase  the quality of these systems.  this topic explains and develop current practices in  qa/qc, specifically in the context of projects typical of  cybersecurity. ",specifics of quality control in cybersecurity projects,7,0,0,0,0,0,0,1,0,
1411,"quality assurance (qa) and quality control (qc) are  methods used to prevent mistakes which might impact  the character of a deliverable such as a software system;  control specifically refers to methods used to increase  the quality of these systems.  this topic explains and develop current practices in  qa/qc, specifically in the context of projects typical of  cybersecurity. ",current practices in quality assurance for cybersecurity,7,0,0,0,0,0,0,1,0,
1412,"quality assurance (qa) and quality control (qc) are  methods used to prevent mistakes which might impact  the character of a deliverable such as a software system;  control specifically refers to methods used to increase  the quality of these systems.  this topic explains and develop current practices in  qa/qc, specifically in the context of projects typical of  cybersecurity. ",impact of qa qc on software character in cybersecurity contexts,7,0,0,0,0,0,0,1,0,
1414,"this topic covers the avoidance and/or proper use of  fear uncertainty, and doubt (fud) as a tool for  awareness. this topic includes physical security; desktop security;  password security; wireless networks; security phishing;  file sharing and copyright; browsing; encryption; insider  threat; international travel; social networking and social  engineering. ","avoidance and or proper use of fear uncertainty, and doubt (fud)","6,7 ",0,0,0,0,0,1,1,0,
1415,"this topic covers the avoidance and/or proper use of  fear uncertainty, and doubt (fud) as a tool for  awareness. this topic includes physical security; desktop security;  password security; wireless networks; security phishing;  file sharing and copyright; browsing; encryption; insider  threat; international travel; social networking and social  engineering. ",physical security,"6,7 ",0,0,0,0,0,1,1,0,
1416,"this topic covers the avoidance and/or proper use of  fear uncertainty, and doubt (fud) as a tool for  awareness. this topic includes physical security; desktop security;  password security; wireless networks; security phishing;  file sharing and copyright; browsing; encryption; insider  threat; international travel; social networking and social  engineering. ",desktop security,"6,7 ",0,0,0,0,0,1,1,0,
1417,"this topic covers the avoidance and/or proper use of  fear uncertainty, and doubt (fud) as a tool for  awareness. this topic includes physical security; desktop security;  password security; wireless networks; security phishing;  file sharing and copyright; browsing; encryption; insider  threat; international travel; social networking and social  engineering. ",password security,"6,7 ",0,0,0,0,0,1,1,0,
1418,"this topic covers the avoidance and/or proper use of  fear uncertainty, and doubt (fud) as a tool for  awareness. this topic includes physical security; desktop security;  password security; wireless networks; security phishing;  file sharing and copyright; browsing; encryption; insider  threat; international travel; social networking and social  engineering. ",wireless networks,"6,7 ",0,0,0,0,0,1,1,0,
1419,"this topic covers the avoidance and/or proper use of  fear uncertainty, and doubt (fud) as a tool for  awareness. this topic includes physical security; desktop security;  password security; wireless networks; security phishing;  file sharing and copyright; browsing; encryption; insider  threat; international travel; social networking and social  engineering. ",security phishing,"6,7 ",0,0,0,0,0,1,1,0,
1420,"this topic covers the avoidance and/or proper use of  fear uncertainty, and doubt (fud) as a tool for  awareness. this topic includes physical security; desktop security;  password security; wireless networks; security phishing;  file sharing and copyright; browsing; encryption; insider  threat; international travel; social networking and social  engineering. ",file sharing and copyright,"6,7 ",0,0,0,0,0,1,1,0,
1421,"this topic covers the avoidance and/or proper use of  fear uncertainty, and doubt (fud) as a tool for  awareness. this topic includes physical security; desktop security;  password security; wireless networks; security phishing;  file sharing and copyright; browsing; encryption; insider  threat; international travel; social networking and social  engineering. ",browsing,"6,7 ",0,0,0,0,0,1,1,0,
1422,"this topic covers the avoidance and/or proper use of  fear uncertainty, and doubt (fud) as a tool for  awareness. this topic includes physical security; desktop security;  password security; wireless networks; security phishing;  file sharing and copyright; browsing; encryption; insider  threat; international travel; social networking and social  engineering. ",encryption,"6,7 ",0,0,0,0,0,1,1,0,
1423,"this topic covers the avoidance and/or proper use of  fear uncertainty, and doubt (fud) as a tool for  awareness. this topic includes physical security; desktop security;  password security; wireless networks; security phishing;  file sharing and copyright; browsing; encryption; insider  threat; international travel; social networking and social  engineering. ",insider threat,"6,7 ",0,0,0,0,0,1,1,0,
1424,"this topic covers the avoidance and/or proper use of  fear uncertainty, and doubt (fud) as a tool for  awareness. this topic includes physical security; desktop security;  password security; wireless networks; security phishing;  file sharing and copyright; browsing; encryption; insider  threat; international travel; social networking and social  engineering. ",international travel,"6,7 ",0,0,0,0,0,1,1,0,
1425,"this topic covers the avoidance and/or proper use of  fear uncertainty, and doubt (fud) as a tool for  awareness. this topic includes physical security; desktop security;  password security; wireless networks; security phishing;  file sharing and copyright; browsing; encryption; insider  threat; international travel; social networking and social  engineering. ",social networking and social engineering,"6,7 ",0,0,0,0,0,1,1,0,
1426,"the practices, governed by policies, used by  organizations to recruit, hire and train employees across  the organization. this topic includes the principles of this topic, and  students should gain experience with a review of  fictional resumes, fictional background checks, fictional  acted-out interview techniques, fingerprint analysis results, and financial review. ",principles of security hiring practices,7,0,0,0,0,0,0,1,0,
1427,"the practices, governed by policies, used by  organizations to recruit, hire and train employees across  the organization. this topic includes the principles of this topic, and  students should gain experience with a review of  fictional resumes, fictional background checks, fictional  acted-out interview techniques, fingerprint analysis results, and financial review. ",review of fictional resumes,7,0,0,0,0,0,0,1,0,
1428,"the practices, governed by policies, used by  organizations to recruit, hire and train employees across  the organization. this topic includes the principles of this topic, and  students should gain experience with a review of  fictional resumes, fictional background checks, fictional  acted-out interview techniques, fingerprint analysis results, and financial review. ",conducting fictional background checks,7,0,0,0,0,0,0,1,0,
1429,"the practices, governed by policies, used by  organizations to recruit, hire and train employees across  the organization. this topic includes the principles of this topic, and  students should gain experience with a review of  fictional resumes, fictional background checks, fictional  acted-out interview techniques, fingerprint analysis results, and financial review. ",acted out interview techniques,7,0,0,0,0,0,0,1,0,
1430,"the practices, governed by policies, used by  organizations to recruit, hire and train employees across  the organization. this topic includes the principles of this topic, and  students should gain experience with a review of  fictional resumes, fictional background checks, fictional  acted-out interview techniques, fingerprint analysis results, and financial review. ",fingerprint analysis results,7,0,0,0,0,0,0,1,0,
1431,"the practices, governed by policies, used by  organizations to recruit, hire and train employees across  the organization. this topic includes the principles of this topic, and  students should gain experience with a review of  fictional resumes, fictional background checks, fictional  acted-out interview techniques, fingerprint analysis results, and financial review. ",financial review,7,0,0,0,0,0,0,1,0,
1432,"the practices, governed by policies, used by  organizations to terminate employees across the  organization including assigned asset recovery, removal  of credentials and proactive prevention of data  exfiltration. this topic includes the principles of this topic, and  students should gain experience with practice sets and  simulations. ",principles of security termination practices,7,0,0,0,0,0,0,1,0,
1433,"the practices, governed by policies, used by  organizations to terminate employees across the  organization including assigned asset recovery, removal  of credentials and proactive prevention of data  exfiltration. this topic includes the principles of this topic, and  students should gain experience with practice sets and  simulations. ",assigned asset recovery,7,0,0,0,0,0,0,1,0,
1434,"the practices, governed by policies, used by  organizations to terminate employees across the  organization including assigned asset recovery, removal  of credentials and proactive prevention of data  exfiltration. this topic includes the principles of this topic, and  students should gain experience with practice sets and  simulations. ",removal of credentials,7,0,0,0,0,0,0,1,0,
1435,"the practices, governed by policies, used by  organizations to terminate employees across the  organization including assigned asset recovery, removal  of credentials and proactive prevention of data  exfiltration. this topic includes the principles of this topic, and  students should gain experience with practice sets and  simulations. ",proactive prevention of data exfiltration,7,0,0,0,0,0,0,1,0,
1436,"the practices, governed by policies, used by  organizations to terminate employees across the  organization including assigned asset recovery, removal  of credentials and proactive prevention of data  exfiltration. this topic includes the principles of this topic, and  students should gain experience with practice sets and  simulations. ",practice sets,7,0,0,0,0,0,0,1,0,
1437,"the practices, governed by policies, used by  organizations to terminate employees across the  organization including assigned asset recovery, removal  of credentials and proactive prevention of data  exfiltration. this topic includes the principles of this topic, and  students should gain experience with practice sets and  simulations. ",simulations,7,0,0,0,0,0,0,1,0,
1438,"those practices of firms to manage the risks from  contractors, consultants and the staff of key business  partners. this topic includes the principles of this topic, and  students should gain experience with practice sets and  simulations. ",principles of third party security,7,0,0,0,0,0,0,1,0,
1439,"those practices of firms to manage the risks from  contractors, consultants and the staff of key business  partners. this topic includes the principles of this topic, and  students should gain experience with practice sets and  simulations. ",managing risks from contractors,7,0,0,0,0,0,0,1,0,
1440,"those practices of firms to manage the risks from  contractors, consultants and the staff of key business  partners. this topic includes the principles of this topic, and  students should gain experience with practice sets and  simulations. ",managing risks from consultants,7,0,0,0,0,0,0,1,0,
1441,"those practices of firms to manage the risks from  contractors, consultants and the staff of key business  partners. this topic includes the principles of this topic, and  students should gain experience with practice sets and  simulations. ",managing risks from key business partners' staff,7,0,0,0,0,0,0,1,0,
1442,"those practices of firms to manage the risks from  contractors, consultants and the staff of key business  partners. this topic includes the principles of this topic, and  students should gain experience with practice sets and  simulations. ",practice sets related to third party security,7,0,0,0,0,0,0,1,0,
1443,"those practices of firms to manage the risks from  contractors, consultants and the staff of key business  partners. this topic includes the principles of this topic, and  students should gain experience with practice sets and  simulations. ",simulations for third party security management,7,0,0,0,0,0,0,1,0,
1444,"those practices of firms to manage the periodic review  of staff members. this topic includes the principles of this topic, and  students should gain experience with practice sets and  simulations. ",principles of security in review processes,7,0,0,0,0,0,0,1,0,
1445,"those practices of firms to manage the periodic review  of staff members. this topic includes the principles of this topic, and  students should gain experience with practice sets and  simulations. ",practice sets for security reviews,7,0,0,0,0,0,0,1,0,
1446,"those practices of firms to manage the periodic review  of staff members. this topic includes the principles of this topic, and  students should gain experience with practice sets and  simulations. ",simulations for security reviews,7,0,0,0,0,0,0,1,0,
1447,"those practices of firms to secure the personal  information of employees and other stakeholders. this topic includes the principles of this topic, and  students should gain experience with practice sets and  simulations. ",principles of securing employee personal information,"1,6,7,8 ",1,0,0,0,0,1,1,1,
1448,"those practices of firms to secure the personal  information of employees and other stakeholders. this topic includes the principles of this topic, and  students should gain experience with practice sets and  simulations. ",practices of firms to protect such information,"1,6,7,8 ",1,0,0,0,0,1,1,1,
1449,"those practices of firms to secure the personal  information of employees and other stakeholders. this topic includes the principles of this topic, and  students should gain experience with practice sets and  simulations. ",experience with practice sets,"1,6,7,8 ",1,0,0,0,0,1,1,1,
1450,"those practices of firms to secure the personal  information of employees and other stakeholders. this topic includes the principles of this topic, and  students should gain experience with practice sets and  simulations. ",simulations related to privacy of employee information,"1,6,7,8 ",1,0,0,0,0,1,1,1,
1451,"this knowledge unit covers efforts to enhance the  security of the origin and traceability of sourced system  components, such as externally produced hardware or  software. ",enhancing security of origin of components,7,0,0,0,0,0,0,1,0,
1452,"this knowledge unit covers efforts to enhance the  security of the origin and traceability of sourced system  components, such as externally produced hardware or  software. ",traceability of system components,7,0,0,0,0,0,0,1,0,
1453,"this knowledge unit covers efforts to enhance the  security of the origin and traceability of sourced system  components, such as externally produced hardware or  software. ",security measures for externally produced hardware,7,0,0,0,0,0,0,1,0,
1454,"this knowledge unit covers efforts to enhance the  security of the origin and traceability of sourced system  components, such as externally produced hardware or  software. ",security measures for externally produced software,7,0,0,0,0,0,0,1,0,
1455,"the merging of management accountability in the areas  of corporate (physical) security, corporate risk  management, computer security, network security, and  infosec has been an observed phenomenon in practice in  many moderate and large organizations. this topic includes emerging examples of convergence  in practice, which can be a useful outlet for classroom  discussion of emerging topics. ",management accountability convergence,7,0,0,0,0,0,0,1,0,
1456,"the merging of management accountability in the areas  of corporate (physical) security, corporate risk  management, computer security, network security, and  infosec has been an observed phenomenon in practice in  many moderate and large organizations. this topic includes emerging examples of convergence  in practice, which can be a useful outlet for classroom  discussion of emerging topics. ",corporate physical security,7,0,0,0,0,0,0,1,0,
1457,"the merging of management accountability in the areas  of corporate (physical) security, corporate risk  management, computer security, network security, and  infosec has been an observed phenomenon in practice in  many moderate and large organizations. this topic includes emerging examples of convergence  in practice, which can be a useful outlet for classroom  discussion of emerging topics. ",corporate risk management,7,0,0,0,0,0,0,1,0,
1458,"the merging of management accountability in the areas  of corporate (physical) security, corporate risk  management, computer security, network security, and  infosec has been an observed phenomenon in practice in  many moderate and large organizations. this topic includes emerging examples of convergence  in practice, which can be a useful outlet for classroom  discussion of emerging topics. ",computer security,7,0,0,0,0,0,0,1,0,
1459,"the merging of management accountability in the areas  of corporate (physical) security, corporate risk  management, computer security, network security, and  infosec has been an observed phenomenon in practice in  many moderate and large organizations. this topic includes emerging examples of convergence  in practice, which can be a useful outlet for classroom  discussion of emerging topics. ",network security,7,0,0,0,0,0,0,1,0,
1460,"the merging of management accountability in the areas  of corporate (physical) security, corporate risk  management, computer security, network security, and  infosec has been an observed phenomenon in practice in  many moderate and large organizations. this topic includes emerging examples of convergence  in practice, which can be a useful outlet for classroom  discussion of emerging topics. ",infosec,7,0,0,0,0,0,0,1,0,
1461,"optimized processes can add value to broad  organizational operations centers that intersect physical  security and cybersecurity.  this topic covers how correlating global attacks with  local compliance measures is a necessity at times. how  does an attack in malaysia affect business functions in  colorado? gsoc functions need to have clear  communications of the identified attack as well as the  identified region of attack and the region of origin. a  gsoc will need to be able to completely determine the  type of attack, the profile and where it originated to be  able to disseminate that information to the other security  operation centers. ",optimized processes in gsocs,7,0,0,0,0,0,0,1,0,
1462,"optimized processes can add value to broad  organizational operations centers that intersect physical  security and cybersecurity.  this topic covers how correlating global attacks with  local compliance measures is a necessity at times. how  does an attack in malaysia affect business functions in  colorado? gsoc functions need to have clear  communications of the identified attack as well as the  identified region of attack and the region of origin. a  gsoc will need to be able to completely determine the  type of attack, the profile and where it originated to be  able to disseminate that information to the other security  operation centers. ",intersection of physical security and cybersecurity,7,0,0,0,0,0,0,1,0,
1463,"optimized processes can add value to broad  organizational operations centers that intersect physical  security and cybersecurity.  this topic covers how correlating global attacks with  local compliance measures is a necessity at times. how  does an attack in malaysia affect business functions in  colorado? gsoc functions need to have clear  communications of the identified attack as well as the  identified region of attack and the region of origin. a  gsoc will need to be able to completely determine the  type of attack, the profile and where it originated to be  able to disseminate that information to the other security  operation centers. ",correlating global attacks with local compliance measures,7,0,0,0,0,0,0,1,0,
1464,"optimized processes can add value to broad  organizational operations centers that intersect physical  security and cybersecurity.  this topic covers how correlating global attacks with  local compliance measures is a necessity at times. how  does an attack in malaysia affect business functions in  colorado? gsoc functions need to have clear  communications of the identified attack as well as the  identified region of attack and the region of origin. a  gsoc will need to be able to completely determine the  type of attack, the profile and where it originated to be  able to disseminate that information to the other security  operation centers. ",impact of an attack in malaysia on business functions in colorado,7,0,0,0,0,0,0,1,0,
1465,"optimized processes can add value to broad  organizational operations centers that intersect physical  security and cybersecurity.  this topic covers how correlating global attacks with  local compliance measures is a necessity at times. how  does an attack in malaysia affect business functions in  colorado? gsoc functions need to have clear  communications of the identified attack as well as the  identified region of attack and the region of origin. a  gsoc will need to be able to completely determine the  type of attack, the profile and where it originated to be  able to disseminate that information to the other security  operation centers. ",clear communication of attack details,7,0,0,0,0,0,0,1,0,
1466,"optimized processes can add value to broad  organizational operations centers that intersect physical  security and cybersecurity.  this topic covers how correlating global attacks with  local compliance measures is a necessity at times. how  does an attack in malaysia affect business functions in  colorado? gsoc functions need to have clear  communications of the identified attack as well as the  identified region of attack and the region of origin. a  gsoc will need to be able to completely determine the  type of attack, the profile and where it originated to be  able to disseminate that information to the other security  operation centers. ",identification of attack region and origin,7,0,0,0,0,0,0,1,0,
1467,"optimized processes can add value to broad  organizational operations centers that intersect physical  security and cybersecurity.  this topic covers how correlating global attacks with  local compliance measures is a necessity at times. how  does an attack in malaysia affect business functions in  colorado? gsoc functions need to have clear  communications of the identified attack as well as the  identified region of attack and the region of origin. a  gsoc will need to be able to completely determine the  type of attack, the profile and where it originated to be  able to disseminate that information to the other security  operation centers. ",determining the type of attack and attacker profile,7,0,0,0,0,0,0,1,0,
1468,"optimized processes can add value to broad  organizational operations centers that intersect physical  security and cybersecurity.  this topic covers how correlating global attacks with  local compliance measures is a necessity at times. how  does an attack in malaysia affect business functions in  colorado? gsoc functions need to have clear  communications of the identified attack as well as the  identified region of attack and the region of origin. a  gsoc will need to be able to completely determine the  type of attack, the profile and where it originated to be  able to disseminate that information to the other security  operation centers. ",dissemination of information to other security operation centers,7,0,0,0,0,0,0,1,0,
1470,"this knowledge unit aims to provide students with an  understanding of the scope, cost and legal environment  relating to cyber-based intellectual property theft. this  includes both national and international environments.  students should have a strong understanding of the basic  property-rights legislation and be able to help others  navigate the complex legal and ethical world of intellectual  property rights. ",scope of cyber based intellectual property theft,8,0,0,0,0,0,0,0,1,
1471,"this knowledge unit aims to provide students with an  understanding of the scope, cost and legal environment  relating to cyber-based intellectual property theft. this  includes both national and international environments.  students should have a strong understanding of the basic  property-rights legislation and be able to help others  navigate the complex legal and ethical world of intellectual  property rights. ",cost implications of cyber based intellectual property theft,8,0,0,0,0,0,0,0,1,
1472,"this knowledge unit aims to provide students with an  understanding of the scope, cost and legal environment  relating to cyber-based intellectual property theft. this  includes both national and international environments.  students should have a strong understanding of the basic  property-rights legislation and be able to help others  navigate the complex legal and ethical world of intellectual  property rights. ",national legal environment for intellectual property rights,8,0,0,0,0,0,0,0,1,
1473,"this knowledge unit aims to provide students with an  understanding of the scope, cost and legal environment  relating to cyber-based intellectual property theft. this  includes both national and international environments.  students should have a strong understanding of the basic  property-rights legislation and be able to help others  navigate the complex legal and ethical world of intellectual  property rights. ",international legal environment for intellectual property rights,8,0,0,0,0,0,0,0,1,
1474,"this knowledge unit aims to provide students with an  understanding of the scope, cost and legal environment  relating to cyber-based intellectual property theft. this  includes both national and international environments.  students should have a strong understanding of the basic  property-rights legislation and be able to help others  navigate the complex legal and ethical world of intellectual  property rights. ",basic property rights legislation,8,0,0,0,0,0,0,0,1,
1475,"this knowledge unit aims to provide students with an  understanding of the scope, cost and legal environment  relating to cyber-based intellectual property theft. this  includes both national and international environments.  students should have a strong understanding of the basic  property-rights legislation and be able to help others  navigate the complex legal and ethical world of intellectual  property rights. ",legal and ethical considerations in intellectual property rights,8,0,0,0,0,0,0,0,1,
1476,"behavior that attacks individual / companies compute device  or computer infrastructure to perform malicious activities,  such as spreading viruses, data theft, and identity theft. ",attacks on individual compute devices,8,0,0,0,0,0,0,0,1,
1477,"behavior that attacks individual / companies compute device  or computer infrastructure to perform malicious activities,  such as spreading viruses, data theft, and identity theft. ",attacks on company computer infrastructure,8,0,0,0,0,0,0,0,1,
1478,"behavior that attacks individual / companies compute device  or computer infrastructure to perform malicious activities,  such as spreading viruses, data theft, and identity theft. ",spreading viruses,8,0,0,0,0,0,0,0,1,
1479,"behavior that attacks individual / companies compute device  or computer infrastructure to perform malicious activities,  such as spreading viruses, data theft, and identity theft. ",data theft,8,0,0,0,0,0,0,0,1,
1480,"behavior that attacks individual / companies compute device  or computer infrastructure to perform malicious activities,  such as spreading viruses, data theft, and identity theft. ",identity theft,8,0,0,0,0,0,0,0,1,
1481,activities in cyberspace geared to generate societal fear and  uncertainty. ,activities in cyberspace,8,0,0,0,0,0,0,0,1,
1482,activities in cyberspace geared to generate societal fear and  uncertainty. ,generation of societal fear,8,0,0,0,0,0,0,0,1,
1483,activities in cyberspace geared to generate societal fear and  uncertainty. ,creation of uncertainty,8,0,0,0,0,0,0,0,1,
1484,"methods for investigating cyberattacks by criminals,  cybercriminal organizations, overseas adversaries, and  terrorists. ",methods for investigating cyberattacks,8,0,0,0,0,0,0,0,1,
1485,"methods for investigating cyberattacks by criminals,  cybercriminal organizations, overseas adversaries, and  terrorists. ",cybercriminal organizations,8,0,0,0,0,0,0,0,1,
1486,"methods for investigating cyberattacks by criminals,  cybercriminal organizations, overseas adversaries, and  terrorists. ",overseas adversaries,8,0,0,0,0,0,0,0,1,
1487,"methods for investigating cyberattacks by criminals,  cybercriminal organizations, overseas adversaries, and  terrorists. ",terrorists,8,0,0,0,0,0,0,0,1,
1488,"●risks of cybercrime are too low, while the rewards are too  high, and ●the use of (untraceable) cryptocurrencies in committing  cybercrimes online and in the dark web (bitcoin). ",risks of cybercrime,8,0,0,0,0,0,0,0,1,
1489,"●risks of cybercrime are too low, while the rewards are too  high, and ●the use of (untraceable) cryptocurrencies in committing  cybercrimes online and in the dark web (bitcoin). ",rewards of cybercrime,8,0,0,0,0,0,0,0,1,
1490,"●risks of cybercrime are too low, while the rewards are too  high, and ●the use of (untraceable) cryptocurrencies in committing  cybercrimes online and in the dark web (bitcoin). ",use of cryptocurrencies in cybercrimes,8,0,0,0,0,0,0,0,1,
1491,"●risks of cybercrime are too low, while the rewards are too  high, and ●the use of (untraceable) cryptocurrencies in committing  cybercrimes online and in the dark web (bitcoin). ",dark web and cybercrimes,8,0,0,0,0,0,0,0,1,
1492,this knowledge unit aims to provide students with a broad  understanding of the current legal environment in relation to  cyberspace. this includes both domestic and international  laws as well as the application of jurisdictional boundaries in  cyber-based legal cases. students should have a strong  understanding of current applicable legislation and a strong  background in the formation of these legal tools. ,current legal environment in cyberspace,"7,8 ",0,0,0,0,0,0,1,1,
1493,this knowledge unit aims to provide students with a broad  understanding of the current legal environment in relation to  cyberspace. this includes both domestic and international  laws as well as the application of jurisdictional boundaries in  cyber-based legal cases. students should have a strong  understanding of current applicable legislation and a strong  background in the formation of these legal tools. ,domestic laws related to cyberspace,"7,8 ",0,0,0,0,0,0,1,1,
1494,this knowledge unit aims to provide students with a broad  understanding of the current legal environment in relation to  cyberspace. this includes both domestic and international  laws as well as the application of jurisdictional boundaries in  cyber-based legal cases. students should have a strong  understanding of current applicable legislation and a strong  background in the formation of these legal tools. ,international laws related to cyberspace,"7,8 ",0,0,0,0,0,0,1,1,
1495,this knowledge unit aims to provide students with a broad  understanding of the current legal environment in relation to  cyberspace. this includes both domestic and international  laws as well as the application of jurisdictional boundaries in  cyber-based legal cases. students should have a strong  understanding of current applicable legislation and a strong  background in the formation of these legal tools. ,application of jurisdictional boundaries in cyber based legal cases,"7,8 ",0,0,0,0,0,0,1,1,
1496,this knowledge unit aims to provide students with a broad  understanding of the current legal environment in relation to  cyberspace. this includes both domestic and international  laws as well as the application of jurisdictional boundaries in  cyber-based legal cases. students should have a strong  understanding of current applicable legislation and a strong  background in the formation of these legal tools. ,current applicable legislation in cyberspace,"7,8 ",0,0,0,0,0,0,1,1,
1497,this knowledge unit aims to provide students with a broad  understanding of the current legal environment in relation to  cyberspace. this includes both domestic and international  laws as well as the application of jurisdictional boundaries in  cyber-based legal cases. students should have a strong  understanding of current applicable legislation and a strong  background in the formation of these legal tools. ,formation of legal tools for cyberspace,"7,8 ",0,0,0,0,0,0,1,1,
1498,"this topic included: ●executive power, ●legislative power, ●first amendment, ●fourth amendment, and ●tenth amendment. ",executive power,"7,8 ",0,0,0,0,0,0,1,1,
1499,"this topic included: ●executive power, ●legislative power, ●first amendment, ●fourth amendment, and ●tenth amendment. ",legislative power,"7,8 ",0,0,0,0,0,0,1,1,
1500,"this topic included: ●executive power, ●legislative power, ●first amendment, ●fourth amendment, and ●tenth amendment. ",first amendment,"7,8 ",0,0,0,0,0,0,1,1,
1501,"this topic included: ●executive power, ●legislative power, ●first amendment, ●fourth amendment, and ●tenth amendment. ",fourth amendment,"7,8 ",0,0,0,0,0,0,1,1,
1502,"this topic included: ●executive power, ●legislative power, ●first amendment, ●fourth amendment, and ●tenth amendment. ",tenth amendment,"7,8 ",0,0,0,0,0,0,1,1,
1503,"this topic covers: ●the scope, cost and legal environment relating to cyberbased intellectual property theft,  ●the specific content will be driven by the country of focus.  in the u.s., cover section 1201 of the digital millennium copyright act, and ●anti–circumvention - digital millennium copyright act  (dmca 1201). ",scope of cyberbased intellectual property theft,"7,8 ",0,0,0,0,0,0,1,1,
1504,"this topic covers: ●the scope, cost and legal environment relating to cyberbased intellectual property theft,  ●the specific content will be driven by the country of focus.  in the u.s., cover section 1201 of the digital millennium copyright act, and ●anti–circumvention - digital millennium copyright act  (dmca 1201). ",cost implications of cyberbased intellectual property theft,"7,8 ",0,0,0,0,0,0,1,1,
1505,"this topic covers: ●the scope, cost and legal environment relating to cyberbased intellectual property theft,  ●the specific content will be driven by the country of focus.  in the u.s., cover section 1201 of the digital millennium copyright act, and ●anti–circumvention - digital millennium copyright act  (dmca 1201). ",legal environment surrounding cyberbased intellectual property theft,"7,8 ",0,0,0,0,0,0,1,1,
1506,"this topic covers: ●the scope, cost and legal environment relating to cyberbased intellectual property theft,  ●the specific content will be driven by the country of focus.  in the u.s., cover section 1201 of the digital millennium copyright act, and ●anti–circumvention - digital millennium copyright act  (dmca 1201). ",u.s. specific focus on section 1201 of the digital millennium copyright act,"7,8 ",0,0,0,0,0,0,1,1,
1507,"this topic covers: ●the scope, cost and legal environment relating to cyberbased intellectual property theft,  ●the specific content will be driven by the country of focus.  in the u.s., cover section 1201 of the digital millennium copyright act, and ●anti–circumvention - digital millennium copyright act  (dmca 1201). ",anti circumvention measures under dmca 1201,"7,8 ",0,0,0,0,0,0,1,1,
1508,"this topic includes: ●laws governing internet privacy, ●laws governing social media privacy, and ●electronic surveillance laws, such as wiretap act, stored  communications act, and pen register act. ",laws governing internet privacy,"1,6,7,8 ",1,0,0,0,0,1,1,1,
1509,"this topic includes: ●laws governing internet privacy, ●laws governing social media privacy, and ●electronic surveillance laws, such as wiretap act, stored  communications act, and pen register act. ",laws governing social media privacy,"1,6,7,8 ",1,0,0,0,0,1,1,1,
1510,"this topic includes: ●laws governing internet privacy, ●laws governing social media privacy, and ●electronic surveillance laws, such as wiretap act, stored  communications act, and pen register act. ",wiretap act,"1,6,7,8 ",1,0,0,0,0,1,1,1,
1511,"this topic includes: ●laws governing internet privacy, ●laws governing social media privacy, and ●electronic surveillance laws, such as wiretap act, stored  communications act, and pen register act. ",stored communications act,"1,6,7,8 ",1,0,0,0,0,1,1,1,
1512,"this topic includes: ●laws governing internet privacy, ●laws governing social media privacy, and ●electronic surveillance laws, such as wiretap act, stored  communications act, and pen register act. ",pen register act,"1,6,7,8 ",1,0,0,0,0,1,1,1,
1513,"this topic includes: ●section 5 of the u.s. federal trade commission, ●state data security laws, ●state data-breach notification laws, ●health insurance portability accountability act (hipaa), ●gramm leach bliley act (glba), and ●information sharing through us-cert, cybersecurity act  of 2015. ",ection 5 of the u.s. federal trade commission,8,0,0,0,0,0,0,0,1,
1514,"this topic includes: ●section 5 of the u.s. federal trade commission, ●state data security laws, ●state data-breach notification laws, ●health insurance portability accountability act (hipaa), ●gramm leach bliley act (glba), and ●information sharing through us-cert, cybersecurity act  of 2015. ",tate data security laws,8,0,0,0,0,0,0,0,1,
1515,"this topic includes: ●section 5 of the u.s. federal trade commission, ●state data security laws, ●state data-breach notification laws, ●health insurance portability accountability act (hipaa), ●gramm leach bliley act (glba), and ●information sharing through us-cert, cybersecurity act  of 2015. ",tate data breach notification laws,8,0,0,0,0,0,0,0,1,
1516,"this topic includes: ●section 5 of the u.s. federal trade commission, ●state data security laws, ●state data-breach notification laws, ●health insurance portability accountability act (hipaa), ●gramm leach bliley act (glba), and ●information sharing through us-cert, cybersecurity act  of 2015. ",ealth insurance portability accountability act (hipaa),8,0,0,0,0,0,0,0,1,
1517,"this topic includes: ●section 5 of the u.s. federal trade commission, ●state data security laws, ●state data-breach notification laws, ●health insurance portability accountability act (hipaa), ●gramm leach bliley act (glba), and ●information sharing through us-cert, cybersecurity act  of 2015. ",ramm leach bliley act (glba),8,0,0,0,0,0,0,0,1,
1518,"this topic includes: ●section 5 of the u.s. federal trade commission, ●state data security laws, ●state data-breach notification laws, ●health insurance portability accountability act (hipaa), ●gramm leach bliley act (glba), and ●information sharing through us-cert, cybersecurity act  of 2015. ","nformation sharing through us cert, cybersecurity act of 2015",8,0,0,0,0,0,0,0,1,
1519,"this topic covers: ●u.s. federal computer crime laws, such as computer  fraud and abuse act. most computer hacking offenses are  prosecuted under the computer fraud and abuse act in  the u.s. ●international framework and cooperation needed to  prosecute overseas hackers. ",u.s. federal computer crime laws,8,0,0,0,0,0,0,0,1,
1520,"this topic covers: ●u.s. federal computer crime laws, such as computer  fraud and abuse act. most computer hacking offenses are  prosecuted under the computer fraud and abuse act in  the u.s. ●international framework and cooperation needed to  prosecute overseas hackers. ",computer fraud and abuse act,8,0,0,0,0,0,0,0,1,
1521,"this topic covers: ●u.s. federal computer crime laws, such as computer  fraud and abuse act. most computer hacking offenses are  prosecuted under the computer fraud and abuse act in  the u.s. ●international framework and cooperation needed to  prosecute overseas hackers. ",prosecution of computer hacking offenses in the u.s.,8,0,0,0,0,0,0,0,1,
1522,"this topic covers: ●u.s. federal computer crime laws, such as computer  fraud and abuse act. most computer hacking offenses are  prosecuted under the computer fraud and abuse act in  the u.s. ●international framework and cooperation needed to  prosecute overseas hackers. ",international framework forprosecuting overseas hackers,8,0,0,0,0,0,0,0,1,
1523,"this topic includes: ●forensically-sound collection of digital evidence, and ●preserving the chain of custody. ",forensically sound collection of digital evidence,8,0,0,0,0,0,0,0,1,
1524,"this topic includes: ●forensically-sound collection of digital evidence, and ●preserving the chain of custody. ",preserving the chain of custody,8,0,0,0,0,0,0,0,1,
1525,"this topic includes: ●distinction among browse-wrap, click-wrap, and shrinkwrap agreements. ●the electronic signatures in global and international  commerce act (esgica) of 2000; digital contracts and  electronic signatures are just as legal and enforceable as  traditional paper contracts signed in ink. ","distinction among browse wrap, click wrap, and shrinkwrap agreements",8,0,0,0,0,0,0,0,1,
1526,"this topic includes: ●distinction among browse-wrap, click-wrap, and shrinkwrap agreements. ●the electronic signatures in global and international  commerce act (esgica) of 2000; digital contracts and  electronic signatures are just as legal and enforceable as  traditional paper contracts signed in ink. ",the electronic signatures in global and international commerce act (esgica) of 2000,8,0,0,0,0,0,0,0,1,
1527,"this topic includes: ●distinction among browse-wrap, click-wrap, and shrinkwrap agreements. ●the electronic signatures in global and international  commerce act (esgica) of 2000; digital contracts and  electronic signatures are just as legal and enforceable as  traditional paper contracts signed in ink. ",digital contracts and electronic signatures are just as legal and enforceable as traditional paper contracts signed in ink,8,0,0,0,0,0,0,0,1,
1528,this topic covers jurisdictional limitations of multinational  accords. examples: budapest convention on cybercrime and the  g-7 cybersecurity accord on financial institutions. ,jurisdictional limitations in multinational accords,8,0,0,0,0,0,0,0,1,
1529,this topic covers jurisdictional limitations of multinational  accords. examples: budapest convention on cybercrime and the  g-7 cybersecurity accord on financial institutions. ,budapest convention on cybercrime,8,0,0,0,0,0,0,0,1,
1530,this topic covers jurisdictional limitations of multinational  accords. examples: budapest convention on cybercrime and the  g-7 cybersecurity accord on financial institutions. ,g 7 cybersecurity accord on financial institutions,8,0,0,0,0,0,0,0,1,
1531,"requirements of the general data protection regulation  (gdpr). privacy shield agreement between countries, such  as the united states and the united kingdom, allowing the  transfer of personal data. ",requirements of the general data protection regulation (gdpr),"1,6,7,8 ",1,0,0,0,0,1,1,1,
1532,"requirements of the general data protection regulation  (gdpr). privacy shield agreement between countries, such  as the united states and the united kingdom, allowing the  transfer of personal data. ",privacy shield agreement,"1,6,7,8 ",1,0,0,0,0,1,1,1,
1533,"requirements of the general data protection regulation  (gdpr). privacy shield agreement between countries, such  as the united states and the united kingdom, allowing the  transfer of personal data. ",transfer of personal data between united states and united kingdom,"1,6,7,8 ",1,0,0,0,0,1,1,1,
1534,"this knowledge unit aims to give students a foundation for  both understanding and applying moral reasoning models to  addressing current and emerging ethical dilemmas on an individual and group (professional) level. it also sensitizes  students to debates about whether ethics in computing is a  unique problem or part of a larger phenomenon, and helps  students to think through how their nation's culture and legal  framework impact their understanding and implementation  of ethics in their society. ",understanding moral reasoning models,"2,7,8 ",0,1,0,0,0,0,1,1,
1535,"this knowledge unit aims to give students a foundation for  both understanding and applying moral reasoning models to  addressing current and emerging ethical dilemmas on an individual and group (professional) level. it also sensitizes  students to debates about whether ethics in computing is a  unique problem or part of a larger phenomenon, and helps  students to think through how their nation's culture and legal  framework impact their understanding and implementation  of ethics in their society. ",applying moral reasoning models to address ethical dilemmas,"2,7,8 ",0,1,0,0,0,0,1,1,
1536,"this knowledge unit aims to give students a foundation for  both understanding and applying moral reasoning models to  addressing current and emerging ethical dilemmas on an individual and group (professional) level. it also sensitizes  students to debates about whether ethics in computing is a  unique problem or part of a larger phenomenon, and helps  students to think through how their nation's culture and legal  framework impact their understanding and implementation  of ethics in their society. ",individual ethical dilemmas,"2,7,8 ",0,1,0,0,0,0,1,1,
1537,"this knowledge unit aims to give students a foundation for  both understanding and applying moral reasoning models to  addressing current and emerging ethical dilemmas on an individual and group (professional) level. it also sensitizes  students to debates about whether ethics in computing is a  unique problem or part of a larger phenomenon, and helps  students to think through how their nation's culture and legal  framework impact their understanding and implementation  of ethics in their society. ",group professional ethical dilemmas,"2,7,8 ",0,1,0,0,0,0,1,1,
1538,"this knowledge unit aims to give students a foundation for  both understanding and applying moral reasoning models to  addressing current and emerging ethical dilemmas on an individual and group (professional) level. it also sensitizes  students to debates about whether ethics in computing is a  unique problem or part of a larger phenomenon, and helps  students to think through how their nation's culture and legal  framework impact their understanding and implementation  of ethics in their society. ",debates on uniqueness of ethics in computing,"2,7,8 ",0,1,0,0,0,0,1,1,
1539,"this knowledge unit aims to give students a foundation for  both understanding and applying moral reasoning models to  addressing current and emerging ethical dilemmas on an individual and group (professional) level. it also sensitizes  students to debates about whether ethics in computing is a  unique problem or part of a larger phenomenon, and helps  students to think through how their nation's culture and legal  framework impact their understanding and implementation  of ethics in their society. ",impact of culture on ethics in society,"2,7,8 ",0,1,0,0,0,0,1,1,
1540,"this knowledge unit aims to give students a foundation for  both understanding and applying moral reasoning models to  addressing current and emerging ethical dilemmas on an individual and group (professional) level. it also sensitizes  students to debates about whether ethics in computing is a  unique problem or part of a larger phenomenon, and helps  students to think through how their nation's culture and legal  framework impact their understanding and implementation  of ethics in their society. ",impact of legal framework on ethics in society,"2,7,8 ",0,1,0,0,0,0,1,1,
1541,"for this topic: ●compare and contrast major ethical stances, including  virtue ethics, utilitarian ethics and deontological ethics. ●apply the three different ethical stances in thinking  through the ethical consequences of a particular problem  or action. ",compare and contrast virtue ethics,8,0,0,0,0,0,0,0,1,
1542,"for this topic: ●compare and contrast major ethical stances, including  virtue ethics, utilitarian ethics and deontological ethics. ●apply the three different ethical stances in thinking  through the ethical consequences of a particular problem  or action. ",compare and contrast utilitarian ethics,8,0,0,0,0,0,0,0,1,
1543,"for this topic: ●compare and contrast major ethical stances, including  virtue ethics, utilitarian ethics and deontological ethics. ●apply the three different ethical stances in thinking  through the ethical consequences of a particular problem  or action. ",compare and contrast deontological ethics,8,0,0,0,0,0,0,0,1,
1544,"for this topic: ●compare and contrast major ethical stances, including  virtue ethics, utilitarian ethics and deontological ethics. ●apply the three different ethical stances in thinking  through the ethical consequences of a particular problem  or action. ",apply virtue ethics to a problem,8,0,0,0,0,0,0,0,1,
1545,"for this topic: ●compare and contrast major ethical stances, including  virtue ethics, utilitarian ethics and deontological ethics. ●apply the three different ethical stances in thinking  through the ethical consequences of a particular problem  or action. ",apply utilitarian ethics to a problem,8,0,0,0,0,0,0,0,1,
1546,"for this topic: ●compare and contrast major ethical stances, including  virtue ethics, utilitarian ethics and deontological ethics. ●apply the three different ethical stances in thinking  through the ethical consequences of a particular problem  or action. ",apply deontological ethics to a problem,8,0,0,0,0,0,0,0,1,
1547,"this topic covers: ●major professional societies, such as acm, ieee-cs,  ais, and (isc)2, ●professional responsibility, and ●ethical responsibility in relation to surveillance. ",major professional societies,8,0,0,0,0,0,0,0,1,
1548,"this topic covers: ●major professional societies, such as acm, ieee-cs,  ais, and (isc)2, ●professional responsibility, and ●ethical responsibility in relation to surveillance. ",professional responsibility,8,0,0,0,0,0,0,0,1,
1549,"this topic covers: ●major professional societies, such as acm, ieee-cs,  ais, and (isc)2, ●professional responsibility, and ●ethical responsibility in relation to surveillance. ",ethical responsibility in relation to surveillance,8,0,0,0,0,0,0,0,1,
1550,"for this topic: ●describe the ways in which decision-making algorithms  may over-represent or underrepresent majority and  minority groups in society, and ●analyze the ways in which algorithms may implicitly  include social, gender and class biases. ",over representation and underrepresentation in decision making algorithms,8,0,0,0,0,0,0,0,1,
1551,"for this topic: ●describe the ways in which decision-making algorithms  may over-represent or underrepresent majority and  minority groups in society, and ●analyze the ways in which algorithms may implicitly  include social, gender and class biases. ",social biases in algorithms,8,0,0,0,0,0,0,0,1,
1552,"for this topic: ●describe the ways in which decision-making algorithms  may over-represent or underrepresent majority and  minority groups in society, and ●analyze the ways in which algorithms may implicitly  include social, gender and class biases. ",gender biases in algorithms,8,0,0,0,0,0,0,0,1,
1553,"for this topic: ●describe the ways in which decision-making algorithms  may over-represent or underrepresent majority and  minority groups in society, and ●analyze the ways in which algorithms may implicitly  include social, gender and class biases. ",class biases in algorithms,8,0,0,0,0,0,0,0,1,
1554,"for this topic: ●understand that ethical practices and legal codes may not  always align exactly,  ●ethical practices can be seen as universal while laws may  be nation- or region-specific (e.g., european union), and ●laws may evolve but ethical values can be described as  unchanging ",ethical practices vs. legal codes alignment,8,0,0,0,0,0,0,0,1,
1555,"for this topic: ●understand that ethical practices and legal codes may not  always align exactly,  ●ethical practices can be seen as universal while laws may  be nation- or region-specific (e.g., european union), and ●laws may evolve but ethical values can be described as  unchanging ",universality of ethical practices,8,0,0,0,0,0,0,0,1,
1556,"for this topic: ●understand that ethical practices and legal codes may not  always align exactly,  ●ethical practices can be seen as universal while laws may  be nation- or region-specific (e.g., european union), and ●laws may evolve but ethical values can be described as  unchanging ",nation  or region specific laws,8,0,0,0,0,0,0,0,1,
1557,"for this topic: ●understand that ethical practices and legal codes may not  always align exactly,  ●ethical practices can be seen as universal while laws may  be nation- or region-specific (e.g., european union), and ●laws may evolve but ethical values can be described as  unchanging ",evolution of laws,8,0,0,0,0,0,0,0,1,
1558,"for this topic: ●understand that ethical practices and legal codes may not  always align exactly,  ●ethical practices can be seen as universal while laws may  be nation- or region-specific (e.g., european union), and ●laws may evolve but ethical values can be described as  unchanging ",unchanging nature of ethical values,8,0,0,0,0,0,0,0,1,
1559,"for this topic: ●define autonomous decision-making, ●define artificial intelligence and describe ethical dilemmas  presented by the use or employment of artificial  intelligence (ai), ●describe legislative advances which have defined  personhood and digital personhood, and ●describe the conflict created by legal notions of  responsibility and the use of unmanned or autonomous  decision-making programs. ",define autonomous decision making,8,0,0,0,0,0,0,0,1,
1560,"for this topic: ●define autonomous decision-making, ●define artificial intelligence and describe ethical dilemmas  presented by the use or employment of artificial  intelligence (ai), ●describe legislative advances which have defined  personhood and digital personhood, and ●describe the conflict created by legal notions of  responsibility and the use of unmanned or autonomous  decision-making programs. ",define artificial intelligence,8,0,0,0,0,0,0,0,1,
1561,"for this topic: ●define autonomous decision-making, ●define artificial intelligence and describe ethical dilemmas  presented by the use or employment of artificial  intelligence (ai), ●describe legislative advances which have defined  personhood and digital personhood, and ●describe the conflict created by legal notions of  responsibility and the use of unmanned or autonomous  decision-making programs. ",describe ethical dilemmas presented by ai,8,0,0,0,0,0,0,0,1,
1562,"for this topic: ●define autonomous decision-making, ●define artificial intelligence and describe ethical dilemmas  presented by the use or employment of artificial  intelligence (ai), ●describe legislative advances which have defined  personhood and digital personhood, and ●describe the conflict created by legal notions of  responsibility and the use of unmanned or autonomous  decision-making programs. ",describe legislative advances defining personhood,8,0,0,0,0,0,0,0,1,
1563,"for this topic: ●define autonomous decision-making, ●define artificial intelligence and describe ethical dilemmas  presented by the use or employment of artificial  intelligence (ai), ●describe legislative advances which have defined  personhood and digital personhood, and ●describe the conflict created by legal notions of  responsibility and the use of unmanned or autonomous  decision-making programs. ",describe legislative advances defining digital personhood,8,0,0,0,0,0,0,0,1,
1564,"for this topic: ●define autonomous decision-making, ●define artificial intelligence and describe ethical dilemmas  presented by the use or employment of artificial  intelligence (ai), ●describe legislative advances which have defined  personhood and digital personhood, and ●describe the conflict created by legal notions of  responsibility and the use of unmanned or autonomous  decision-making programs. ",describe conflict between legal responsibility and autonomous decision making programs,8,0,0,0,0,0,0,0,1,
1565,"this topic includes: ●just war principles to cyberspace in relation to conflict  initiation, behaviors in conflict, conflict cessation/post  conflict situation; ●ethical problems created in conduct of cyber espionage; ●norm and rule violation as it relates to cyber terrorism ",just war principles in cyberspace,8,0,0,0,0,0,0,0,1,
1566,"this topic includes: ●just war principles to cyberspace in relation to conflict  initiation, behaviors in conflict, conflict cessation/post  conflict situation; ●ethical problems created in conduct of cyber espionage; ●norm and rule violation as it relates to cyber terrorism ",conflict initiation in cyberspace,8,0,0,0,0,0,0,0,1,
1567,"this topic includes: ●just war principles to cyberspace in relation to conflict  initiation, behaviors in conflict, conflict cessation/post  conflict situation; ●ethical problems created in conduct of cyber espionage; ●norm and rule violation as it relates to cyber terrorism ",behaviors in conflict in cyberspace,8,0,0,0,0,0,0,0,1,
1568,"this topic includes: ●just war principles to cyberspace in relation to conflict  initiation, behaviors in conflict, conflict cessation/post  conflict situation; ●ethical problems created in conduct of cyber espionage; ●norm and rule violation as it relates to cyber terrorism ",conflict cessation post conflict situations in cyberspace,8,0,0,0,0,0,0,0,1,
1569,"this topic includes: ●just war principles to cyberspace in relation to conflict  initiation, behaviors in conflict, conflict cessation/post  conflict situation; ●ethical problems created in conduct of cyber espionage; ●norm and rule violation as it relates to cyber terrorism ",ethical problems in cyber espionage,8,0,0,0,0,0,0,0,1,
1570,"this topic includes: ●just war principles to cyberspace in relation to conflict  initiation, behaviors in conflict, conflict cessation/post  conflict situation; ●ethical problems created in conduct of cyber espionage; ●norm and rule violation as it relates to cyber terrorism ",norm and rule violations related to cyber terrorism,8,0,0,0,0,0,0,0,1,
1571,"this topic includes: ●ethical penetration testing versus unethical hacking, ●ethical hacking principles and conditions, and ●distinguish among nuisance hacking, activist hacking,  criminal hacking, and acts of war. ",ethical penetration testing versus unethical hacking,8,0,0,0,0,0,0,0,1,
1572,"this topic includes: ●ethical penetration testing versus unethical hacking, ●ethical hacking principles and conditions, and ●distinguish among nuisance hacking, activist hacking,  criminal hacking, and acts of war. ",ethical hacking principles and conditions,8,0,0,0,0,0,0,0,1,
1573,"this topic includes: ●ethical penetration testing versus unethical hacking, ●ethical hacking principles and conditions, and ●distinguish among nuisance hacking, activist hacking,  criminal hacking, and acts of war. ",nuisance hacking,8,0,0,0,0,0,0,0,1,
1574,"this topic includes: ●ethical penetration testing versus unethical hacking, ●ethical hacking principles and conditions, and ●distinguish among nuisance hacking, activist hacking,  criminal hacking, and acts of war. ",activist hacking,8,0,0,0,0,0,0,0,1,
1575,"this topic includes: ●ethical penetration testing versus unethical hacking, ●ethical hacking principles and conditions, and ●distinguish among nuisance hacking, activist hacking,  criminal hacking, and acts of war. ",criminal hacking,8,0,0,0,0,0,0,0,1,
1576,"this topic includes: ●ethical penetration testing versus unethical hacking, ●ethical hacking principles and conditions, and ●distinguish among nuisance hacking, activist hacking,  criminal hacking, and acts of war. ",acts of war,8,0,0,0,0,0,0,0,1,
1577,common ethical frameworks and normative theories related  to cybersecurity from individual and societal perspectives. ,ethical frameworks in cybersecurity,8,0,0,0,0,0,0,0,1,
1578,common ethical frameworks and normative theories related  to cybersecurity from individual and societal perspectives. ,normative theories in cybersecurity,8,0,0,0,0,0,0,0,1,
1579,common ethical frameworks and normative theories related  to cybersecurity from individual and societal perspectives. ,individual perspective on cybersecurity ethics,8,0,0,0,0,0,0,0,1,
1580,common ethical frameworks and normative theories related  to cybersecurity from individual and societal perspectives. ,societal perspective on cybersecurity ethics,8,0,0,0,0,0,0,0,1,
1581,"the cyber policy knowledge unit is intended to help  students understand and analyze cyber issues as they relate  to the national interest generally, and to national (and  national security) policy more specifically. students are  expected to gain an understanding of questions relating to  the use of cyber as an instrument of war, and to distinguish  between the uses of cyber as such an instrument and the  possibility of cyberwar itself occurring. students will be  given an opportunity to grapple with questions regarding  how the use of cyber can be signaled to other countries, as  well as the challenges associated with its deterrence.  students are also expected to grasp the historical trends that  have made cyber important to national policy and the  development of a national cyber policy architecture.  students will be expected to demonstrate original thinking  about how cyber affects the national interest, including  economic, and the policy implications for national policy  arising from cyber ",understanding cyber as an instrument of war,"7,8 ",0,0,0,0,0,0,1,1,
1582,"the cyber policy knowledge unit is intended to help  students understand and analyze cyber issues as they relate  to the national interest generally, and to national (and  national security) policy more specifically. students are  expected to gain an understanding of questions relating to  the use of cyber as an instrument of war, and to distinguish  between the uses of cyber as such an instrument and the  possibility of cyberwar itself occurring. students will be  given an opportunity to grapple with questions regarding  how the use of cyber can be signaled to other countries, as  well as the challenges associated with its deterrence.  students are also expected to grasp the historical trends that  have made cyber important to national policy and the  development of a national cyber policy architecture.  students will be expected to demonstrate original thinking  about how cyber affects the national interest, including  economic, and the policy implications for national policy  arising from cyber ",distinguishing between cyber as an instrument of war and cyberwar,"7,8 ",0,0,0,0,0,0,1,1,
1583,"the cyber policy knowledge unit is intended to help  students understand and analyze cyber issues as they relate  to the national interest generally, and to national (and  national security) policy more specifically. students are  expected to gain an understanding of questions relating to  the use of cyber as an instrument of war, and to distinguish  between the uses of cyber as such an instrument and the  possibility of cyberwar itself occurring. students will be  given an opportunity to grapple with questions regarding  how the use of cyber can be signaled to other countries, as  well as the challenges associated with its deterrence.  students are also expected to grasp the historical trends that  have made cyber important to national policy and the  development of a national cyber policy architecture.  students will be expected to demonstrate original thinking  about how cyber affects the national interest, including  economic, and the policy implications for national policy  arising from cyber ",signaling the use of cyber to other countries,"7,8 ",0,0,0,0,0,0,1,1,
1584,"the cyber policy knowledge unit is intended to help  students understand and analyze cyber issues as they relate  to the national interest generally, and to national (and  national security) policy more specifically. students are  expected to gain an understanding of questions relating to  the use of cyber as an instrument of war, and to distinguish  between the uses of cyber as such an instrument and the  possibility of cyberwar itself occurring. students will be  given an opportunity to grapple with questions regarding  how the use of cyber can be signaled to other countries, as  well as the challenges associated with its deterrence.  students are also expected to grasp the historical trends that  have made cyber important to national policy and the  development of a national cyber policy architecture.  students will be expected to demonstrate original thinking  about how cyber affects the national interest, including  economic, and the policy implications for national policy  arising from cyber ",challenges of cyber deterrence,"7,8 ",0,0,0,0,0,0,1,1,
1585,"the cyber policy knowledge unit is intended to help  students understand and analyze cyber issues as they relate  to the national interest generally, and to national (and  national security) policy more specifically. students are  expected to gain an understanding of questions relating to  the use of cyber as an instrument of war, and to distinguish  between the uses of cyber as such an instrument and the  possibility of cyberwar itself occurring. students will be  given an opportunity to grapple with questions regarding  how the use of cyber can be signaled to other countries, as  well as the challenges associated with its deterrence.  students are also expected to grasp the historical trends that  have made cyber important to national policy and the  development of a national cyber policy architecture.  students will be expected to demonstrate original thinking  about how cyber affects the national interest, including  economic, and the policy implications for national policy  arising from cyber ",historical trends making cyber important to national policy,"7,8 ",0,0,0,0,0,0,1,1,
1586,"the cyber policy knowledge unit is intended to help  students understand and analyze cyber issues as they relate  to the national interest generally, and to national (and  national security) policy more specifically. students are  expected to gain an understanding of questions relating to  the use of cyber as an instrument of war, and to distinguish  between the uses of cyber as such an instrument and the  possibility of cyberwar itself occurring. students will be  given an opportunity to grapple with questions regarding  how the use of cyber can be signaled to other countries, as  well as the challenges associated with its deterrence.  students are also expected to grasp the historical trends that  have made cyber important to national policy and the  development of a national cyber policy architecture.  students will be expected to demonstrate original thinking  about how cyber affects the national interest, including  economic, and the policy implications for national policy  arising from cyber ",national cyber policy architecture,"7,8 ",0,0,0,0,0,0,1,1,
1587,"the cyber policy knowledge unit is intended to help  students understand and analyze cyber issues as they relate  to the national interest generally, and to national (and  national security) policy more specifically. students are  expected to gain an understanding of questions relating to  the use of cyber as an instrument of war, and to distinguish  between the uses of cyber as such an instrument and the  possibility of cyberwar itself occurring. students will be  given an opportunity to grapple with questions regarding  how the use of cyber can be signaled to other countries, as  well as the challenges associated with its deterrence.  students are also expected to grasp the historical trends that  have made cyber important to national policy and the  development of a national cyber policy architecture.  students will be expected to demonstrate original thinking  about how cyber affects the national interest, including  economic, and the policy implications for national policy  arising from cyber ",cyber's impact on economic national interest,"7,8 ",0,0,0,0,0,0,1,1,
1588,"the cyber policy knowledge unit is intended to help  students understand and analyze cyber issues as they relate  to the national interest generally, and to national (and  national security) policy more specifically. students are  expected to gain an understanding of questions relating to  the use of cyber as an instrument of war, and to distinguish  between the uses of cyber as such an instrument and the  possibility of cyberwar itself occurring. students will be  given an opportunity to grapple with questions regarding  how the use of cyber can be signaled to other countries, as  well as the challenges associated with its deterrence.  students are also expected to grasp the historical trends that  have made cyber important to national policy and the  development of a national cyber policy architecture.  students will be expected to demonstrate original thinking  about how cyber affects the national interest, including  economic, and the policy implications for national policy  arising from cyber ",policy implications arising from cyber,"7,8 ",0,0,0,0,0,0,1,1,
1589,"this topic includes: ●international cyber policy challenges, ●international cyber policy oversight act of 2015, and ●department of state international cyberspace policy  strategy. ",international cyber policy challenges,"7,8  ",0,0,0,0,0,0,1,1,
1590,"this topic includes: ●international cyber policy challenges, ●international cyber policy oversight act of 2015, and ●department of state international cyberspace policy  strategy. ",international cyber policy oversight act of 2015,"7,8  ",0,0,0,0,0,0,1,1,
1591,"this topic includes: ●international cyber policy challenges, ●international cyber policy oversight act of 2015, and ●department of state international cyberspace policy  strategy. ",department of state international cyberspace policy strategy,"7,8  ",0,0,0,0,0,0,1,1,
1592,"this topic includes: ●federal information security modernization act, an  update to the federal government's cybersecurity policies  and guidance; ●relationship to the nation’s critical infrastructure; and ●managing risk at a national level. ",federal information security modernization act,"7,8  ",0,0,0,0,0,0,1,1,
1593,"this topic includes: ●federal information security modernization act, an  update to the federal government's cybersecurity policies  and guidance; ●relationship to the nation’s critical infrastructure; and ●managing risk at a national level. ",cybersecurity policies and guidance for the federal government,"7,8  ",0,0,0,0,0,0,1,1,
1594,"this topic includes: ●federal information security modernization act, an  update to the federal government's cybersecurity policies  and guidance; ●relationship to the nation’s critical infrastructure; and ●managing risk at a national level. ",relationship to the nations critical infrastructure,"7,8  ",0,0,0,0,0,0,1,1,
1595,"this topic includes: ●federal information security modernization act, an  update to the federal government's cybersecurity policies  and guidance; ●relationship to the nation’s critical infrastructure; and ●managing risk at a national level. ",managing risk at a national level,"7,8  ",0,0,0,0,0,0,1,1,
1596,"this topic covers: ●effects of cybersecurity on the international system  generally and on international security specifically.  ●how cyber has become and will continue to become an  instrument of power, and how this power might change the  balance of power between stronger and weaker countries.  ●global governance of cyber. also examine the possibilities  of the development of normative behavior related to the  use of cyber.  ●effects of cyber on the global economy. ",ffects of cybersecurity on the international system  ,"7,8  ",0,0,0,0,0,0,1,1,
1597,"this topic covers: ●effects of cybersecurity on the international system  generally and on international security specifically.  ●how cyber has become and will continue to become an  instrument of power, and how this power might change the  balance of power between stronger and weaker countries.  ●global governance of cyber. also examine the possibilities  of the development of normative behavior related to the  use of cyber.  ●effects of cyber on the global economy. ",ow cyber has become and will continue to become an instrument of power  ,"7,8  ",0,0,0,0,0,0,1,1,
1598,"this topic covers: ●effects of cybersecurity on the international system  generally and on international security specifically.  ●how cyber has become and will continue to become an  instrument of power, and how this power might change the  balance of power between stronger and weaker countries.  ●global governance of cyber. also examine the possibilities  of the development of normative behavior related to the  use of cyber.  ●effects of cyber on the global economy. ",ow this power might change the balance of power between stronger and weaker countries  ,"7,8  ",0,0,0,0,0,0,1,1,
1599,"this topic covers: ●effects of cybersecurity on the international system  generally and on international security specifically.  ●how cyber has become and will continue to become an  instrument of power, and how this power might change the  balance of power between stronger and weaker countries.  ●global governance of cyber. also examine the possibilities  of the development of normative behavior related to the  use of cyber.  ●effects of cyber on the global economy. ",lobal governance of cyber  ,"7,8  ",0,0,0,0,0,0,1,1,
1600,"this topic covers: ●effects of cybersecurity on the international system  generally and on international security specifically.  ●how cyber has become and will continue to become an  instrument of power, and how this power might change the  balance of power between stronger and weaker countries.  ●global governance of cyber. also examine the possibilities  of the development of normative behavior related to the  use of cyber.  ●effects of cyber on the global economy. ",ossibilities of the development of normative behavior related to the use of cyber  ,"7,8  ",0,0,0,0,0,0,1,1,
1601,"this topic covers: ●effects of cybersecurity on the international system  generally and on international security specifically.  ●how cyber has become and will continue to become an  instrument of power, and how this power might change the  balance of power between stronger and weaker countries.  ●global governance of cyber. also examine the possibilities  of the development of normative behavior related to the  use of cyber.  ●effects of cyber on the global economy. ",ffects of cyber on the global economy,"7,8  ",0,0,0,0,0,0,1,1,
1602,"this topic covers: ●how a country defines its cybersecurity policy, doctrine  and execution responsibility, including national  cybersecurity policy, architecture, signals and narratives,  and coercion and brandishing; and ●a nation’s cybersecurity messaging; how it signals its  intentions to gain other nation’s attention and cooperation.  ",how a country defines its cybersecurity policy,"7,8 ",0,0,0,0,0,0,1,1,
1603,"this topic covers: ●how a country defines its cybersecurity policy, doctrine  and execution responsibility, including national  cybersecurity policy, architecture, signals and narratives,  and coercion and brandishing; and ●a nation’s cybersecurity messaging; how it signals its  intentions to gain other nation’s attention and cooperation.  ",doctrine and execution responsibility,"7,8 ",0,0,0,0,0,0,1,1,
1604,"this topic covers: ●how a country defines its cybersecurity policy, doctrine  and execution responsibility, including national  cybersecurity policy, architecture, signals and narratives,  and coercion and brandishing; and ●a nation’s cybersecurity messaging; how it signals its  intentions to gain other nation’s attention and cooperation.  ",national cybersecurity policy,"7,8 ",0,0,0,0,0,0,1,1,
1605,"this topic covers: ●how a country defines its cybersecurity policy, doctrine  and execution responsibility, including national  cybersecurity policy, architecture, signals and narratives,  and coercion and brandishing; and ●a nation’s cybersecurity messaging; how it signals its  intentions to gain other nation’s attention and cooperation.  ",cybersecurity architecture,"7,8 ",0,0,0,0,0,0,1,1,
1606,"this topic covers: ●how a country defines its cybersecurity policy, doctrine  and execution responsibility, including national  cybersecurity policy, architecture, signals and narratives,  and coercion and brandishing; and ●a nation’s cybersecurity messaging; how it signals its  intentions to gain other nation’s attention and cooperation.  ",signals and narratives,"7,8 ",0,0,0,0,0,0,1,1,
1607,"this topic covers: ●how a country defines its cybersecurity policy, doctrine  and execution responsibility, including national  cybersecurity policy, architecture, signals and narratives,  and coercion and brandishing; and ●a nation’s cybersecurity messaging; how it signals its  intentions to gain other nation’s attention and cooperation.  ",coercion and brandishing,"7,8 ",0,0,0,0,0,0,1,1,
1608,"this topic covers: ●how a country defines its cybersecurity policy, doctrine  and execution responsibility, including national  cybersecurity policy, architecture, signals and narratives,  and coercion and brandishing; and ●a nation’s cybersecurity messaging; how it signals its  intentions to gain other nation’s attention and cooperation.  ",nations cybersecurity messaging,"7,8 ",0,0,0,0,0,0,1,1,
1609,"this topic covers: ●how a country defines its cybersecurity policy, doctrine  and execution responsibility, including national  cybersecurity policy, architecture, signals and narratives,  and coercion and brandishing; and ●a nation’s cybersecurity messaging; how it signals its  intentions to gain other nation’s attention and cooperation.  ",signaling intentions to gain other nations' attention and cooperation,"7,8 ",0,0,0,0,0,0,1,1,
1610,"this topic covers: ●the cost of cybersecurity to a nation, ●the losses and gains of cybersecurity to a nation, and ●the investment to keep a nation protected from  cyberthreats and cyberattacks. ",the cost of cybersecurity to a nation,"7,8 ",0,0,0,0,0,0,1,1,
1611,"this topic covers: ●the cost of cybersecurity to a nation, ●the losses and gains of cybersecurity to a nation, and ●the investment to keep a nation protected from  cyberthreats and cyberattacks. ",the losses and gains of cybersecurity to a nation,"7,8 ",0,0,0,0,0,0,1,1,
1612,"this topic covers: ●the cost of cybersecurity to a nation, ●the losses and gains of cybersecurity to a nation, and ●the investment to keep a nation protected from  cyberthreats and cyberattacks. ",the investment to keep a nation protected from cyberthreats and cyberattacks,"7,8 ",0,0,0,0,0,0,1,1,
1613,"this topic includes: ●the “delicate dance” of cyber diplomacy, and ●aspects of cybersecurity that have become part of the  relationships between countries, including the covert  collection of information alongside the practice of  diplomacy, and the covert application of cyberforce in  cyberspace and physical space. ","the ""delicate dance"" of cyber diplomacy","7,8 ",0,0,0,0,0,0,1,1,
1614,"this topic includes: ●the “delicate dance” of cyber diplomacy, and ●aspects of cybersecurity that have become part of the  relationships between countries, including the covert  collection of information alongside the practice of  diplomacy, and the covert application of cyberforce in  cyberspace and physical space. ",aspects of cybersecurity in international relationships,"7,8 ",0,0,0,0,0,0,1,1,
1615,"this topic includes: ●the “delicate dance” of cyber diplomacy, and ●aspects of cybersecurity that have become part of the  relationships between countries, including the covert  collection of information alongside the practice of  diplomacy, and the covert application of cyberforce in  cyberspace and physical space. ",covert collection of information in diplomacy,"7,8 ",0,0,0,0,0,0,1,1,
1616,"this topic includes: ●the “delicate dance” of cyber diplomacy, and ●aspects of cybersecurity that have become part of the  relationships between countries, including the covert  collection of information alongside the practice of  diplomacy, and the covert application of cyberforce in  cyberspace and physical space. ",covert application of cyberforce in cyberspace,"7,8 ",0,0,0,0,0,0,1,1,
1617,"this topic includes: ●the “delicate dance” of cyber diplomacy, and ●aspects of cybersecurity that have become part of the  relationships between countries, including the covert  collection of information alongside the practice of  diplomacy, and the covert application of cyberforce in  cyberspace and physical space. ",covert application of cyberforce in physical space,"7,8 ",0,0,0,0,0,0,1,1,
1618,"this knowledge unit is intended to provide students with an  understanding of privacy and its related challenges. students  are expected to understand the tradeoffs of sharing and  protecting sensitive information; and how domestic and  international privacy rights impact a company’s  responsibility for collecting, storing and handling personal  data. students will gain an understanding of privacy-enhancing technologies and security application, which can  include the concepts of appropriate use, as well as protection  of information. ",privacy and its challenges,"1,6,7,8 ",1,0,0,0,0,1,1,1,
1619,"this knowledge unit is intended to provide students with an  understanding of privacy and its related challenges. students  are expected to understand the tradeoffs of sharing and  protecting sensitive information; and how domestic and  international privacy rights impact a company’s  responsibility for collecting, storing and handling personal  data. students will gain an understanding of privacy-enhancing technologies and security application, which can  include the concepts of appropriate use, as well as protection  of information. ",tradeoffs of sharing and protecting sensitive information,"1,6,7,8 ",1,0,0,0,0,1,1,1,
1620,"this knowledge unit is intended to provide students with an  understanding of privacy and its related challenges. students  are expected to understand the tradeoffs of sharing and  protecting sensitive information; and how domestic and  international privacy rights impact a company’s  responsibility for collecting, storing and handling personal  data. students will gain an understanding of privacy-enhancing technologies and security application, which can  include the concepts of appropriate use, as well as protection  of information. ",domestic and international privacy rights,"1,6,7,8 ",1,0,0,0,0,1,1,1,
1621,"this knowledge unit is intended to provide students with an  understanding of privacy and its related challenges. students  are expected to understand the tradeoffs of sharing and  protecting sensitive information; and how domestic and  international privacy rights impact a company’s  responsibility for collecting, storing and handling personal  data. students will gain an understanding of privacy-enhancing technologies and security application, which can  include the concepts of appropriate use, as well as protection  of information. ","company's responsibility in collecting, storing, and handling personal data","1,6,7,8 ",1,0,0,0,0,1,1,1,
1622,"this knowledge unit is intended to provide students with an  understanding of privacy and its related challenges. students  are expected to understand the tradeoffs of sharing and  protecting sensitive information; and how domestic and  international privacy rights impact a company’s  responsibility for collecting, storing and handling personal  data. students will gain an understanding of privacy-enhancing technologies and security application, which can  include the concepts of appropriate use, as well as protection  of information. ",privacy enhancing technologies,"1,6,7,8 ",1,0,0,0,0,1,1,1,
1623,"this knowledge unit is intended to provide students with an  understanding of privacy and its related challenges. students  are expected to understand the tradeoffs of sharing and  protecting sensitive information; and how domestic and  international privacy rights impact a company’s  responsibility for collecting, storing and handling personal  data. students will gain an understanding of privacy-enhancing technologies and security application, which can  include the concepts of appropriate use, as well as protection  of information. ",security applications,"1,6,7,8 ",1,0,0,0,0,1,1,1,
1624,"this knowledge unit is intended to provide students with an  understanding of privacy and its related challenges. students  are expected to understand the tradeoffs of sharing and  protecting sensitive information; and how domestic and  international privacy rights impact a company’s  responsibility for collecting, storing and handling personal  data. students will gain an understanding of privacy-enhancing technologies and security application, which can  include the concepts of appropriate use, as well as protection  of information. ",concepts of appropriate use,"1,6,7,8 ",1,0,0,0,0,1,1,1,
1625,"this knowledge unit is intended to provide students with an  understanding of privacy and its related challenges. students  are expected to understand the tradeoffs of sharing and  protecting sensitive information; and how domestic and  international privacy rights impact a company’s  responsibility for collecting, storing and handling personal  data. students will gain an understanding of privacy-enhancing technologies and security application, which can  include the concepts of appropriate use, as well as protection  of information. ",protection of information,"1,6,7,8 ",1,0,0,0,0,1,1,1,
1626,"for this topic: ●apply operational definitions of privacy, ●identify different privacy goals, e.g., confidentiality of  communications and privacy of metadata, and ●identifying privacy tradeoffs – increasing privacy can have  risks (e.g., the use of tor could make someone a target for  increased government scrutiny in some parts of the world). ",apply operational definitions of privacy,"1,6,7,8  ",1,0,0,0,0,1,1,1,
1627,"for this topic: ●apply operational definitions of privacy, ●identify different privacy goals, e.g., confidentiality of  communications and privacy of metadata, and ●identifying privacy tradeoffs – increasing privacy can have  risks (e.g., the use of tor could make someone a target for  increased government scrutiny in some parts of the world). ",identify different privacy goals such as confidentiality of communications,"1,6,7,8  ",1,0,0,0,0,1,1,1,
1628,"for this topic: ●apply operational definitions of privacy, ●identify different privacy goals, e.g., confidentiality of  communications and privacy of metadata, and ●identifying privacy tradeoffs – increasing privacy can have  risks (e.g., the use of tor could make someone a target for  increased government scrutiny in some parts of the world). ",identify privacy goals like privacy of metadata,"1,6,7,8  ",1,0,0,0,0,1,1,1,
1629,"for this topic: ●apply operational definitions of privacy, ●identify different privacy goals, e.g., confidentiality of  communications and privacy of metadata, and ●identifying privacy tradeoffs – increasing privacy can have  risks (e.g., the use of tor could make someone a target for  increased government scrutiny in some parts of the world). ",recognize privacy tradeoffs where increased privacy can introduce risks,"1,6,7,8  ",1,0,0,0,0,1,1,1,
1630,"for this topic: ●apply operational definitions of privacy, ●identify different privacy goals, e.g., confidentiality of  communications and privacy of metadata, and ●identifying privacy tradeoffs – increasing privacy can have  risks (e.g., the use of tor could make someone a target for  increased government scrutiny in some parts of the world). ",example of privacy tradeoff using tor may increase government scrutiny in certain regions,"1,6,7,8  ",1,0,0,0,0,1,1,1,
1631,"for this topic: ●describe informed consent conditions in relation to  personal data collection and sharing, ●recognize national privacy rights in the existence of  privacy rights, and ●demonstrate familiarity with the debate about the  universal human right to privacy. ",informed consent conditions,"1,6,7,8  ",1,0,0,0,0,1,1,1,
1632,"for this topic: ●describe informed consent conditions in relation to  personal data collection and sharing, ●recognize national privacy rights in the existence of  privacy rights, and ●demonstrate familiarity with the debate about the  universal human right to privacy. ",personal data collection,"1,6,7,8  ",1,0,0,0,0,1,1,1,
1633,"for this topic: ●describe informed consent conditions in relation to  personal data collection and sharing, ●recognize national privacy rights in the existence of  privacy rights, and ●demonstrate familiarity with the debate about the  universal human right to privacy. ",personal data sharing,"1,6,7,8  ",1,0,0,0,0,1,1,1,
1634,"for this topic: ●describe informed consent conditions in relation to  personal data collection and sharing, ●recognize national privacy rights in the existence of  privacy rights, and ●demonstrate familiarity with the debate about the  universal human right to privacy. ",national privacy rights,"1,6,7,8  ",1,0,0,0,0,1,1,1,
1635,"for this topic: ●describe informed consent conditions in relation to  personal data collection and sharing, ●recognize national privacy rights in the existence of  privacy rights, and ●demonstrate familiarity with the debate about the  universal human right to privacy. ",universal human right to privacy debate,"1,6,7,8  ",1,0,0,0,0,1,1,1,
1636,"for this topic: ●list cyber-hygiene steps to safeguard personal privacy, ●list privacy-enhancing technologies and their use and the  properties that they do and do not provide (i.e., tor,  encryption), ●describe conditions for ethical and lawful use of privacy  enhancing technologies, ●describe steps in carrying out a privacy impact  assessment, ●describe the role of the data trustee, ●describe legislation related to data localization practices, ●demonstrate an understanding difference between privacy  rights and privacy-enhancing capability – operationalizing  privacy, and ●discuss the dynamic impact of metadata and big data on  privacy. ",list cyber hygiene steps to safeguard personal privacy,"1,6,7,8 ",1,0,0,0,0,1,1,1,
1637,"for this topic: ●list cyber-hygiene steps to safeguard personal privacy, ●list privacy-enhancing technologies and their use and the  properties that they do and do not provide (i.e., tor,  encryption), ●describe conditions for ethical and lawful use of privacy  enhancing technologies, ●describe steps in carrying out a privacy impact  assessment, ●describe the role of the data trustee, ●describe legislation related to data localization practices, ●demonstrate an understanding difference between privacy  rights and privacy-enhancing capability – operationalizing  privacy, and ●discuss the dynamic impact of metadata and big data on  privacy. ","list privacy enhancing technologies and their use and properties (tor, encryption)","1,6,7,8 ",1,0,0,0,0,1,1,1,
1638,"for this topic: ●list cyber-hygiene steps to safeguard personal privacy, ●list privacy-enhancing technologies and their use and the  properties that they do and do not provide (i.e., tor,  encryption), ●describe conditions for ethical and lawful use of privacy  enhancing technologies, ●describe steps in carrying out a privacy impact  assessment, ●describe the role of the data trustee, ●describe legislation related to data localization practices, ●demonstrate an understanding difference between privacy  rights and privacy-enhancing capability – operationalizing  privacy, and ●discuss the dynamic impact of metadata and big data on  privacy. ",describe conditions for ethical and lawful use of privacy enhancing technologies,"1,6,7,8 ",1,0,0,0,0,1,1,1,
1639,"for this topic: ●list cyber-hygiene steps to safeguard personal privacy, ●list privacy-enhancing technologies and their use and the  properties that they do and do not provide (i.e., tor,  encryption), ●describe conditions for ethical and lawful use of privacy  enhancing technologies, ●describe steps in carrying out a privacy impact  assessment, ●describe the role of the data trustee, ●describe legislation related to data localization practices, ●demonstrate an understanding difference between privacy  rights and privacy-enhancing capability – operationalizing  privacy, and ●discuss the dynamic impact of metadata and big data on  privacy. ",describe steps in carrying out a privacy impact assessment,"1,6,7,8 ",1,0,0,0,0,1,1,1,
1640,"for this topic: ●list cyber-hygiene steps to safeguard personal privacy, ●list privacy-enhancing technologies and their use and the  properties that they do and do not provide (i.e., tor,  encryption), ●describe conditions for ethical and lawful use of privacy  enhancing technologies, ●describe steps in carrying out a privacy impact  assessment, ●describe the role of the data trustee, ●describe legislation related to data localization practices, ●demonstrate an understanding difference between privacy  rights and privacy-enhancing capability – operationalizing  privacy, and ●discuss the dynamic impact of metadata and big data on  privacy. ",describe the role of the data trustee,"1,6,7,8 ",1,0,0,0,0,1,1,1,
1641,"for this topic: ●list cyber-hygiene steps to safeguard personal privacy, ●list privacy-enhancing technologies and their use and the  properties that they do and do not provide (i.e., tor,  encryption), ●describe conditions for ethical and lawful use of privacy  enhancing technologies, ●describe steps in carrying out a privacy impact  assessment, ●describe the role of the data trustee, ●describe legislation related to data localization practices, ●demonstrate an understanding difference between privacy  rights and privacy-enhancing capability – operationalizing  privacy, and ●discuss the dynamic impact of metadata and big data on  privacy. ",describe legislation related to data localization practices,"1,6,7,8 ",1,0,0,0,0,1,1,1,
1642,"for this topic: ●list cyber-hygiene steps to safeguard personal privacy, ●list privacy-enhancing technologies and their use and the  properties that they do and do not provide (i.e., tor,  encryption), ●describe conditions for ethical and lawful use of privacy  enhancing technologies, ●describe steps in carrying out a privacy impact  assessment, ●describe the role of the data trustee, ●describe legislation related to data localization practices, ●demonstrate an understanding difference between privacy  rights and privacy-enhancing capability – operationalizing  privacy, and ●discuss the dynamic impact of metadata and big data on  privacy. ",demonstrate an understanding of the difference between privacy rights and privacy enhancing capability  operationalizing privacy,"1,6,7,8 ",1,0,0,0,0,1,1,1,
1643,"for this topic: ●list cyber-hygiene steps to safeguard personal privacy, ●list privacy-enhancing technologies and their use and the  properties that they do and do not provide (i.e., tor,  encryption), ●describe conditions for ethical and lawful use of privacy  enhancing technologies, ●describe steps in carrying out a privacy impact  assessment, ●describe the role of the data trustee, ●describe legislation related to data localization practices, ●demonstrate an understanding difference between privacy  rights and privacy-enhancing capability – operationalizing  privacy, and ●discuss the dynamic impact of metadata and big data on  privacy. ",discuss the dynamic impact of metadata and big data on privacy,"1,6,7,8 ",1,0,0,0,0,1,1,1,
1644,"this topic includes: ●privacy calculus theory and models, and ●cultural differences in the existence of privacy norms and  boundaries. ",privacy calculus theory and models,"1,6,7,8  ",1,0,0,0,0,1,1,1,
1645,"this topic includes: ●privacy calculus theory and models, and ●cultural differences in the existence of privacy norms and  boundaries. ",cultural differences in privacy norms and boundaries,"1,6,7,8  ",1,0,0,0,0,1,1,1,
1646,this topic covers the role of corporations in protecting data  and addressing circumstances when data privacy is  compromised. ,role of corporations in data protection,"1,6,7,8  ",1,0,0,0,0,1,1,1,
1647,this topic covers the role of corporations in protecting data  and addressing circumstances when data privacy is  compromised. ,circumstances leading to data privacy breaches,"1,6,7,8  ",1,0,0,0,0,1,1,1,
1648,this topic covers the role of corporations in protecting data  and addressing circumstances when data privacy is  compromised. ,measures corporations take after a breach occurs,"1,6,7,8  ",1,0,0,0,0,1,1,1,
1649,"this topic includes: ●privacy rights and threats to privacy related to public  figures, ●differential surveillance and its risks; challenges for smart  cities, and ●harm matrix for cybersecurity surveillance. ",privacy rights and threats to privacy related to public figures,"1,6,7,8  ",1,0,0,0,0,1,1,1,
1650,"this topic includes: ●privacy rights and threats to privacy related to public  figures, ●differential surveillance and its risks; challenges for smart  cities, and ●harm matrix for cybersecurity surveillance. ",differential surveillance and its risks,"1,6,7,8  ",1,0,0,0,0,1,1,1,
1651,"this topic includes: ●privacy rights and threats to privacy related to public  figures, ●differential surveillance and its risks; challenges for smart  cities, and ●harm matrix for cybersecurity surveillance. ",challenges for smart cities,"1,6,7,8  ",1,0,0,0,0,1,1,1,
1652,"this topic includes: ●privacy rights and threats to privacy related to public  figures, ●differential surveillance and its risks; challenges for smart  cities, and ●harm matrix for cybersecurity surveillance. ",harm matrix for cybersecurity surveillance,"1,6,7,8  ",1,0,0,0,0,1,1,1,
1653,basic concepts,basic concepts,1,1,0,0,0,0,0,0,0,
1654,advanced concepts,advanced concepts,1,1,0,0,0,0,0,0,0,
1655,mathematical background,mathematical background,1,1,0,0,0,0,0,0,0,
1656,historical ciphers,historical ciphers,1,1,0,0,0,0,0,0,0,
1657,symmetric (private key) ciphers,symmetric (private key) ciphers,1,1,0,0,0,0,0,0,0,
1658,asymmetric (public key) ciphers,asymmetric (public key) ciphers,1,1,0,0,0,0,0,0,0,
1660,legal issues,legal issues,"1,5 ",1,0,0,0,1,0,0,0,
1661,digital forensic tools,digital forensic tools,"1,5 ",1,0,0,0,1,0,0,0,
1662,investigatory process,investigatory process,"1,5 ",1,0,0,0,1,0,0,0,
1663,acquisition and preservation of evidence,acquisition and preservation of evidence,"1,5 ",1,0,0,0,1,0,0,0,
1664,analysis of evidence,analysis of evidence,"1,5 ",1,0,0,0,1,0,0,0,
1665,presentation of results,presentation of results,"1,5 ",1,0,0,0,1,0,0,0,
1666,authentication of evidence,authentication of evidence,"1,5 ",1,0,0,0,1,0,0,0,
1667,"reporting, incident response and handling","reporting, incident response and handling","1,5 ",1,0,0,0,1,0,0,0,
1668,mobile forensics,mobile forensics,"1,5 ",1,0,0,0,1,0,0,0,
1669,authentication strength,authentication strength,1,1,0,0,0,0,0,0,0,
1670,password attack technique,password attack technique,1,1,0,0,0,0,0,0,0,
1671,password storage techniques,password storage techniques,1,1,0,0,0,0,0,0,0,
1672,data integrity,data integrity,1,1,0,0,0,0,0,0,0,
1673,physical data security,physical data security,1,1,0,0,0,0,0,0,0,
1674,logical data access control,logical data access control,1,1,0,0,0,0,0,0,0,
1675,secure architecture design,secure architecture design,1,1,0,0,0,0,0,0,0,
1676,data leak prevention techniques,data leak prevention techniques,1,1,0,0,0,0,0,0,0,
1677,application and transport layer protocols,application and transport layer protocols,1,1,0,0,0,0,0,0,0,
1678,attacks on tls,attacks on tls,1,1,0,0,0,0,0,0,0,
1679,internet network layer,internet network layer,1,1,0,0,0,0,0,0,0,
1680,privacy preserving protocols,privacy preserving protocols,1,1,0,0,0,0,0,0,0,
1681,data link layer,data link layer,1,1,0,0,0,0,0,0,0,
1682,classical attacks,classical attacks,1,1,0,0,0,0,0,0,0,
1683,side channel attacks,side channel attacks,1,1,0,0,0,0,0,0,0,
1684,attacks against privatekey ciphers,attacks against privatekey ciphers,1,1,0,0,0,0,0,0,0,
1685,attacks against publickey ciphers,attacks against publickey ciphers,1,1,0,0,0,0,0,0,0,
1686,algorithms for solving the discrete log problem,algorithms for solving the discrete log problem,1,1,0,0,0,0,0,0,0,
1687,attacks on rsa,attacks on rsa,1,1,0,0,0,0,0,0,0,
1689,disk and file encryption,disk and file encryption,1,1,0,0,0,0,0,0,0,
1690,data erasure,data erasure,1,1,0,0,0,0,0,0,0,
1691,data masking,data masking,1,1,0,0,0,0,0,0,0,
1692,database security,database security,1,1,0,0,0,0,0,0,0,
1693,data security law,data security law,1,1,0,0,0,0,0,0,0,
1696,least privilege,least privilege,"2,3 ",0,1,1,0,0,0,0,0,
1697,fail safe defaults,fail safe defaults,"2,3  ",0,1,1,0,0,0,0,0,
1698,complete mediation,complete mediation,"2,3  ",0,1,1,0,0,0,0,0,
1699,separation,separation,"2,3  ",0,1,1,0,0,0,0,0,
1700,minimize trust,minimize trust,"2,3  ",0,1,1,0,0,0,0,0,
1701,economy of mechanism,economy of mechanism,"2,3  ",0,1,1,0,0,0,0,0,
1702,minimize common mechanism,minimize common mechanism,"2,3  ",0,1,1,0,0,0,0,0,
1703,least astonishment,least astonishment,"2,3  ",0,1,1,0,0,0,0,0,
1704,open design,open design,"2,3  ",0,1,1,0,0,0,0,0,
1705,layering,layering,"2,3  ",0,1,1,0,0,0,0,0,
1706,abstraction,abstraction,"2,3  ",0,1,1,0,0,0,0,0,
1707,modularity,modularity,"2,3  ",0,1,1,0,0,0,0,0,
1708,complete linkage,complete linkage,"2,3  ",0,1,1,0,0,0,0,0,
1709,design for iteration,design for iteration,"2,3  ",0,1,1,0,0,0,0,0,
1711,derivation of security requirements,derivation of security requirements,2,0,1,0,0,0,0,0,0,
1712,specification of security requirements,specification of security requirements,2,0,1,0,0,0,0,0,0,
1713,software development lifecycle security development lifecycle,software development lifecycle security development lifecycle,2,0,1,0,0,0,0,0,0,
1714,programming languages and type safe languages,programming languages and type safe languages,2,0,1,0,0,0,0,0,0,
1716,validating input and checking its representation,validating input and checking its representation,2,0,1,0,0,0,0,0,0,
1717,using apis correctly,using apis correctly,2,0,1,0,0,0,0,0,0,
1718,using security features,using security features,2,0,1,0,0,0,0,0,0,
1719,checking time and state relationships,checking time and state relationships,2,0,1,0,0,0,0,0,0,
1720,handling exceptions and errors properly,handling exceptions and errors properly,2,0,1,0,0,0,0,0,0,
1721,programming robustly,programming robustly,2,0,1,0,0,0,0,0,0,
1722,encapsulating structures and modules,encapsulating structures and modules,2,0,1,0,0,0,0,0,0,
1723,taking environment into account,taking environment into account,2,0,1,0,0,0,0,0,0,
1725,static and dynamic analysis,static and dynamic analysis,"2,3  ",0,1,1,0,0,0,0,0,
1726,unit testing,unit testing,"2,3  ",0,1,1,0,0,0,0,0,
1727,integration testing,integration testing,"2,3  ",0,1,1,0,0,0,0,0,
1728,software testing,software testing,"2,3  ",0,1,1,0,0,0,0,0,
1730,configuring,configuring,2,0,1,0,0,0,0,0,0,
1731,patching and the vulnerability lifecycle,patching and the vulnerability lifecycle,2,0,1,0,0,0,0,0,0,
1732,checking environment,checking environment,2,0,1,0,0,0,0,0,0,
1733,devops,devops,2,0,1,0,0,0,0,0,0,
1734,decommissioning retiring,decommissioning retiring,2,0,1,0,0,0,0,0,0,
1736,installation documents,installation documents,2,0,1,0,0,0,0,0,0,
1737,user guides and manuals,user guides and manuals,2,0,1,0,0,0,0,0,0,
1738,assurance documentation,assurance documentation,2,0,1,0,0,0,0,0,0,
1739,security documentation,security documentation,2,0,1,0,0,0,0,0,0,
1741,ethical issues in software development,ethical issues in software development,"2,7,8  ",0,1,0,0,0,0,1,1,
1742,social aspects of software development,social aspects of software development,"2,7,8  ",0,1,0,0,0,0,1,1,
1743,legal aspects of software development,legal aspects of software development,"2,7,8  ",0,1,0,0,0,0,1,1,
1744,vulnerability disclosure,vulnerability disclosure,"2,7,8  ",0,1,0,0,0,0,1,1,
1745,"what, when and why to test","what, when and why to test","2,7,8 ",0,1,0,0,0,0,1,1,
1748,component design security,component design security,"3,2  ",0,1,1,0,0,0,0,0,
1749,principles of secure component design,principles of secure component design,"3,2  ",0,1,1,0,0,0,0,0,
1750,component identification,component identification,"3,2  ",0,1,1,0,0,0,0,0,
1751,anti reverse engineering techniques,anti reverse engineering techniques,"3,2  ",0,1,1,0,0,0,0,0,
1752,side channel attack mitigation,side channel attack mitigation,"3,2  ",0,1,1,0,0,0,0,0,
1753,anti tamper technologies,anti tamper technologies,"3,2  ",0,1,1,0,0,0,0,0,
1755,supply chain risks,supply chain risks,3,0,0,1,0,0,0,0,0,
1756,supply chain security,supply chain security,3,0,0,1,0,0,0,0,0,
1757,supplier vetting,supplier vetting,3,0,0,1,0,0,0,0,0,
1759,principles of unit testing,principles of unit testing,"3,2 ",0,1,1,0,0,0,0,0,
1760,security testing,security testing,"3,2 ",0,1,1,0,0,0,0,0,
1762,design reverse engineering,design reverse engineering,3,0,0,1,0,0,0,0,0,
1763,hardware reverse engineering,hardware reverse engineering,3,0,0,1,0,0,0,0,0,
1764,software reverse engineering,software reverse engineering,3,0,0,1,0,0,0,0,0,
1767,transmission in a medium,transmission in a medium,4,0,0,0,1,0,0,0,0,
1768,shared and point to point media,shared and point to point media,4,0,0,0,1,0,0,0,0,
1769,sharing models,sharing models,4,0,0,0,1,0,0,0,0,
1770,common technologies,common technologies,4,0,0,0,1,0,0,0,0,
1772,hardware characteristics and materials,hardware characteristics and materials,4,0,0,0,1,0,0,0,0,
1773,standards,standards,4,0,0,0,1,0,0,0,0,
1774,common connectors,common connectors,4,0,0,0,1,0,0,0,0,
1776,standard architectures,standard architectures,4,0,0,0,1,0,0,0,0,
1777,hardware interface standards,hardware interface standards,4,0,0,0,1,0,0,0,0,
1778,common architectures,common architectures,4,0,0,0,1,0,0,0,0,
1780,general concepts,general concepts,4,0,0,0,1,0,0,0,0,
1781,world wide web,world wide web,4,0,0,0,1,0,0,0,0,
1782,the internet,the internet,4,0,0,0,1,0,0,0,0,
1783,protocols and layering,protocols and layering,4,0,0,0,1,0,0,0,0,
1784,high performance computing (supercomputers),high performance computing (supercomputers),4,0,0,0,1,0,0,0,0,
1785,hypervisors and cloud computing implementations,hypervisors and cloud computing implementations,4,0,0,0,1,0,0,0,0,
1786,vulnerabilities and example exploits,vulnerabilities and example exploits,4,0,0,0,1,0,0,0,0,
1788,general concepts,general concepts,4,0,0,0,1,0,0,0,0,
1789,common architectures,common architectures,4,0,0,0,1,0,0,0,0,
1790,forwarding,forwarding,4,0,0,0,1,0,0,0,0,
1791,routing,routing,4,0,0,0,1,0,0,0,0,
1792,switching bridging,switching bridging,4,0,0,0,1,0,0,0,0,
1793,emerging trends,emerging trends,4,0,0,0,1,0,0,0,0,
1794,virtualization and virtual hypervisor architecture,virtualization and virtual hypervisor architecture,"4,5 ",0,0,0,1,1,0,0,0,
1796,ieee 802 iso networks,ieee 802 iso networks,4,0,0,0,1,0,0,0,0,
1797,ietf networks and tcp ip,ietf networks and tcp ip,4,0,0,0,1,0,0,0,0,
1798,practical integration and glue protocols,practical integration and glue protocols,4,0,0,0,1,0,0,0,0,
1799,vulnerabilities and example exploits,vulnerabilities and example exploits,4,0,0,0,1,0,0,0,0,
1801,concept of a service,concept of a service,4,0,0,0,1,0,0,0,0,
1802,"service models (client server, peer to peer)","service models (client server, peer to peer)",4,0,0,0,1,0,0,0,0,
1803,"service protocol concepts (ipc, apis, idls)","service protocol concepts (ipc, apis, idls)",4,0,0,0,1,0,0,0,0,
1804,common service communication architectures,common service communication architectures,4,0,0,0,1,0,0,0,0,
1805,service virtualization,service virtualization,4,0,0,0,1,0,0,0,0,
1806,vulnerabilities and example exploits,vulnerabilities and example exploits,4,0,0,0,1,0,0,0,0,
1808,network hardening,network hardening,4,0,0,0,1,0,0,0,0,
1809,implementing ids ips,implementing ids ips,4,0,0,0,1,0,0,0,0,
1810,implementing firewalls and virtual private networks (vpns),implementing firewalls and virtual private networks (vpns),4,0,0,0,1,0,0,0,0,
1811,defense in depth,defense in depth,4,0,0,0,1,0,0,0,0,
1812,honeypots and honeynets,honeypots and honeynets,4,0,0,0,1,0,0,0,0,
1813,network monitoring,network monitoring,4,0,0,0,1,0,0,0,0,
1814,network traffic analysis,network traffic analysis,4,0,0,0,1,0,0,0,0,
1815,minimizing exposure (attack surface and vectors),minimizing exposure (attack surface and vectors),4,0,0,0,1,0,0,0,0,
1816,network access control (internal and external),network access control (internal and external),4,0,0,0,1,0,0,0,0,
1817,perimeter networks (also known as demilitarized zones or dmzs)   proxy servers,perimeter networks (also known as demilitarized zones or dmzs)   proxy servers,4,0,0,0,1,0,0,0,0,
1818,network policy development and enforcement,network policy development and enforcement,4,0,0,0,1,0,0,0,0,
1819,network operational procedures,network operational procedures,4,0,0,0,1,0,0,0,0,
1820,"network attacks (e.g., session hijacking, man in the middle)","network attacks (e.g., session hijacking, man in the middle)",4,0,0,0,1,0,0,0,0,
1821,threat hunting and machine learning,threat hunting and machine learning,4,0,0,0,1,0,0,0,0,
1824,what is a system,what is a system,5,0,0,0,0,1,0,0,0,
1825,what is systems engineering,what is systems engineering,5,0,0,0,0,1,0,0,0,
1826,holistic approaches,holistic approaches,5,0,0,0,0,1,0,0,0,
1827,security of general purpose systems,security of general purpose systems,5,0,0,0,0,1,0,0,0,
1828,security of special purposes systems,security of special purposes systems,5,0,0,0,0,1,0,0,0,
1829,threat models,threat models,5,0,0,0,0,1,0,0,0,
1830,requirements analysis,requirements analysis,5,0,0,0,0,1,0,0,0,
1831,fundamental principles,fundamental principles,"5,2 ",0,1,0,0,1,0,0,0,
1832,development for testing,development for testing,5,0,0,0,0,1,0,0,0,
1834,policy models,policy models,5,0,0,0,0,1,0,0,0,
1835,policy composition,policy composition,5,0,0,0,0,1,0,0,0,
1836,use of automation,use of automation,5,0,0,0,0,1,0,0,0,
1837,patching and the vulnerability life cycle,patching and the vulnerability life cycle,"5,2 ",0,1,0,0,1,0,0,0,
1838,operation,operation,5,0,0,0,0,1,0,0,0,
1839,commissioning and decommissioning,commissioning and decommissioning,5,0,0,0,0,1,0,0,0,
1840,insider threat,insider threat,5,0,0,0,0,1,0,0,0,
1841,documentation,documentation,5,0,0,0,0,1,0,0,0,
1842,systems and procedures,systems and procedures,5,0,0,0,0,1,0,0,0,
1844,authentication methods,authentication methods,"5,6 ",0,0,0,0,1,1,0,0,
1845,identity,identity,"5,6 ",0,0,0,0,1,1,0,0,
1847,access control,access control,"5,1 ",1,0,0,0,1,0,0,0,
1848,authorization models,authorization models,5,0,0,0,0,1,0,0,0,
1849,intrusion detection,intrusion detection,5,0,0,0,0,1,0,0,0,
1850,attacks,attacks,5,0,0,0,0,1,0,0,0,
1851,defenses,defenses,5,0,0,0,0,1,0,0,0,
1852,audit,audit,5,0,0,0,0,1,0,0,0,
1853,malware,malware,5,0,0,0,0,1,0,0,0,
1854,vulnerabilities models,vulnerabilities models,5,0,0,0,0,1,0,0,0,
1855,penetration testing,penetration testing,5,0,0,0,0,1,0,0,0,
1856,forensics,forensics,"5,1 ",1,0,0,0,1,0,0,0,
1857,"recovery, resilience","recovery, resilience",5,0,0,0,0,1,0,0,0,
1859,decommissioning,decommissioning,5,0,0,0,0,1,0,0,0,
1860,disposal,disposal,5,0,0,0,0,1,0,0,0,
1862,validating requirements,validating requirements,"5,2,3  ",0,1,1,0,1,0,0,0,
1863,validating composition of components,validating composition of components,"5,2,3  ",0,1,1,0,1,0,0,0,
1864,unit versus system testing,unit versus system testing,"5,2,3  ",0,1,1,0,1,0,0,0,
1865,formal verification of systems,formal verification of systems,"5,2,3  ",0,1,1,0,1,0,0,0,
1867,virtual machines,virtual machines,"5,4 ",0,0,0,1,1,0,0,0,
1868,industrial control systems,industrial control systems,5,0,0,0,0,1,0,0,0,
1869,internet of things (iot),internet of things (iot),5,0,0,0,0,1,0,0,0,
1870,embedded systems,embedded systems,5,0,0,0,0,1,0,0,0,
1871,mobile systems,mobile systems,5,0,0,0,0,1,0,0,0,
1872,autonomous systems,autonomous systems,5,0,0,0,0,1,0,0,0,
1873,general purpose systems,general purpose systems,5,0,0,0,0,1,0,0,0,
1876,identification and authentication of people and devices,identification and authentication of people and devices,6,0,0,0,0,0,1,0,0,
1877,physical and logical assets control,physical and logical assets control,6,0,0,0,0,0,1,0,0,
1878,identity as a service (iaas),identity as a service (iaas),6,0,0,0,0,0,1,0,0,
1879,third party identity services,third party identity services,6,0,0,0,0,0,1,0,0,
1880,access control attacks and mitigation measures,access control attacks and mitigation measures,6,0,0,0,0,0,1,0,0,
1881,types of social engineering attacks,types of social engineering attacks,6,0,0,0,0,0,1,0,0,
1882,psychology of social engineering attacks,psychology of social engineering attacks,6,0,0,0,0,0,1,0,0,
1883,misleading users,misleading users,6,0,0,0,0,0,1,0,0,
1884,detection and mitigation of social engineering attacks,detection and mitigation of social engineering attacks,6,0,0,0,0,0,1,0,0,
1886,system misuse and user misbehavior,system misuse and user misbehavior,"6,8 ",0,0,0,0,0,1,0,1,
1887,enforcement and rules of behavior,enforcement and rules of behavior,"6,8 ",0,0,0,0,0,1,0,1,
1888,proper behavior under uncertainty,proper behavior under uncertainty,"6,8 ",0,0,0,0,0,1,0,1,
1890,risk perception and communication,risk perception and communication,"6,7 ",0,0,0,0,0,1,1,0,
1891,cyber hygiene,cyber hygiene,"6,7 ",0,0,0,0,0,1,1,0,
1892,cybersecurity user education,cybersecurity user education,"6,7 ",0,0,0,0,0,1,1,0,
1893,cyber vulnerabilities and threats awareness,cyber vulnerabilities and threats awareness,"6,7 ",0,0,0,0,0,1,1,0,
1895,social theories of privacy,social theories of privacy,"6,8 ",0,0,0,0,0,1,0,1,
1896,social media privacy and security,social media privacy and security,"6,8 ",0,0,0,0,0,1,0,1,
1898,sensitive personal data (spd),sensitive personal data (spd),"1,6,7  ",1,0,0,0,0,1,1,0,
1899,personal tracking and digital footprint,personal tracking and digital footprint,"1,6,7  ",1,0,0,0,0,1,1,0,
1901,usability and user experience,usability and user experience,"6,7,8  ",0,0,0,0,0,1,1,1,
1902,human security factors,human security factors,"6,7,8  ",0,0,0,0,0,1,1,1,
1903,policy awareness and understanding,policy awareness and understanding,"6,7,8  ",0,0,0,0,0,1,1,1,
1904,privacy policy,privacy policy,"6,7,8  ",0,0,0,0,0,1,1,1,
1905,design guidance and implications,design guidance and implications,"6,7,8  ",0,0,0,0,0,1,1,1,
1908,risk identification,risk identification,7,0,0,0,0,0,0,1,0,
1909,risk assessment and analysis,risk assessment and analysis,7,0,0,0,0,0,0,1,0,
1910,insider threats,insider threats,7,0,0,0,0,0,0,1,0,
1911,risk measurement and evaluation models and methodologies,risk measurement and evaluation models and methodologies,7,0,0,0,0,0,0,1,0,
1912,risk control,risk control,7,0,0,0,0,0,0,1,0,
1914,organizational context,organizational context,"7,8 ",0,0,0,0,0,0,1,1,
1915,privacy,privacy,"1,6,7,8 ",1,0,0,0,0,1,1,1,
1916,"laws, ethics, and compliance","laws, ethics, and compliance","7,8 ",0,0,0,0,0,0,1,1,
1917,security governance,security governance,7,0,0,0,0,0,0,1,0,
1918,executive and board level communication,executive and board level communication,7,0,0,0,0,0,0,1,0,
1919,managerial policy,managerial policy,7,0,0,0,0,0,0,1,0,
1921,performance measurements (metrics),performance measurements (metrics),7,0,0,0,0,0,0,1,0,
1922,data analytics,data analytics,7,0,0,0,0,0,0,1,0,
1923,security intelligence,security intelligence,7,0,0,0,0,0,0,1,0,
1925,operating system administration,operating system administration,7,0,0,0,0,0,0,1,0,
1926,database system administration,database system administration,7,0,0,0,0,0,0,1,0,
1927,network administration,network administration,7,0,0,0,0,0,0,1,0,
1928,cloud administration,cloud administration,"1,6,7,8 ",1,0,0,0,0,1,1,1,
1929,cyber physical system administration,cyber physical system administration,7,0,0,0,0,0,0,1,0,
1930,system hardening,system hardening,7,0,0,0,0,0,0,1,0,
1931,availability,availability,7,0,0,0,0,0,0,1,0,
1933,strategic planning,strategic planning,7,0,0,0,0,0,0,1,0,
1934,operational and tactical management,operational and tactical management,"1,6,7,8 ",1,0,0,0,0,1,1,1,
1936,incident response,incident response,7,0,0,0,0,0,0,1,0,
1937,disaster recovery,disaster recovery,7,0,0,0,0,0,0,1,0,
1938,business continuity,business continuity,7,0,0,0,0,0,0,1,0,
1940,project management,project management,7,0,0,0,0,0,0,1,0,
1941,resource management,resource management,7,0,0,0,0,0,0,1,0,
1942,security metrics,security metrics,7,0,0,0,0,0,0,1,0,
1943,quality assurance and quality control,quality assurance and quality control,7,0,0,0,0,0,0,1,0,
1945,"security awareness, training and education","security awareness, training and education","6,7 ",0,0,0,0,0,1,1,0,
1946,security hiring practices,security hiring practices,7,0,0,0,0,0,0,1,0,
1947,security termination practices,security termination practices,7,0,0,0,0,0,0,1,0,
1948,third party security,third party security,7,0,0,0,0,0,0,1,0,
1949,security in review processes,security in review processes,7,0,0,0,0,0,0,1,0,
1950,special issue in privacy of employee personal information,special issue in privacy of employee personal information,"1,6,7,8 ",1,0,0,0,0,1,1,1,
1952,security convergence,security convergence,7,0,0,0,0,0,0,1,0,
1953,global security operations centers (gsocs),global security operations centers (gsocs),7,0,0,0,0,0,0,1,0,
1956,cybercriminal behavior,cybercriminal behavior,8,0,0,0,0,0,0,0,1,
1957,cyber terrorism,cyber terrorism,8,0,0,0,0,0,0,0,1,
1958,cybercriminalinvestigations,cybercriminalinvestigations,8,0,0,0,0,0,0,0,1,
1959,economics of cybercrime,economics of cybercrime,8,0,0,0,0,0,0,0,1,
1961,constitutional foundations of cyber law,constitutional foundations of cyber law,"7,8 ",0,0,0,0,0,0,1,1,
1962,intellectual property related to cybersecurity,intellectual property related to cybersecurity,"7,8 ",0,0,0,0,0,0,1,1,
1963,privacy laws,privacy laws,"1,6,7,8 ",1,0,0,0,0,1,1,1,
1964,data security law,data security law,8,0,0,0,0,0,0,0,1,
1965,computer hacking laws,computer hacking laws,8,0,0,0,0,0,0,0,1,
1966,digital evidence,digital evidence,8,0,0,0,0,0,0,0,1,
1967,digital contracts,digital contracts,8,0,0,0,0,0,0,0,1,
1968,multinational conventions (accords),multinational conventions (accords),8,0,0,0,0,0,0,0,1,
1969,cross border privacy and data security laws,cross border privacy and data security laws,"1,6,7,8 ",1,0,0,0,0,1,1,1,
1971,defining ethics,defining ethics,8,0,0,0,0,0,0,0,1,
1972,professional ethics and codes of conduct,professional ethics and codes of conduct,8,0,0,0,0,0,0,0,1,
1973,ethics and equity diversity,ethics and equity diversity,8,0,0,0,0,0,0,0,1,
1974,ethics and law,ethics and law,8,0,0,0,0,0,0,0,1,
1975,autonomy robot ethics,autonomy robot ethics,8,0,0,0,0,0,0,0,1,
1976,ethics and conflict,ethics and conflict,8,0,0,0,0,0,0,0,1,
1977,ethical hacking,ethical hacking,8,0,0,0,0,0,0,0,1,
1978,ethical frameworks and normative theories,ethical frameworks and normative theories,8,0,0,0,0,0,0,0,1,
1980,international cyber policy,international cyber policy,"7,8  ",0,0,0,0,0,0,1,1,
1981,u.s. federal cyber policy,u.s. federal cyber policy,"7,8  ",0,0,0,0,0,0,1,1,
1982,global impact,global impact,"7,8  ",0,0,0,0,0,0,1,1,
1983,cybersecurity policy and national security,cybersecurity policy and national security,"7,8 ",0,0,0,0,0,0,1,1,
1984,national economic implications of cybersecurity,national economic implications of cybersecurity,"7,8 ",0,0,0,0,0,0,1,1,
1985,new adjacencies to diplomacy,new adjacencies to diplomacy,"7,8 ",0,0,0,0,0,0,1,1,
1987,defining privacy,defining privacy,"1,6,7,8  ",1,0,0,0,0,1,1,1,
1988,privacy rights,privacy rights,"1,6,7,8  ",1,0,0,0,0,1,1,1,
1989,safeguarding privacy,safeguarding privacy,"1,6,7,8 ",1,0,0,0,0,1,1,1,
1990,privacy norms and attitudes,privacy norms and attitudes,"1,6,7,8  ",1,0,0,0,0,1,1,1,
1991,privacy breaches,privacy breaches,"1,6,7,8  ",1,0,0,0,0,1,1,1,
1992,privacy in societies,privacy in societies,"1,6,7,8  ",1,0,0,0,0,1,1,1,
