,Statement Description
0,knowledge of NIST guidelines
1, understanding of password management practices
2,knowledge of cybersecurity
3, understanding of password strength
4, familiarity with password best practices
5,Knowledge of data protection concepts
6, Understanding of encryption techniques
7, Awareness of data security threats
8,cryptography standards
9, key strength in encryption
10,knowledge of cybersecurity threats
11, understanding of social engineering techniques
12,IPSec knowledge
13, Security Association (SA) concept
14, Security Parameter Index (SPI)
15, IPSec transform algorithms
16,knowledge of network security components
17, understanding of access control mechanisms
18,knowledge of security structures
19, understanding of architectural safety features
20,security measures for physical access control
21, barriers and deterrents in security
22, parking lot security
23,Risk management concepts
24, Cybersecurity principles
25, Threat assessment
26, Security control strategies
27, Resource allocation in cybersecurity
28,cloud computing security
29, server security
30, encryption
31, SQL databases
32, operational costs
33, physical data security
34,IPv6 addressing
35, Loopback address concept
36,Cryptography
37, Binary operations
38, Stream ciphers
39,Contract law basics
40, Understanding of contract formation
41, Knowledge of contractual communications
42,Data privacy techniques
43, Privacy preserving data sharing methods
44,Job rotation principles
45, Security best practices
46, Operational efficiency
47, Staff training
48, Risk management
49,Knowledge of cryptographic protocols
50, Understanding of symmetric encryption
51, Awareness of password transmission security
52, Familiarity with hash functions
53,knowledge of number theory
54, familiarity with ancient Greek mathematical methods
55, understanding of prime numbers
56, awareness of computational algorithms
57,Cybersecurity fundamentals
58, CIA triad concepts
59,knowledge of terrorist motivations
60, understanding of global politics
61, familiarity with western cultural and economic influence
62,Understanding of security principles
63, Knowledge of access control
64, Familiarity with security best practices
65,knowledge of rotor machines
66, understanding of substitution ciphers
67, familiarity with rotor rotation mechanisms
68,Understanding of privacy policies
69, Knowledge of potential unintended consequences
70, Awareness of consumer/provider rights and responsibilities
71,knowledge of security practices
72, understanding of default security configurations
73, awareness of security configuration changes
74,Post quantum cryptography
75, Learning with errors problem
76, NTRU cryptosystem
77, Ring LWE scheme
78,Business continuity management
79, Understanding of system downtime impacts
80,Linux/UNIX file permissions
81, chown command function
82, usermod command function
83, cacls command function
84, chmod command function
85,nbtstat command functionality
86, network troubleshooting
87,Authentication methods
88, Security concepts
89, Two factor authentication components
90,application control policies
91, blacklisting
92, whitelisting
93, software deployment
94,knowledge of encryption techniques
95, understanding of transposition cipher
96,Understanding of security basics
97, Organizational security landscape
98, Minimum security standards
99,Understanding of cloud computing models
100, Knowledge of PaaS
101, IaaS
102, and SaaS definitions
103,CISSP knowledge
104, Security Awareness Concepts
105, Incident Response
106, Disaster Recovery
107, Social Engineering Techniques
108, Due Care and Diligence
109, Privilege Escalation
110,knowledge of medical privacy threats
111, understanding of data security
112, awareness of cybersecurity risks
113, familiarity with insider threats
114,knowledge of historical codebooks and machines used during World War II
115, familiarity with Japanese codebook names
116, understanding of cryptographic machines
117,PGP encryption
118, Symmetric encryption algorithms
119, Asymmetric encryption algorithms
120, Hash functions
121,Understanding of application systems
122, Knowledge of data management
123, Awareness of data consistency concepts
124,network architecture concepts
125, attack life cycle phases
126, security monitoring techniques
127,Biba security model
128, Security triad
129,knowledge of computer room infrastructure
130, understanding of distributed computing environments
131,virus scanning
132, antivirus software functionality
133, malware detection techniques
134,cybersecurity concepts
135, vulnerability reporting
136, reward systems in security
137,Understanding of different types of cyber attacks
138, Knowledge of motivations behind cyber attacks
139, Awareness of hacktivism and its objectives
140,vulnerability management
141, security practices
142, remediation processes
143,continuity planning
144, strategy development
145, risk management
146, business continuity
147,knowledge of TCP/IP protocols
148, understanding of IPv4 and IPv6
149, familiarity with IPsec protocols
150,knowledge of hash functions
151, understanding of probability theory
152, familiarity with cryptographic concepts
153,Electronic warfare
154, Electromagnetic spectrum
155, Communications security
156,network security
157, port scanning
158, enumeration techniques
159,Knowledge of cryptographic attacks
160, Understanding of network protocols and traffic
161, Awareness of switch behavior under MAC address manipulation
162,STRIDE model
163, Information security
164,Crime Prevention Through Environmental Design
165,knowledge of cybersecurity
166, understanding of honeypots
167, incident investigation processes
168,Knowledge of data security concepts
169, Understanding of encryption principles
170,flood plains
171, flood risk assessment
172, probability of natural disasters
173,knowledge of columnar transposition
174, understanding of transposition ciphers
175, familiarity with cribs in cryptanalysis
176,network security
177, Intrusion Detection System (IDS)
178, signature based detection
179, known attacks
180,understanding of access control mechanisms
181, familiarity with data security models
182,ARP protocol
183, LAN network operations
184, IP addressing
185, MAC addressing
186,knowledge of digital security
187, understanding of certificate management
188,network security
189, firewall function
190,Mobile Device Management (MDM)
191, Enterprise environments
192, Security policies
193, Device management
194,DVD technology
195, region coding
196, global release planning
197, unauthorized access
198, DVD players
199,Configuration Control
200, Configuration Management
201, Change Management
202,GSM security mechanisms
203, wireline network security
204, A5/1 encryption standard
205, country specific telecommunications regulations
206,OSI model
207, Network layer functions
208,Cryptographic methods
209, Key characteristics
210, Vernam Cipher (One Time Pad)
211,Knowledge of NIST Risk Management Framework steps
212, Understanding of information system security
213,knowledge of password security
214, understanding of passphrase characteristics
215,Understanding of cost benefit analysis
216, Knowledge of security economics
217, Awareness of indirect costs
218,knowledge of cyber security techniques
219, understanding of obfuscation methods
220, awareness of attack vectors
221,WiFi standards
222, Frequency bands in wireless networking
223,network communication models
224, history of internet development
225, acronyms for networking organizations
226,Sampling techniques
227, Nonstatistical sampling methods
228, Focus on specific events
229,knowledge of software security organizations
230, familiarity with acronyms related to cybersecurity
231,knowledge of the Morris worm
232, understanding of computer security vulnerabilities
233, awareness of early computer emergency response teams
234,network security concepts
235, intrusion detection systems
236,PCI DSS (Payment Card Industry Data Security Standard) knowledge
237, Compliance and security best practices
238, Business operations management
239,Knowledge of cryptography
240, Understanding of cipher machines
241, Familiarity with decryption techniques
242, Experience with codebreaking
243,knowledge of US telecommunications law
244, understanding of cybersecurity issues
245, familiarity with internet regulation
246,Risk assessment
247, Quantitative risk analysis
248, Asset valuation
249, Exposure factors
250,Understanding of network types
251, Knowledge of public and private networks
252, Familiarity with LAN and WAN
253, Awareness of the concept of extranets
254,Cybersecurity fundamentals
255, Incident response processes
256, Security best practices
257,SSO (Single Sign On) concepts
258, Smart card security token basics
259,knowledge of encryption types
260, understanding of symmetrical and asymmetrical encryption
261,knowledge of ethical hacking
262, understanding of cybersecurity threats
263, familiarity with system maintenance cycles
264, awareness of technological advancements
265,firewall configuration
266, TCP and UDP packets
267, ACL configurations
268, spoofed requests
269, packet analysis
270,knowledge of information security risk management processes
271, understanding of the Systems Development Life Cycle (SDSM)
272, familiarity with certification and accreditation procedures
273,Network security protocols
274, Security services provided by protocols
275, Internet Protocol Security (IPsec) components
276,Cryptography basics
277, Encryption algorithms
278, Secure data transmission principles
279,Knowledge of information security frameworks
280, Understanding of ISO standards
281, Awareness of BS 7799 and its evolution
282,knowledge of encryption methods
283, understanding of symmetric vs asymmetric encryption
284, factors affecting encryption choice for large data
285,Knowledge of data security concepts
286, Understanding of cryptographic processes
287,email security
288, virus protection methods
289, antivirus software
290, firewall configurations
291, email server management
292,computer networking
293, worms (computing)
294, virus propagation methods
295,Payment Card Industry Data Security Standard (PCI DSS)
296, Customized approach in PCI DSS
297, Compensating controls
298, Annual PCI DSS assessment process
299, Ongoing monitoring of controls
300,Knowledge of cybersecurity principles
301, Understanding of security planning
302, Familiarity with C&A (Continuous Authorization and Assessment) process
303,knowledge of password security principles
304, understanding of security measures and their effects
305,knowledge of common web domain structures
306, understanding of trusted websites
307, awareness of phishing techniques
308,cybersecurity concepts
309, network security
310, server enumeration techniques
311,Understanding of web application security
312, Knowledge of common web vulnerabilities
313, Familiarity with SQL and script injection techniques
314,IEEE 802.1x standard
315, Access control technologies for LANs
316, Authentication methods for wired and wireless networks
317,Database management
318, Panel interface design
319,cryptographic algorithms
320, asymmetric cryptography
321, hybrid cryptosystems
322, RSA
323,Risk management principles
324, ALARP (As Low As Reasonably Practicable) concept
325, Risk tolerance
326, Risk acceptance
327,knowledge of cryptographic schemes
328, understanding of discrete logarithm problem
329, familiarity with elliptic curve cryptography
330, awareness of prime number selection for cryptographic systems
331,Web Application Firewall
332, cybersecurity
333, web application security
334, unauthorized access
335, security threats
336,WLAN security
337, WPA2 encryption
338, default SSID changes
339, frequency band usage
340,knowledge of cryptographic techniques
341, understanding of secure communication methods
342, familiarity with internet security protocols
343,Cryptography
344, Symmetric encryption
345, One time pad characteristics
346,knowledge of wireless communication technologies
347, understanding of transmission media types
348,knowledge of cybersecurity practices
349, understanding of payment security
350, familiarity with system monitoring techniques
351, awareness of security log analysis
352,knowledge of cryptographic algorithms
353, understanding of encryption and decryption processes
354,Buffer overflow
355, Computer security
356, Programming languages
357, Stack data structure
358,Symmetric encryption schemes
359, SRTP (Secure Real time Transport Protocol)
360, AES (Advanced Encryption Standard) modes of operation
361, CBC (Cipher Block Chaining)
362, ECB (Electronic Codebook)
363, RC4 stream cipher
364, GCM (Galois/Counter Mode)
365,IT security
366, Management role in security
367, Outsourcing practices
368, Patch management
369,Knowledge of information security best practices
370, Understanding of organizational information protection needs
371, Ability to communicate effectively
372, Familiarity with training methodologies
373,Biometric systems and their ethical implications
374, User rights and autonomy in technology
375, Privacy concerns related to biometric data
376,Knowledge of cybersecurity terms
377, Understanding of common cyber threats
378,TCP protocol knowledge
379, Port scanning techniques
380,smartcard technology
381, ATM card security
382, security benefits of smartcards
383, magnetic strip limitations
384,Librarian roles in operations
385, IT support basics
386, Backup management
387, Media preservation techniques
388,Understanding of computer systems
389, Knowledge of hardware
390, firmware
391, and software components
392, Awareness of security concepts
393, Familiarity with common security exploits
394,Cybersecurity
395, Honeypot technology
396, Attack detection methods
397,VLANs
398, Layer 2 networking
399, LAN segmentation
400,Knowledge of CIA triad principles
401, Understanding of what each letter represents in CIA triad
402,DNS
403, MX records
404, dig command
405, whois command
406,Wireless network security
407, Hacking tools
408,XTS AES mode
409, Block cipher basics
410, Encryption modes
411,Business Continuity Planning
412, Change Management
413,Kerberos protocol
414, Secure time services
415, Clock synchronization
416,Wireless ad hoc network protocols
417, Link state routing
418, Security mechanisms in wireless networks
419, SPINS protocol
420,IKEv1 protocols
421, IKEv2 core specification
422, NAT traversal techniques
423,network security concepts
424, cybersecurity tactics
425, threat detection methods
426,NIST Cybersecurity Framework
427, Functions of NIST Cybersecurity Framework
428,fingerprint characteristics
429, forensic science
430,jurisdiction
431, legal terms
432,knowledge of cybersecurity concepts
433, understanding of information security principles
434,network security
435, cybersecurity concepts
436, types of cyber attacks
437,knowledge of network security
438, understanding of different types of network scans
439, awareness of firewall and IDS functionalities
440,knowledge of cryptographic techniques
441, understanding of data encryption methods
442,Understanding of cybersecurity principles
443, Knowledge of layered defense strategies
444, Concept of deterrence in security
445,Cybersecurity Framework knowledge
446, Understanding of different organizations that provide cybersecurity guidelines
447,Trade secret laws
448, Defend Trade Secrets Act
449,knowledge of firewall systems
450, understanding of network security
451, awareness of organizational security policies
452, familiarity with IT infrastructure
453,knowledge of system audit logs
454, understanding of file properties and attributes
455, familiarity with hashing techniques
456, awareness of limitations of antivirus software
457,cryptographic concepts
458, biometrics
459, statistical independence
460,ARP protocol
461, DNS system
462, network attacks
463,Public Key Infrastructure
464, Certificate validation
465, Decentralized model
466, Web of trust
467,Cryptography basics
468, Information theoretic security concepts
469, One Time Pad characteristics
470, Discrete Logarithm Problem
471, Pseudorandom Function properties
472, RSA algorithm
473,knowledge of cybersecurity threats
474, understanding of network security practices
475, awareness of technological evolution
476,Network protocols
477, Port scanning techniques
478, ICMP functionality
479, FTP and HTTP basics
480,software security
481, open source vs closed source debates
482, code review processes
483,Symmetric cryptography
484, Cryptographic principles
485, Plaintext manipulation
486, Key security
487,Understanding of organizational security needs
488, Knowledge of regulatory requirements
489, Familiarity with risk assessment methods
490, Experience in control implementation
491,PCI DSS 4.0 standards
492, Access control policies
493, User account management procedures
494,NIST Cybersecurity Framework
495, Cybersecurity incident detection
496,cloud computing fundamentals
497, elasticity concept
498,network security
499, firewall functions
500, access control
501,Group theory
502, Commutative property
503,Knowledge of cryptographic techniques
504, Understanding of symmetric encryption
505, Understanding of asymmetric encryption
506, Understanding of hybrid cryptosystems
507,knowledge of firewall functions
508, understanding of network security concepts
509, familiarity with network traffic and packet inspection
510,knowledge of cybersecurity terms
511, understanding of control types in information security
512,Biometrics
513, Authentication methods
514,knowledge of cryptographic modes
515, understanding of block ciphers
516, understanding of stream ciphers
517, knowledge of encryption vulnerabilities
518, specific knowledge of cut and paste attacks
519,Information Risk Management
520, Vulnerability Analysis
521, Risk management processes
522, Threat identification
523, Weakness assessment
524,Cybersecurity
525, Internet security
526, Intranet security
527, Web security
528, Threats to information systems
529,knowledge of cryptographic protocols
530, understanding of elliptic curve cryptography
531, awareness of key length in encryption
532,public key infrastructure
533, session key distribution
534, three level approach
535,Knowledge of cryptographic modes of operation
536, Understanding of stream ciphers
537, Understanding of Electronic Codebook (ECB) mode
538, Understanding of block ciphers
539, Understanding of Cipher Block Chaining (CBC) mode
540,Understanding of cybersecurity principles
541, Knowledge of access control mechanisms
542, Awareness of security risks associated with overprivileged users
543,Understanding of software development
544, Knowledge of web services and protocols
545,Business Continuity Planning
546, Information Security Strategy
547, Disaster Recovery Plans
548, Alternate Site Operations
549,knowledge of cybersecurity practices
550, understanding of social engineering tactics
551,knowledge of cryptographic attacks
552, understanding of encryption processes
553, familiarity with key recovery techniques
554, awareness of plaintext ciphertext relationships
555,knowledge of cybersecurity
556, understanding of software vulnerabilities
557, awareness of attacker motivations
558,OSI model
559, Network layer security
560,international law
561, law of armed conflict
562, cyber operations
563, principles of humanity
564,Web application security
565, Types of web attacks
566, Authentication concepts
567,Switching fundamentals
568, Port mirroring/SPAN concept
569, Network monitoring
570,knowledge of symmetric key encryption systems
571, understanding of block ciphers
572, awareness of encryption processes
573,Motion detection technology
574, Types of motion detectors
575,knowledge of common types of cyber attacks
576,Knowledge of organizational security practices
577, Understanding of information classification
578,Understanding of cryptographic principles
579, Knowledge of hash functions
580, Familiarity with security properties
581,knowledge of US federal and state privacy laws
582, understanding of the Unsolicited Electronic Mail Act
583, familiarity with email regulations and legislation
584,Intrusion Detection Systems
585, Host based IDS
586, Network IDS
587,ICMP
588, network scanning
589, ping
590,FTP (File Transfer Protocol) knowledge
591, Understanding of file sharing concepts
592,knowledge of network security concepts
593, understanding of security devices and their functions
594,Knowledge of Common Criteria framework
595, Understanding of international standards for IT security evaluation
596, Familiarity with organizations involved in IT security assessment
597,Understanding of network security concepts
598, Knowledge of encryption techniques
599, Awareness of public vs private networks
600, Familiarity with cybersecurity practices
601,Understanding of ticket based authentication systems
602, Knowledge of service tickets
603, Familiarity with Kerberos protocol
604,Data analysis
605, Transaction processing
606, Behavioral profiling
607,Knowledge of password security principles
608, Understanding of password complexity
609, Awareness of common password attacks
610,knowledge of national policy trends
611, understanding of privacy and data protection issues
612, familiarity with current global regulatory frameworks
613,network scanning
614, ping scan
615, port scan
616, OS fingerprinting
617, Nmap
618,knowledge of operating system architecture
619, understanding of kernel mode operations
620, awareness of system service descriptor table (SSDT)
621, familiarity with rootkit types
622,definition of IoT
623, networking concepts
624, internet connectivity
625, sensors and data collection
626,security concepts
627, control types
628, security policy components
629,Dolev Yao adversary model
630, Adversary actions in cryptographic security
631,knowledge of web security
632, understanding of session management
633, awareness of session hijacking techniques
634,knowledge of number theory
635, familiarity with algorithmic techniques
636, understanding of prime factorization methods
637, awareness of random number generation in algorithms
638, knowledge of Pollard’s rho Algorithm
639,network scanning
640, ping sweep
641, live systems identification
642,knowledge of web cloning
643, understanding of social engineering
644, familiarity with web tools
645,knowledge of cybersecurity
646, understanding of CAPTCHA functionality
647, awareness of common cybersecurity threats
648,Risk management concepts
649, Security controls
650,Cybersecurity concepts
651, Network security techniques
652, Types of cybersecurity measures
653,Security principles
654, Operating system security
655,Network security concepts
656, Types of cyber threats
657,Understanding of cybersecurity concepts
658, Knowledge of encryption methods
659, Awareness of network security
660, Familiarity with virtual private networks
661,Social engineering techniques
662, Cybersecurity concepts
663,knowledge of IT security processes
664, understanding of configuration management
665,Knowledge of instant messaging terminology
666, Understanding of spam and its variants
667, Familiarity with acronyms used in technology contexts
668,knowledge of access control models
669, understanding of security concepts
670, familiarity with take grant model specifics
671,knowledge of U.S. government acts and their purposes
672, understanding of federal information technology management structures
673,Information security concepts
674, Fundamental principles of cybersecurity
675, Application systems development lifecycle
676,firewall types
677, network security concepts
678, packet inspection techniques
679,Expert Systems
680,knowledge of cybersecurity practices
681, understanding of software vulnerabilities
682, awareness of common cyber threats
683,Knowledge of security practices
684, Understanding of authentication processes
685, Awareness of accountability mechanisms
686,knowledge of system types
687, understanding of embedded systems
688,knowledge of common cybersecurity threats
689, understanding of authentication mechanisms
690, awareness of social engineering techniques
691,radar technology
692, pulse repetition frequency
693, signal processing techniques
694, receiver operation
695,knowledge of trusted third parties
696, understanding of personal privacy policies
697, familiarity with surveys and their role in policy creation
698, awareness of data protection and PII
699, comprehension of community consensus and its implications
700,knowledge of cybersecurity terms
701, understanding of malware types
702, definition of ransomware
703,network protocols
704, TCP/IP model
705, data communication concepts
706,Biometrics
707, Security principles
708, User acceptance factors
709, Data storage concepts
710,Understanding of organizational structure
711, Knowledge of management principles
712, Familiarity with leadership roles
713,WLAN basics
714, PC to PC communication
715, Infrastructure mode characteristics
716, Ad hoc mode characteristics
717, WLAN frequency bands
718,knowledge of network security
719, understanding of authentication methods
720, familiarity with Kerberos protocol
721, awareness of SSH function
722, knowledge of PKI
723,Understanding of cybersecurity concepts
724, Knowledge of preventive vs detective controls
725, Awareness of incident response strategies
726,data protection responsibilities
727, data roles in organizations
728, data security policies
729,mandatory vacations
730, security principles
731, fraud prevention
732, malicious activities
733,OSI model layers
734,Understanding of vulnerability assessment processes
735, Familiarity with cybersecurity standards and frameworks
736, Knowledge of vulnerability scoring systems
737, Comprehension of cybersecurity terminology and concepts
738,Understanding of access control mechanisms
739, Knowledge of capabilities based security models
740, Familiarity with ACLs (Access Control Lists)
741,security policies
742, overall direction
743, requirements
744, daily operations
745, long term network maintenance
746, technology implementation
747,knowledge of asymmetric encryption
748, understanding of elliptic curve cryptography
749, familiarity with hybrid encryption schemes
750, awareness of Diffie Hellman and Elliptic Curve Diffie Hellman algorithms
751, knowledge of RSA algorithm
752,knowledge of security principles
753, understanding of development environment vulnerabilities
754, awareness of access control mechanisms
755,Cybersecurity
756, Incident response
757, Information security
758,knowledge of the CIA triad
759, understanding of security objectives
760,GPG (GNU Privacy Guard) basics
761, Public key cryptography concepts
762, Email security protocols
763,Network troubleshooting
764, MegaPing functionality
765, System responsiveness
766, Port scanning
767, UDP scans
768,knowledge of military technology
769, understanding of radar systems
770, awareness of electronic warfare techniques
771, familiarity with identification friend or foe (IFF) systems
772,UAV security
773, malicious access prevention
774, biometric authentication
775, physical security
776, network access control
777, geofencing
778,network security
779, file transfer protocols
780,Unix security
781, File system structure and purpose
782,network security concepts
783, firewall and perimeter defense
784, network segmentation
785, DMZ (De Militarized Zone) understanding
786,Knowledge of information security controls
787, Understanding of data protection principles
788,DES algorithm
789, initial permutation
790, final permutation
791, bit manipulation
792,Understanding of vulnerability assessment and management
793, Knowledge of cybersecurity threat assessment frameworks
794, Familiarity with vulnerability scoring systems
795,knowledge of cybersecurity
796, understanding of firewall functions
797,Credentials
798, Something you know
799, Something you have
800, Username
801, Password
802, PIN code
803, Certificate
804,Configuration management processes
805, Software development lifecycle
806, Change management
807,Fire safety
808, Climate control
809, Power management
810, Data center infrastructure
811,Understanding of cybersecurity terms
812, Knowledge of common cyber threats
813, Awareness of phishing tactics
814,knowledge of cryptographic protocols
815, understanding of number theory
816, familiarity with factoring problems
817, awareness of square roots modulo N
818,principle of least privilege
819, role based access control
820,Knowledge of information security standards
821, Understanding of ISO/IEC standards
822, Familiarity with incident management frameworks
823,network security
824, vulnerability assessment
825, security tools
826,password security
827, user education
828, cybersecurity practices
829,Understanding of cybersecurity principles
830, Knowledge of internal controls
831, Awareness of fraud prevention techniques
832, Familiarity with organizational security practices
833,Cybersecurity principles
834, Confidentiality in cybersecurity
835,network security
836, wireless network security
837, encryption methods
838, default settings in networking
839,history of computing
840, World War II technology
841, codebreaking history
842,Virtual Private Network protocols
843, SLIP protocol
844,Access control mechanisms
845, Types of security requirements
846,pay TV industry knowledge
847, piracy response strategies
848, copyright protection methods
849, legal enforcement effectiveness
850,cybersecurity principles
851, acceptable use policies
852, hacking methods
853, software installation procedures
854, vulnerability exploitation techniques
855,Information Risk Management
856, Project Sizing
857, Threat Identification
858, Asset Valuation
859, Vulnerability Assessment
860,Internet ethics
861, Computer crime laws
862, Intellectual property rights
863,HTTP/1.1 protocol
864, TCP connection establishment process
865, Web server and client communication
866,Risk management concepts
867, Traditional risk analysis methods
868,Java security model
869, Applet execution environment limitations
870,cloud service models
871, networking and security concepts
872,knowledge of wireless networking security strategies
873, understanding of geofencing technology
874,CMMI (Capability Maturity Model Integration) knowledge
875, Understanding of CMMI maturity levels
876,knowledge of ethical hacking
877, understanding of black hat and white hat hackers
878, awareness of black box and white box testing
879, familiarity with CEH certification
880,Defense in depth
881,knowledge of workplace monitoring
882, understanding of business ethics
883, awareness of employee rights
884,Situational crime prevention theories
885, Understanding of criminal incentives
886,knowledge of system hacking tools
887, understanding of Windows security mechanisms
888, familiarity with hash cracking processes
889,network appliances
890, security concepts
891, cybersecurity roles
892, security devices
893,Disaster recovery concepts
894, Business continuity planning
895, IT infrastructure management
896,Business Impact Analysis
897, Critical vs noncritical functions
898,knowledge of networking hardware
899, understanding of switch features
900, familiarity with networking vendor specific terminology
901,Knowledge of encryption techniques
902, Understanding of symmetric vs asymmetric encryption
903,Understanding of password cracking techniques
904, Knowledge of different types of attacks in cybersecurity
905, Familiarity with hash functions and password storage methods
906,Understanding of cyber security attacks
907, Knowledge of password security
908, Awareness of different types of cyber attacks
909,Relational database fundamentals
910,Mandatory Access Control principles
911, Classification and clearance concepts
912,Business Impact Analysis
913, Server management roles
914, Interdepartmental dependencies
915,malicious code types
916, computer security
917,Knowledge of security concerns
918, Understanding of liability issues
919, Awareness of dog behavior and capabilities
920,Bluetooth technology
921, Bluetooth scanning process
922,Cryptography basics
923, Key types in cryptography
924,Intel processor features
925, Privacy concerns in technology
926, Digital rights management
927,knowledge of privacy policies
928, understanding of user data protection
929, familiarity with online services
930,Cryptography
931, Data security concepts
932,block cipher properties
933, cryptographic principles
934,malware types
935, file system artifacts
936, Trojan malware characteristics
937, fileless malware characteristics
938,Data warehousing concepts
939, Database systems
940,knowledge of cloud computing services
941, understanding of different cloud computing models
942,Understanding of service denial attacks
943, Knowledge of anonymous principals
944, Awareness of name services for identification
945, Concept of selective attacks
946,knowledge of cybersecurity concepts
947, understanding of internet security
948, awareness of encryption methods
949,Knowledge of Bernoulli processes
950, Understanding of linear feedback shift registers
951, Characteristic polynomials of LFSRs
952, Autocorrelation function definition
953,knowledge of UNIX filesystem integrity verification processes
954, understanding of system crashes and their effects
955, familiarity with integrity check methods
956,knowledge of malware types
957, understanding of polymorphism in computer science
958, awareness of antivirus detection methods
959,Knowledge of IT security principles
960, Understanding of accountability in network management
961, Familiarity with security controls
962,Knowledge of healthcare regulations
963, Understanding of patient privacy laws
964, Familiarity with HIPAA guidelines
965,two factor authentication
966, cybersecurity concepts
967, phishing attacks
968, mobile phone authentication
969, password management
970,Cybersecurity fundamentals
971, Incident response processes
972, Security breach mitigation strategies
973,knowledge of common cyber attacks
974, understanding of phishing techniques
975, awareness of spear phishing
976,knowledge of digital forensics
977, understanding of computer forensic investigations
978, familiarity with file analysis techniques
979,Understanding of cybersecurity threats
980, Knowledge of spamming techniques
981, Awareness of email systems and their vulnerabilities
982,Knowledge of communication security
983, Understanding of frequency band management
984, Awareness of jamming techniques
985,knowledge of World War II cryptography
986, understanding of encryption machines
987, specific knowledge of Enigma machine
988,knowledge of cryptographic algorithms
989, familiarity with NIST and NSA
990, understanding of digital signature standards
991, awareness of Secure Hash Standard (SHS)
992,network security concepts
993, firewall functions
994, network segmentation
995,Knowledge of Public Key Infrastructure (PKI)
996, Understanding of digital certificates
997, Familiarity with role of Certificate Authorities in PKI
998,knowledge of password types
999, understanding of static vs dynamic passwords
1000,virus propagation techniques
1001, malware distribution methods
1002, computer security concepts
1003,IPsec and IKE protocols
1004, BSD based systems networking
1005, Communication protocols in BSD
1006, PF KEYv2
1007, NETLINK
1008, XFRM
1009,Knowledge of cryptographic algorithms
1010, Understanding of symmetric key cryptography
1011,knowledge of Bluetooth technology
1012, understanding of cybersecurity threats
1013, awareness of data theft methods
1014,intrusion detection systems
1015, network security concepts
1016, types of IDS
1017,security compliance terms
1018, information system evaluation process
1019, technical security features
1020, non technical security features
1021,knowledge of VISA fraud reduction initiatives
1022, understanding of payment security measures introduced in the 1990s
1023,Knowledge of network packet marking techniques
1024, Understanding of Deterministic Packet Marking (DPM)
1025, Understanding of Probabilistic Packet Marking (PPM)
1026, Understanding of Algebraic Packet Marking (APM)
1027,Principles of information security
1028,Risk management
1029, Cost benefit analysis
1030, Vulnerability assessment
1031,digital signatures
1032, verifiability
1033, authentication
1034, non repudiation
1035, time stamping
1036,Biometric technologies
1037, STU III encrypting telephone system
1038, Equal error rate concept
1039,Switch operations
1040, Network security concepts
1041, ARP protocol
1042, MAC address table
1043,Linux runlevels
1044,Cryptography
1045, Cipher design principles
1046, Confusion and diffusion
1047, Cryptographic security
1048,network security
1049, cybersecurity concepts
1050, types of cyber attacks
1051,Wireless Application Protocol (WAP)
1052, WTLS (Wireless Transport Layer Security)
1053, Security protocols in mobile communications
1054,Understanding of different types of policies
1055, Knowledge of management practices
1056, Awareness of organizational behavior concepts
1057,Understanding of database management systems
1058, Knowledge of transactional integrity
1059, Familiarity with computer security concepts
1060,Understanding of security principles
1061, Knowledge of access control mechanisms
1062,Access control systems
1063, Security systems
1064, Facility management
1065,OSI model layers
1066, Encryption concepts
1067, Data formatting
1068, Presentation layer functions
1069,Java security concepts
1070, Sandbox mechanism
1071,Penetration testing
1072, Penetration Testing Execution Standard (PTES)
1073, Authorization process
1074, Scope definition
1075,Security as a Service
1076, cloud computing
1077, cloud service provider
1078,knowledge of security controls types
1079, understanding of WPA and TKIP
1080,wireless networking fundamentals
1081, security threats in wireless networks
1082, association processes in wireless communication
1083,Understanding of distributed systems
1084, Knowledge of security requirements
1085, Awareness of subsystem composition
1086, Familiarity with realization approaches
1087, Comprehension of layered architecture
1088,Understanding of access control models
1089, Knowledge of discretionary access control
1090, Knowledge of non discretionary access control
1091, Knowledge of mandatory access control
1092, Knowledge of role based access control
1093,Knowledge of audience analysis
1094, Understanding of information security concepts
1095, Communication skills
1096, Awareness of different learning styles
1097,cybersecurity
1098, risk assessment
1099, organization assets
1100, legal action
1101, cybercriminals
1102, financial impact
1103, cybersecurity incidents
1104,Voice recognition technology
1105, Forensic science
1106, Error rates in speech recognition
1107,Symmetric key cryptography basics
1108, Encryption and decryption process
1109, Key usage in cryptographic systems
1110,Network security concepts
1111, Security practices and terminology
1112,network security concepts
1113, intrusion detection systems (IDS)
1114,knowledge of privacy policy design
1115, understanding of consumer protection
1116, familiarity with legal standards in privacy
1117, experience in risk management
1118,network security
1119,  intrusion detection systems
1120, SubSeven malware
1121,knowledge of common hacking techniques
1122, understanding of password guessing methods
1123,knowledge of cybersecurity
1124, understanding of different authentication methods
1125, awareness of common cybersecurity threats
1126,knowledge of UNIX syslog facilities
1127, understanding of logging concepts
1128,web server security
1129, network architecture
1130, types of cyber attacks
1131,security engineering
1132, cybersecurity
1133, cryptography
1134, software reliability
1135,Understanding of network security concepts
1136, Knowledge of communication protocols
1137, Awareness of public vs private network differences
1138,Port numbering
1139, Common port usage
1140,Information Risk Management
1141, Risk assessment
1142, Security policies
1143, Strategic planning
1144, IT environment
1145,cybersecurity practices
1146, forensic analysis techniques
1147, event sequencing
1148,replacement cost valuation
1149, risk assessment process
1150, intangible assets
1151, tangible assets
1152,X.509 certificate format
1153, Name Constraints extension
1154, Certification Path
1155, Subject
1156, Certificate Policy
1157, Policy Mapping
1158, Certification Authority (CA)
1159, Path Length
1160,Software engineering
1161, Computer science
1162, Programming
1163,Administrative security principles
1164, Security management concepts
1165, Information security fundamentals
1166,knowledge of elliptic curves
1167, understanding of finite abelian groups
1168, familiarity with modular arithmetic
1169,Linear Feedback Shift Register
1170, Stream cipher principles
1171,software security
1172, defect density
1173, lines of code
1174,knowledge of computer worm history
1175, understanding of email distribution methods
1176, awareness of late September 2000 timeframe
1177,cybersecurity fundamentals
1178, monitoring processes
1179, alarm systems
1180, access control
1181,Email security
1182, Phishing awareness
1183, Cybersecurity practices
1184,Phishing attack methods
1185, Common cybersecurity threats and vectors
1186,knowledge of cybersecurity
1187, understanding of online safety measures
1188, awareness of law enforcement roles in cybersecurity
1189,Knowledge of computer security
1190, Understanding of RF signals
1191, Awareness of computer crime types
1192,knowledge of security systems
1193, intrusion detection systems
1194, fencing techniques
1195, PIDAS system
1196,Network fundamentals
1197, Carrier frequency concepts
1198, Transmission methods in networking
1199,Operating systems
1200, Memory management
1201, W⊕X memory policy
1202, Kernel space
1203, User space
1204, Execution and memory segregation
1205,Remote attestation
1206, Embedded systems security
1207, Malware detection
1208, Software based attestation
1209, Firmware based attestation
1210, Hardware assisted attestation
1211, Hybrid attestation
1212,wireless network security
1213, encryption protocols
1214, cybersecurity attacks
1215,Database Management Systems
1216, Data Relationships
1217, Database Models
1218,authentication protocols
1219, challenge response mechanism
1220, one way encryption
1221, dial up connections
1222,RIR systems
1223, Geographical distribution of RIRs
1224,Knowledge of Claude Shannon
1225, Understanding of cryptography
1226, Definition of work function in cryptography
1227,wireless communication security
1228, email security
1229, cybersecurity threats
1230, wireless network vulnerabilities
1231,knowledge of cybersecurity principles
1232, understanding of CIA triad (confidentiality
1233, integrity
1234, availability)
1235, familiarity with system maintenance practices
1236, experience with security assessments
1237,knowledge of physical access requirements for installing hardware devices
1238, understanding of different methods of accessing computer systems
1239, awareness of typical security measures like admin passwords
1240,Knowledge of ISO 17799 standards
1241, Understanding of system security practices
1242,cybersecurity
1243, types of cyber attacks
1244, network security
1245,knowledge of LUCIFER block cipher
1246, understanding of cryptographic transformations
1247,Knowledge of telecommunications standards
1248, Understanding of ITU T standards
1249,Cryptography basics
1250, Encryption concepts
1251,Keypad access control systems
1252, Security systems
1253, Access control technologies
1254, Tamper resistance
1255, Duplication prevention
1256,network protocols
1257, LAN operations
1258, protocol analysis techniques
1259,knowledge of cybersecurity principles
1260, understanding of system security
1261, awareness of security threats
1262, familiarity with security measures
1263,Biometrics
1264, Population characteristics
1265,cybersecurity concepts
1266, common security measures
1267,knowledge of computer hardware
1268, understanding of data recovery processes
1269, experience with computer forensics
1270,Computer forensics
1271, Data preservation
1272, Evidence recovery
1273, Data analysis
1274, Observation interpretation
1275,Network security concepts
1276, Types of network security devices
1277,Understanding of microservices architecture
1278, Knowledge of independent deployment concepts
1279, Awareness of self contained functions
1280, Familiarity with monolithic architectures
1281, Experience with serverless computing
1282,knowledge of sensor technology
1283, understanding of signal integrity
1284, awareness of security in sensor networks
1285,knowledge of cybersecurity
1286, understanding of honeypots types
1287,Security concepts
1288, Threat agents
1289, Bypass techniques
1290,Data communications terminology
1291, Telecommunication standards
1292,AES algorithm specifications
1293, Key size options in cryptographic algorithms
1294,Operating system design
1295, Unikernel concepts
1296, Library operating system
1297,Chinese Wall model
1298, access control concepts
1299, separation of information
1300, confidentiality principles
1301,Bell LaPadula model
1302, security properties in computer science
1303, information flow control
1304,knowledge of cryptographic algorithms
1305, specific knowledge of Rijndael
1306,Understanding of botnet architectures
1307, Knowledge of P2P networks
1308, Awareness of anonymity techniques in cybercrime
1309, Familiarity with IRC based communication methods
1310,DHCP (Dynamic Host Configuration Protocol) basics
1311, IP addressing concepts
1312, Network administration
1313,IEEE 802.11 standards
1314, frequency bands used by IEEE 802.11
1315, transmission speeds of different IEEE 802.11 standards
1316,knowledge of security measures
1317, understanding of physical security
1318, awareness of theft prevention techniques
1319, familiarity with IT security practices
1320,Understanding of risk management principles
1321, Knowledge of cost benefit analysis
1322, Familiarity with risk mitigation strategies
1323,Penetration testing fundamentals
1324, Security assessment methods
1325, Types of cyber attacks
1326, Security policy evaluation
1327,U.S. government policies and strategies related to disaster management
1328, Concepts of security management and resilience
1329, Understanding of terrorist threats and countermeasures
1330, Disaster response and recovery frameworks
1331,knowledge of ethical hacking principles
1332, understanding of legal and ethical boundaries in cybersecurity
1333, awareness of penetration testing methodologies
1334,Wi Fi networking concepts
1335, 802.11 protocols
1336,knowledge of infrastructure security
1337, understanding of vulnerabilities and threats
1338, familiarity with risk management principles
1339, awareness of business needs and their impact on security
1340,knowledge of security concepts
1341, understanding of physical vs. digital security
1342,Understanding of military tactics
1343, Knowledge of cyber security
1344, Awareness of economic strategies
1345, Familiarity with information technology
1346,knowledge of mobile device security
1347, understanding of data protection methods
1348, awareness of privacy risks associated with mobile devices
1349,email security
1350, phishing awareness
1351,Payment systems security
1352, Card details theft methods
1353, Service denial attacks
1354,RSA encryption methods
1355, Key encapsulation mechanisms (KEM)
1356, Data encryption methods (DEM)
1357, RSA OAEP specifics
1358,encryption modes
1359, confidentiality
1360, authenticity
1361, encryption techniques
1362, GCM (Galois/Counter Mode)
1363,P1363 standard
1364, Public Key Cryptography
1365,Knowledge of cryptographic techniques
1366, Understanding of data concealment methods
1367, Awareness of communication security practices
1368,DES
1369, weak key
1370, encryption
1371, internal keys
1372, key transformation
1373,software testing methods
1374, security testing techniques
1375, dynamic analysis
1376, static analysis
1377,Understanding of common web application security threats
1378, Knowledge of Denial of Service (DoS) attacks
1379, Awareness of application availability and uptime concepts
1380,knowledge of cybersecurity
1381, understanding of phishing attack mechanisms
1382, awareness of different cybersecurity tools and their functions
1383,Steganography
1384, Cybersecurity concepts
1385, Data hiding techniques
1386,knowledge of security controls
1387, understanding of real time vs non real time systems
1388,knowledge of security principles
1389, understanding of threat models
1390, familiarity with security mechanisms
1391, awareness of system vulnerabilities
1392,network security policies
1393, distributed computing
1394, firewall technologies
1395,knowledge of digital signatures
1396, understanding of public key infrastructure
1397, knowledge of trust models in cybersecurity
1398,network security
1399, types of cyber attacks
1400,Understanding of internet technology and its evolution
1401, Knowledge of historical context of information control
1402, Awareness of current global internet usage patterns
1403, Understanding of public opinion dynamics and media management
1404,Understanding of internal controls
1405, Knowledge of transaction initiation processes
1406, Awareness of different types of controls
1407,Symmetric cryptography basics
1408, Types of cryptographic keys
1409,hashing algorithms
1410, SHA family
1411,knowledge of privacy laws
1412, understanding of medical record management
1413, familiarity with data security measures
1414, awareness of centralized database challenges
1415,Cryptography basics
1416, Public key infrastructure
1417, Symmetric and asymmetric encryption concepts
1418,Email protocols
1419, Internet protocols
1420,Understanding of digital signatures
1421, Concept of data integrity
1422, Basics of hash functions
1423,knowledge of wireless network topologies
1424, understanding of infrastructure networks
1425, understanding of ad hoc networks
1426,malware types
1427, virus characteristics
1428, worm characteristics
1429, trojan characteristics
1430,CIA triad components
1431,Web security
1432, Mobile security
1433, User interface vulnerabilities
1434, Stealth techniques
1435, Sensitive information theft
1436,Understanding of security principles
1437, Knowledge of privilege management
1438, Experience with access control
1439, Familiarity with IT security best practices
1440,Key management concepts
1441, Encryption principles
1442,knowledge of database security
1443, understanding of access control mechanisms
1444, familiarity with database content
1445,Trusted Computing Base
1446, Security concepts
1447, Computer security terminology
1448,Operating system architecture
1449, Kernel functionality
1450, Security concepts
1451,Knowledge of cybersecurity tools and their functions
1452, Understanding of network security concepts
1453, Familiarity with threat intelligence feeds
1454, Awareness of log management practices
1455,knowledge of computer forensics processes
1456, understanding of network components and operations
1457, awareness of forensic investigation methods
1458,Public key cryptography basics
1459, Key distribution processes
1460, Certificate management concepts
1461,knowledge of access control systems
1462, understanding of job classification
1463, understanding of permission enforcement
1464,knowledge of web security
1465, understanding of XSS attacks
1466, familiarity with web content security techniques
1467,knowledge of data backup processes
1468, understanding of data integrity validation
1469, familiarity with security solution deployment
1470, experience in data storage management
1471, classification of data
1472,Incident response processes
1473, Network security concepts
1474, Security incident management
1475,ITIL (Information Technology Infrastructure Library)
1476, Incident Management process in ITIL
1477, Service Continuity and Availability concepts
1478,Understanding of network security concepts
1479, Knowledge of communication protocols
1480, Awareness of internet security needs
1481,Knowledge of Information Security Management Systems
1482, Understanding of organizational structure
1483, Awareness of information security domains
1484,Certificate Revocation List
1485,Operational forensics
1486, Evidence retention
1487, Legal and investigative procedures
1488,Understanding of security principles
1489, Knowledge of organizational risk management
1490, Awareness of legal and regulatory requirements
1491, Familiarity with security policy best practices
1492,cybersecurity concepts
1493, principles of access control
1494,File transfer protocols
1495, Network ports
1496,knowledge of data protection principles
1497, understanding of healthcare system data management
1498, familiarity with payment data security
1499,Knowledge of computer security standards
1500, Understanding of U.S. government security models
1501,Understanding of cryptographic processes
1502, Knowledge of hash functions
1503, Awareness of data integrity concepts
1504, Familiarity with authentication mechanisms
1505,malicious software concepts
1506, virus types
1507, computer security
1508,knowledge of network configuration
1509, understanding of browser management
1510, familiarity with IT administration
1511,Configuration Management
1512, Configuration Control Board
1513, Work product configurations
1514, Human element in configuration management
1515,Understanding of social engineering techniques
1516, Knowledge of information security best practices
1517, Awareness of human factors in security
1518,knowledge of early Internet objectives
1519, history of Internet development
1520,Understanding of encryption principles
1521, Knowledge of cryptographic limitations
1522, Familiarity with one time pad characteristics
1523,Computer security concepts
1524, Cybersecurity terminology
1525,Asymmetric cryptography
1526, Authentication protocols
1527, Public and private keys
1528,Understanding of covert channels
1529, Knowledge of unintended data transfer methods
1530, Process execution and creation skills
1531, Awareness of data transfer protocols
1532,knowledge of computer hardware components
1533, understanding of data persistence
1534, forensic investigation techniques
1535,knowledge of data security concepts
1536, understanding of cryptographic functions
1537, familiarity with data communication principles
1538,Berkeley Packet Filter
1539, networking protocols
1540, OSI model
1541,Security fundamentals
1542, Access control principles
1543,Security Information Management
1544, Network segmentation
1545, Vulnerability assessment
1546, Access control configuration
1547, Event filtering
1548,Understanding of object oriented programming concepts
1549, Knowledge of security models
1550, Awareness of access control mechanisms
1551,Radar technology
1552, Stealth technology
1553, Military aircraft design
1554,Knowledge of Windows operating system
1555, Understanding of computer hardware and power management
1556, Awareness of energy conservation practices
1557, Understanding of cybersecurity risks
1558,knowledge of computer security
1559, understanding of user account permissions
1560, awareness of privilege escalation
1561, understanding of system security implications
1562,password security
1563, cybersecurity
1564, encryption
1565,antivirus software functions
1566, real time scanning process
1567, malware types
1568,knowledge of legal procedures
1569, understanding of computer systems
1570, awareness of security measures
1571, knowledge of criminal investigation processes
1572,IPv6 address types
1573, Unicast
1574, Anycast
1575, Multicast
1576,security design principles
1577, risk management
1578, security technologies
1579,Key escrow systems
1580, M of N threshold cryptography
1581,Instant Messaging system security
1582, User enrollment process
1583, Access control mechanisms
1584, Directory services
1585,Cybersecurity principles
1586, Risk management practices
1587, Data protection laws
1588,Information Risk Management concepts
1589, Safeguard and vulnerability definitions
1590, Risk mitigation principles
1591,Neural networks
1592, Graph theory
1593,Cloud computing concepts
1594, Resource management in cloud environments
1595,Understanding of computer networks
1596, Knowledge of malware and cyber threats
1597, Definition and characteristics of botnets
1598,Near field communication
1599, Wireless communication technologies
1600, Smartphone functionalities
1601,network security
1602, intrusion detection systems
1603, network traffic analysis
1604,Knowledge of workplace communication
1605, Understanding of surveillance techniques
1606, Awareness of employee behavior and motivation
1607, Understanding of data security and privacy
1608, Familiarity with potential risks in digital communication
1609,Cryptography
1610, Information security concepts
1611,Security concepts
1612, Application system architecture
1613, Help system functionality
1614,Web security concepts
1615, HTTP headers
1616, Cross origin resource sharing
1617,Understanding of security threats and risks
1618, Knowledge of information security principles
1619, Awareness of employee behavior and its impact on security
1620, Familiarity with security policies and procedures
1621,knowledge of modular arithmetic
1622, understanding of quadratic functions
1623, familiarity with encryption algorithms
1624,Network security concepts
1625, Sniffing techniques
1626, Switched network operations
1627,Understanding of organizational assets
1628, Knowledge of asset valuation principles
1629, Insight into organizational operations and business models
1630,Knowledge of Configuration Management principles
1631, Understanding of Configuration Management Plan (CMP)
1632, Awareness of Configuration Control Board (CCB)
1633, Familiarity with change control processes
1634,IEEE 802 standards
1635, wireless local area network (WLAN) specifications
1636,knowledge of software systems
1637, understanding of open vs closed systems
1638,Data warehousing concepts
1639, Business intelligence fundamentals
1640, Database management systems
1641,accountability concepts
1642, security principles
1643,Cybersecurity fundamentals
1644, Wireless network security
1645, Remote network connectivity risks
1646,DoS attacks
1647, ICMP Echo requests
1648, broadcast IP addresses
1649, spoofed source addresses
1650, Smurf attack mechanism
1651,Risk management
1652, Security risk assessment
1653, Procurement processes
1654, Contract management
1655,network security
1656, remote work policies
1657, internal network access
1658, transparent access technologies
1659,SSH (Secure Shell) protocol knowledge
1660, Transport Layer Protocol functionality
1661, Key exchange process in network security
1662,knowledge of cybersecurity
1663, understanding of honeypots
1664, awareness of attacker behavior
1665,XML parsing
1666, Understanding of XML external entities (XXE)
1667, Knowledge of file system paths
1668,Knowledge of Evaluation Assurance Levels
1669, Understanding of security certification processes
1670, Familiarity with Common Criteria
1671,Understanding of multilevel secure systems
1672, Knowledge of covert channels
1673, Awareness of security risks in computer systems
1674,network security concepts
1675, encryption methods
1676, cybersecurity practices
1677,Knowledge of networking protocols
1678, Understanding of security in networking
1679,cybersecurity
1680, training
1681, awareness programs
1682, employee education
1683, security risks
1684,malware concepts
1685, virus types
1686, computer security
1687,Fault tolerance concepts
1688, Leased line technology
1689, Carrier network infrastructure
1690, Redundancy in telecommunications
1691, Service provider diversity
1692,cybersecurity fundamentals
1693, vulnerability management
1694, patch management processes
1695,Knowledge of cybersecurity terms
1696, Understanding of user authentication processes
1697,Understanding of MAC address functionality
1698, Knowledge of how switches operate
1699, Awareness of network flooding techniques
1700, Concept of ARP and MAC addresses
1701,Information Security Services
1702,network security
1703, port scanning techniques
1704, TCP flags
1705,Web services standards
1706, SOAP protocol
1707, Service oriented architecture
1708,Knowledge of the field of information security
1709, Understanding of security incident investigation processes
1710, Familiarity with terms related to digital forensics
1711,knowledge of computer networks
1712, understanding of cyber security threats
1713, familiarity with network attack tools
1714,Network protocols
1715, Remote access technologies
1716, Authentication methods
1717,HTTP protocol basics
1718, Tunneling concepts
1719, Encryption methods
1720, Access control mechanisms
1721,Asymmetric key cryptography
1722, Public key cryptography
1723, Private key cryptography
1724, Encryption and decryption processes
1725,Emergency management
1726, Priority setting
1727, Task organization
1728,cybersecurity concepts
1729, smart card functionalities
1730, identification and authentication processes
1731,knowledge of cryptographic concepts
1732, understanding of encryption and decryption processes
1733, awareness of different cryptographic attack methods
1734,cybersecurity
1735, security audits
1736, industry regulations
1737, security policies
1738,knowledge of cryptographic algorithms
1739, understanding of algorithm design principles
1740, familiarity with computational complexity
1741,Web application security
1742, Session management
1743, User permissions
1744,Understanding of security principles
1745, Knowledge of access control systems
1746, Familiarity with authentication methods
1747,knowledge of encryption algorithms
1748, block cipher concepts
1749,knowledge of fault tolerance
1750, understanding of system recovery processes
1751, awareness of safe mode operation
1752,cybersecurity concepts
1753, monitoring in cybersecurity
1754, security threats and vulnerabilities
1755,forensic computing
1756, incident response
1757, system administration
1758,Knowledge of common Windows workstation activities
1759, Understanding of security risks associated with different online behaviors
1760,Principles of secure system design
1761, Cryptography and security control mechanisms
1762,knowledge of steganography techniques
1763, understanding of data insertion methods in files
1764,Cryptography
1765, Data security concepts
1766,Knowledge of network protocols
1767, Understanding of TCP/IP stack
1768, Awareness of common attack vectors
1769,web server security
1770, HTTP headers
1771, error message handling
1772,phishing techniques
1773, malware deployment methods
1774, cybersecurity threats
1775, spying tactics
1776,network security
1777, network hardware
1778,network security
1779, device authentication
1780, network access control
1781,knowledge of encryption algorithm modes
1782, understanding of error propagation in encryption
1783,NFC technology
1784, NFC security vulnerabilities
1785, Two factor authentication
1786, Physical security measures
1787,knowledge of IBM KryptoKnight SSO system
1788, understanding of cryptographic approaches
1789, symmetric key cryptography concepts
1790, public key cryptography concepts
1791, RSA encryption
1792,BitLocker knowledge
1793, Encryption types including symmetric and asymmetric encryption
1794,ethical hacking stages
1795, reconnaissance techniques
1796,Understanding of data security concepts
1797, Knowledge of cryptographic techniques
1798,Risk Analysis concepts
1799, Single Loss Expectancy definition
1800, Annualized Loss Expectancy definition
1801, Exposure Factor definition
1802, Annualized Rate of Occurrence definition
1803,Understanding of network storage concepts
1804, Knowledge of file sharing protocols
1805, Awareness of networked storage technologies
1806,knowledge of rootkit operation
1807, understanding of system security mechanisms
1808, awareness of stealth techniques in cybersecurity
1809,security mechanisms
1810, data access control
1811, process integrity
1812, firewall function
1813, encryption concepts
1814, virtualization purposes
1815, process isolation techniques
1816,knowledge of processor security techniques
1817, understanding of buffer overflow attacks
1818, familiarity with memory management concepts
1819,Information security concepts
1820, Risk management principles
1821, Dynamic computing environments
1822,Knowledge of data security concepts
1823, Understanding of encryption techniques
1824, Familiarity with virtual private network (VPN) technologies
1825,knowledge of fire classifications
1826, understanding of CO2 fire extinguishing properties
1827,application layer gateways
1828, web application firewalls
1829,Knowledge of authentication factors
1830, Understanding of security concepts
1831,Networking fundamentals
1832, Switching and routing concepts
1833,Procurement processes
1834, Contract management
1835, Third party risk management
1836, Information security policies
1837,networking tools
1838, remote access techniques
1839, attacker methodologies
1840,Cryptography concepts
1841, Security goals
1842,Computer forensics
1843, Legal procedures
1844, Testimony skills
1845,Network Address Translation
1846, IP addressing
1847, Internet protocols
1848,knowledge of intranet security
1849, understanding of business impacts
1850, awareness of cybersecurity threats
1851,Clustered server architecture
1852, Fault tolerance concepts
1853, Failover mechanisms
1854,Understanding of encryption types
1855, Knowledge of communication security concepts
1856, Familiarity with network security protocols
1857,Mandatory Access Control model
1858, Access control concepts
1859,Knowledge of Common Criteria framework
1860, Understanding of Security Targets (ST)
1861, Familiarity with Protection Profiles (PP)
1862, Awareness of Technical Implementation Entities (TOE)
1863,ISP network segmentation
1864, technical aspects of VPN client deployment
1865, regulations on residential internet usage
1866, DDoS attack mechanisms
1867,knowledge of communication technologies
1868, understanding of optical fiber properties
1869,Wireless networking
1870, Router security measures
1871,knowledge of audit trails
1872, understanding of cybersecurity concepts
1873, familiarity with computer security systems
1874,network security
1875, access control lists
1876, IP addressing
1877, network protocols
1878,knowledge of web application security
1879, understanding of SQL syntax and database operations
1880, awareness of common web vulnerabilities
1881,Configuration management concepts
1882, Security best practices
1883, System version control
1884, Vulnerability management
1885,network security
1886, LAN switching
1887, data encryption
1888, system patch management
1889, vulnerability assessment
1890,Biba model security concepts
1891, Integrity levels
1892, Data flow rules
1893,cell biology
1894, endocytosis
1895, exocytosis
1896, cellular transport
1897,knowledge of malware
1898, understanding of data loss prevention
1899, awareness of security best practices
1900, familiarity with backup processes
1901,knowledge of authentication technologies
1902, understanding of password generation mechanisms
1903, familiarity with time based security protocols
1904,Risk management concepts
1905, Security and risk assessment principles
1906,network security
1907, encryption principles
1908, cybersecurity concepts
1909,TCP/IP model
1910, Transport layer functions
1911, Network layer overview
1912,Knowledge of信息安全技术
1913, Understanding of密码学基本概念
1914,nmap
1915, scripting engine
1916, open ports
1917, custom scripts
1918, scan randomization
1919, scan result encryption
1920,SRTP knowledge
1921, Encryption methods
1922, AES GCM
1923, RC4 limitations
1924, DES security
1925, HMAC SHA1
1926,biometric systems
1927, employment duration
1928, measurement properties
1929,knowledge of phishing
1930, understanding of voice communication
1931, awareness of social engineering techniques
1932,knowledge of malware types
1933, definition of Trojan
1934, definition of virus
1935, definition of worm
1936, definition of ransomware
1937,knowledge of FBI National Security Threat List
1938, understanding of current national security issues
1939,Proxy server functionality
1940, Internet traffic filtering
1941, Corporate network security
1942, Internal system protection
1943,security assessments
1944, vulnerability management
1945, regulatory compliance
1946, security controls evaluation
1947,Knowledge of privacy laws and practices
1948, Understanding of personal data protection
1949, Familiarity with ethical data handling
1950,knowledge of information security principles
1951, understanding of the importance of security awareness
1952, ability to participate actively in security practices
1953,Knowledge of antivirus functions
1954, Understanding of computer processes
1955, Awareness of security measures
1956,knowledge of IT infrastructure
1957, understanding of system redundancy
1958, awareness of failover processes
1959,knowledge of digital certificates
1960, understanding of trust models in cybersecurity
1961, familiarity with cryptographic concepts
1962,cybersecurity principles
1963, system integrity
1964, software updates
1965, firewall importance
1966, system monitoring
1967,Forensic computing
1968, Digital forensics tools
1969, Windows operating system
1970,Number theory
1971, Fermat’s Little Theorem
1972,least privilege principle
1973, access control
1974, security concepts
1975,Cellular networks
1976, Attack graphs
1977, State transition representations
1978, Vulnerability assessment
1979,knowledge of biometric technology
1980, understanding of user rights and choices
1981, awareness of privacy issues
1982,knowledge of operating system vulnerabilities
1983, understanding of endpoint management
1984, awareness of patch management practices
1985, familiarity with antimalware software
1986,Data security principles
1987, Privacy laws and regulations
1988, Information governance
1989, Risk management
1990,Understanding of computer security concepts
1991, Knowledge of TCB definition and function
1992,Understanding of cybersecurity threats
1993, Knowledge of software vulnerabilities
1994, Awareness of malicious code
1995,  Familiarity with unauthorized access techniques
1996,Regional Internet Registry knowledge
1997, IP address management knowledge
1998, Geographical knowledge of North America
1999,Access control systems
2000, Security technologies
2001, Identity verification methods
2002,Understanding of security principles
2003, Knowledge of least privilege concept
2004, Awareness of operational procedures
2005,Software update processes
2006, Patch management procedures
2007, Security best practices
2008, System performance optimization
2009,Knowledge of security principles
2010, Understanding of fraud prevention techniques
2011, Awareness of risk management strategies
2012,knowledge of mobile device security
2013, understanding of security policies
2014, awareness of security risks in mobile computing
2015,Supply Chain Risk Management
2016, Third Party Risk Management
2017, Security Policy Development
2018, Audit Processes
2019, On Site Assessments
2020, Vulnerability Assessment
2021,knowledge of statistical terms related to classification accuracy
2022,Social engineering techniques
2023, Phishing methods
2024, Impersonation tactics
2025, Pretexting strategies
2026, Tailgating procedures
2027,Public Key Infrastructure (PKI)
2028, Certificate Repository
2029, Certificate Management
2030,Network security principles
2031, Concepts of least privilege
2032, Risk management in IT
2033, Data protection best practices
2034,knowledge of cybersecurity terms
2035, understanding of data concealment techniques
2036, definition of steganography
2037,Understanding of cloud computing concepts
2038, Knowledge of cost saving strategies
2039, Awareness of management tools and services
2040, Familiarity with outsourcing principles
2041,Understanding of precision in evaluation metrics
2042, Knowledge of Intrusion Detection Systems
2043,knowledge of cryptographic functions
2044, understanding of hash functions
2045, awareness of data integrity
2046,DNS
2047, Resource Records
2048, Domain Name System
2049,knowledge of computer viruses and malware
2050, understanding of how different types of malware spread
2051, definition of a worm in computing
2052,HR policies
2053, IT security practices
2054, Employment law
2055,WAN technologies
2056, cell switching
2057, bandwidth allocation
2058,security measures
2059, physical access control
2060, surveillance systems
2061, biometric technology
2062,knowledge of security principles
2063, understanding of security control mechanisms
2064, awareness of insider threat concepts
2065,knowledge of cybersecurity threats
2066, understanding of risk management principles
2067, familiarity with IT infrastructure
2068, awareness of software patching cycles
2069,network architecture
2070, proxy server functionality
2071, security concepts
2072,knowledge of email security
2073, understanding of spam prevention methods
2074, familiarity with blacklist technology
2075,knowledge of ticket types in service management
2076, understanding of proxy tickets
2077, awareness of ticket hierarchy and usage
2078,knowledge of networking protocols
2079, understanding of secure connections
2080, awareness of private versus public networks
2081,Digital signature process
2082, Public key infrastructure (PKI)
2083, Asymmetric cryptography
2084,Knowledge of cryptographic protocols
2085, Understanding of asymmetric cryptography
2086, Familiarity with RSA
2087, Understanding of Diffie Hellman key exchange
2088, Knowledge of Public Key Infrastructure (PKI)
2089, Awareness of key agreement security requirements
2090,knowledge of biometric technology
2091, definition of biometrics
2092,knowledge of U.S. government cryptographic standards
2093, understanding of symmetric key algorithms
2094,DDoS attacks
2095, Network security concepts
2096, Cybersecurity threats
2097,Knowledge of network security terms
2098,Understanding of risk management concepts
2099, Knowledge of security vulnerabilities
2100,Knowledge of security systems
2101, Understanding of perimeter security
2102, Awareness of different types of security breaches
2103,Knowledge of cloud computing concepts
2104, Understanding of automation benefits
2105,incident response process
2106, cybersecurity
2107,Management roles and responsibilities
2108, Security program implementation
2109, Organizational compliance
2110, Budget allocation processes
2111,Network protocols
2112, TCP/IP model
2113, Packet structure
2114,business management
2115, information security
2116, regulatory compliance
2117, customer trust
2118, data availability
2119,knowledge of digital signature algorithms
2120, understanding of cryptographic hash functions
2121, awareness of signature uniqueness in security protocols
2122,knowledge of dial up access methods
2123, understanding of security mechanisms
2124, familiarity with modem technology
2125,knowledge of access control concepts
2126, understanding of group and role based access control mechanisms
2127,Cryptography
2128, Encryption process
2129,Understanding of different types of control systems in security and auditing
2130, Knowledge of the purpose and function of detective controls
2131,HIPAA CMM knowledge
2132, Information system security practices
2133,Cryptography
2134, Data confidentiality
2135, Data integrity
2136, Network protocols
2137, HTTP
2138, IPsec
2139, SMTP
2140, TLS
2141,Asymmetric key encryption
2142, Public key
2143, Private key
2144,audit process
2145, data retention policies
2146, legal compliance
2147,IT management
2148, corporate strategy
2149, technology leadership
2150,web server market share history
2151, popular web servers
2152,SQL injection
2153, character encoding
2154, SQL syntax
2155,knowledge of legal systems
2156, understanding of criminal law
2157, understanding of civil law
2158,Kerberos authentication process
2159, Network security concepts
2160, Authentication protocols
2161,Networking fundamentals
2162, Physical and link layer concepts
2163, Network devices and their functions
2164,Understanding of cybersecurity
2165, Definition of stalking
2166, Knowledge of electronic media usage
2167, Awareness of privacy laws and online behavior
2168,Understanding of security principles
2169, Knowledge of least privilege concept
2170, Awareness of potential risks in information systems
2171, Familiarity with job roles and their requirements
2172,knowledge of HIPAA regulations
2173, understanding of CMMI model
2174,Understanding of computer security concepts
2175, Knowledge of how buffer overflow vulnerabilities work
2176, Awareness of common attack vectors in software
2177, Familiarity with system resource management
2178,knowledge of Feistel cipher structure
2179, understanding of encryption functions in ciphers
2180,Knowledge of ISMS (Information Security Management System)
2181, Understanding of risk management concepts
2182, Familiarity with security management handbook principles
2183,Understanding of application systems
2184, Knowledge of dynamic linked libraries (DLLs)
2185, Awareness of security risks in software components
2186,PCI DSS
2187, information security
2188, hiring process
2189, internal threats
2190,knowledge of historical cybersecurity events
2191, understanding of computer worms
2192, familiarity with early internet vulnerabilities
2193, awareness of Robert Morris Jr and his actions
2194,Usable security
2195, Human factors in security
2196, Cognitive psychology
2197, Attention and memory
2198, Cultural awareness
2199,knowledge of Windows 7 file system
2200, understanding of SAM file purpose and location
2201,knowledge of baggage security procedures
2202, understanding of seal integrity and inspection
2203,Knowledge of cryptographic principles
2204, Understanding of RSA algorithm
2205,knowledge of cybersecurity practices
2206, understanding of phishing tactics
2207, awareness of secure online behavior
2208,Cryptography basics
2209, Digital signatures function
2210, Authentication concepts
2211, Data integrity principles
2212,TCP/IP networking
2213, DNS protocol
2214, URL resolution
2215, IP address lookup
2216,knowledge of social engineering
2217, understanding of cyber security threats
2218, awareness of hacking techniques
2219,knowledge of authentication methods
2220, understanding of security principles
2221, factors in authentication
2222,Security principles
2223, Cryptography
2224, Network security
2225,Penetration testing
2226, Reconnaissance phase
2227, Social engineering
2228,knowledge of PCI DSS requirements
2229, understanding of risk assessment and management
2230, familiarity with security controls
2231,Social engineering tactics
2232, Common cyber security threats
2233,Software development lifecycle
2234, Security principles
2235, Management support in projects
2236,Signature based Intrusion Detection Systems
2237, Threat signatures
2238,intrusion detection systems
2239, attack signatures
2240, behavioral analysis
2241,Knowledge of cryptographic protocols
2242, Understanding of symmetric key algorithms
2243, Understanding of asymmetric key algorithms
2244,knowledge of electronic lock technology
2245, understanding of market trends
2246, awareness of security measures
2247, familiarity with lock types
2248,Security breaches
2249, Human error
2250, Negligence
2251,Physical Layer concepts
2252, Device identification techniques
2253, Wireless communication technologies
2254,Access lists
2255, Data flow control
2256, Packet matching criteria
2257,IPSec
2258,network security
2259, vulnerability management
2260, firewall technology
2261, internet service security
2262,knowledge of cybersecurity tools
2263, understanding of vulnerability assessment processes
2264,Unix security vulnerabilities
2265, Privileged instructions in Unix
2266, Object renaming in Unix processes
2267, Race conditions in software
2268,Understanding of business architecture frameworks
2269, Knowledge of Zachman Framework
2270, Awareness of Balanced Scorecard
2271, Familiarity with NIST
2272, Insight into Federal Information Systems Management Act
2273,knowledge of network security terms
2274, understanding of virtual private networks
2275,security principles
2276, cybersecurity practices
2277, incident response
2278,Operating System Concepts
2279, Memory Management
2280,Web application security
2281, Types of injection attacks
2282, Common web vulnerabilities
2283,FIPS 140 2 security levels
2284, tamper resistance
2285, tamper evidence
2286,Backup recovery process
2287,knowledge of domain registration processes
2288, understanding of DNS operations
2289, awareness of cyber attack methods
2290,knowledge of cybersecurity threats
2291, understanding of web server vulnerabilities
2292, awareness of email security risks
2293, familiarity with social engineering techniques
2294,Access control concepts
2295, Security models
2296,Knowledge of database management systems
2297, Understanding of SQL terminology
2298,knowledge of US financial regulation
2299, understanding of the Gramm–Leach–Bliley Act
2300,Understanding of security compliance assurance activities
2301, Knowledge of organizational governance structures
2302, Awareness of business unit interactions
2303, Familiarity with technical specifications and areas of concern
2304,Web analytics
2305, Cookies and tracking technologies
2306, User behavior analysis
2307,knowledge of cryptographic attacks
2308, understanding of block ciphers
2309, awareness of linear cryptanalysis
2310, familiarity with differential cryptanalysis
2311,knowledge of Wi Fi security
2312, understanding of mobile device security
2313, awareness of common security risks
2314,Understanding of cloud computing architecture
2315, Knowledge of physical to virtual migration techniques
2316, Awareness of security risks in cloud environments
2317,knowledge of legal interpretation
2318, understanding of legislative processes
2319, familiarity with legal terminology
2320,knowledge of network security
2321, understanding of malware behaviors
2322, awareness of Storm Worm characteristics
2323,knowledge of network security concepts
2324, understanding of virtual private networks
2325, awareness of encryption techniques
2326,Understanding of access control concepts
2327, Knowledge of capabilities in computer security
2328, Familiarity with access control lists (ACLs)
2329, Ability to compare different access control mechanisms
2330,firewall rules
2331, network security principles
2332,Knowledge of how file deletion works in operating systems
2333, Understanding of file recovery processes
2334, Awareness of how data is stored and overwritten on a computer
2335,Social engineering attacks
2336, Types of social engineering attacks
2337,Knowledge of the Capability Maturity Model Integration (CMMI)
2338, Understanding of security program maturity levels
2339,knowledge of SHA 512 algorithm
2340, understanding of cryptographic hash functions
2341, familiarity with hash function rounds
2342, awareness of 64 bit data structures
2343,Biometrics knowledge
2344, Authentication methods
2345,Intrusion Detection Systems
2346, Snort components
2347, Network traffic analysis
2348,Knowledge of public key cryptography
2349, Understanding of secret key cryptography
2350, Concept of secure key exchange
2351, Brute force attack resistance
2352,Risk management principles
2353, Organizational structure
2354, Coordination within organizations
2355,Apple products and services
2356, iCloud and its components
2357, File storage and sharing concepts
2358,knowledge of VOW stepper
2359, familiarity with PURPLE machine
2360, understanding of permutations
2361,knowledge of network security concepts
2362, understanding of egress filtering
2363,Container security
2364, Cloud native architecture
2365, Vulnerabilities in container images
2366, Potential risks of exposing container ports
2367,Watermarking
2368, Invisible watermarking
2369, Image authentication
2370, Ownership verification
2371,knowledge of security measures
2372, understanding of data protection techniques
2373, familiarity with encryption
2374, awareness of access control methods
2375,knowledge of computer security
2376, understanding of memory protection mechanisms
2377,IPsec
2378, message authentication code (MAC)
2379, data integrity
2380, replay attacks
2381, peer authentication
2382, confidentiality
2383,knowledge of common encryption algorithms used in Wi Fi
2384, understanding of security protocols in wireless networks
2385,NSA
2386, SSE CMM
2387, criticality matrix
2388, security posture
2389,Understanding of Data Loss Prevention concepts
2390, Knowledge of organizational security objectives
2391, Awareness of data protection measures
2392,File integrity checking
2393, Unauthorized file modifications
2394, Trojan horses
2395,network analysis
2396, packet inspection
2397, protocol understanding
2398,Knowledge of the history of the Internet
2399, Understanding of early networking technologies
2400,Understanding of information security principles
2401, Knowledge of regulatory requirements
2402, Familiarity with resource allocation processes
2403, Experience in performance data analysis
2404,Information security concepts
2405, Risk management principles
2406, System protection measures
2407,Social Engineering
2408, Pretexting
2409,DNS functionality
2410, Network protocols
2411,Networking fundamentals
2412, Router functions
2413, Internet protocols
2414,malware analysis
2415, debugging tools
2416, malware behavior
2417,Understanding of security models and mechanisms
2418, Knowledge of access control concepts
2419, Familiarity with data integrity and confidentiality principles
2420, Awareness of security paradigms like Biba and Clark–Wilson
2421,Configuration Management knowledge
2422, IT Infrastructure Management
2423,knowledge of network security technologies
2424, understanding of authentication methods
2425, familiarity with LAN and WLAN concepts
2426, awareness of EAP (Extensible Authentication Protocol)
2427,knowledge of session hijacking
2428, understanding of network security measures
2429, awareness of encryption methods
2430, familiarity with firewalls
2431, knowledge of application security
2432,Cloud computing concepts
2433, Types of cloud services
2434,Understanding of click fraud mechanisms
2435, Knowledge of advertising industry practices
2436, Familiarity with ad networks and their operations
2437,knowledge of cryptanalysis
2438, understanding of RED cipher machines
2439, familiarity with ciphertext and plaintext analysis
2440,P2P networking concepts
2441, Different types of P2P protocols
2442,Knowledge of data center classifications
2443, Understanding of disaster recovery site types
2444,Understanding of dynamic computing environments
2445, Knowledge of security incident prediction techniques
2446, Awareness of trends in technology and computing
2447, Familiarity with limitations of historical data
2448, Insight into criminal behavior and attack patterns
2449,knowledge of television and surveillance terminology
2450,Network security concepts
2451, Authentication methods
2452, Remote access technologies
2453,Understanding of network security concepts
2454, Knowledge of virtual private networks (VPNs)
2455, Familiarity with secure communication protocols
2456,Understanding of network protocols
2457, Knowledge of ARP protocol
2458, Awareness of cybersecurity threats
2459, Concepts of network security
2460,knowledge of enterprise security policies
2461, understanding of resource access control mechanisms
2462, familiarity with security concepts
2463,Cybersecurity principles
2464, ATM security systems
2465, Separation of duties
2466,knowledge of programming language types
2467, understanding of compilation process
2468, understanding of interpretation process
2469,knowledge of job description content
2470, understanding of employment standards
2471,firewall policy rules
2472, network security concepts
2473,knowledge of cybersecurity practices
2474, understanding of authentication methods
2475, awareness of security threats
2476,knowledge of system logging
2477, understanding of access control and privilege management
2478, familiarity with change management processes
2479,Cybersecurity awareness
2480, Email security practices
2481,Understanding of network protocols
2482, Awareness of TCP three way handshake
2483, Knowledge of Denial of Service (DoS) attacks
2484,  Familiarity with SYN flood attack mechanism
2485,knowledge of cryptographic algorithms
2486, understanding of secure communication methods
2487, familiarity with internet security protocols
2488,Business Continuity Management
2489,knowledge of cryptographic hash functions
2490, understanding of digital signatures
2491, message authentication concepts
2492,knowledge of CIDR notation
2493, understanding of subnet masks
2494, awareness of prefix notation in IP addressing
2495,knowledge of e commerce security
2496, understanding of web page tampering threats
2497, awareness of automation attacks
2498,  familiarity with change detection mechanisms
2499,Disaster recovery principles
2500, Business continuity management
2501,Knowledge of media storage conditions
2502, Understanding of data marking practices
2503, Awareness of backup procedures
2504,cybersecurity
2505, system compromise
2506, failure recovery
2507, network segmentation
2508, antivirus
2509, intrusion detection
2510, data backups
2511,Knowledge of Information Risk Management
2512, Understanding of risk assessment processes
2513, Familiarity with information security principles
2514,Business Continuity Planning
2515, Risk Management
2516, Mitigation Strategies
2517,network security
2518, application security
2519,networking fundamentals
2520, computer networking concepts
2521, network architecture
2522,AES encryption process
2523, ShiftRows function in AES
2524,Cryptography basics
2525, Message Authentication Code (MAC) functionality
2526,Incident response procedures
2527, Public relations knowledge
2528, Legal and regulatory requirements
2529, Security best practices
2530,knowledge of public key infrastructure
2531, understanding of cryptographic key pairs
2532,Knowledge of system security concepts
2533, Understanding of identification and authentication processes
2534, Familiarity with MSR (Military Standard Requirements) documents
2535,network security
2536, cybersecurity concepts
2537, sniffer tools
2538,programming languages
2539, syntax differences
2540, runtime interpretation
2541,WordPress security tools
2542, Enumeration techniques for WordPress
2543,Wi Fi networking
2544, Network interface modes
2545,Knowledge of cryptanalysis
2546, Understanding of TMTO (Time Memory Trade off) attacks
2547, Familiarity with cryptographic hash functions
2548, Awareness of false alarm reduction techniques
2549,Symmetric key cryptography
2550, NIST SP 800 133 REV. 2
2551, Key combination methods
2552,knowledge of cybersecurity techniques
2553, understanding of file monitoring and analysis
2554, awareness of antivirus and malware detection methods
2555,knowledge of cybersecurity
2556, understanding of security team roles
2557, awareness of common attack methods
2558,Relational database theory
2559, Set theory
2560,Understanding of virtualization technologies
2561, Knowledge of malicious code analysis techniques
2562, Awareness of operating system APIs
2563, Understanding of network traffic interception
2564,knowledge of network topologies
2565, understanding of enterprise network design
2566, familiarity with common network architectures in large organizations
2567,SMTP commands
2568, Mailing list management
2569,Bluetooth security vulnerabilities
2570, Types of Bluetooth attacks
2571,DNS
2572, IPv6
2573, resource records
2574,Understanding of encryption principles
2575, Knowledge of cryptographic protocols
2576, Awareness of data security concepts
2577,Understanding of security principles
2578, Knowledge of access control mechanisms
2579, Familiarity with job role and access requirements
2580,knowledge of network security
2581, understanding of mobile device management
2582, familiarity with SSL/IPsec protocols
2583, experience with virtual private networks (VPNs)
2584, awareness of authentication methods
2585, comprehension of application and cloud storage security
2586,Knowledge of database query languages
2587,knowledge of machine learning
2588, understanding of cybersecurity
2589, awareness of automated systems in security
2590,Physical security concepts
2591, Organizational security strategies
2592, Biometric technologies
2593, Security awareness programs
2594, Asset management
2595,Ettercap configuration files
2596, DNS spoofing
2597, network security
2598,Organizational archetypes
2599, Vertical organization structure
2600,firewall types
2601, network security concepts
2602, stateful inspection
2603,knowledge of cybersecurity concepts
2604, understanding of sandboxing techniques
2605,network security
2606, security controls
2607, network segmentation
2608,security management
2609, resilience concepts
2610, infrastructure flexibility
2611, supply chain management
2612, business continuity planning
2613,knowledge of U.S. government structure
2614, understanding of the DOJ and its sections
2615, familiarity with U.S. criminal investigation processes
2616, awareness of laws related to computer crime and intellectual property
2617,Cybersecurity concepts
2618, Vulnerability definitions
2619, Threat modeling
2620,Understanding of computer network security
2621, Knowledge of different types of cyber attacks
2622, Awareness of how worms function and their impact on systems
2623,Human Resources management
2624, Incident Response processes
2625, Support team operations
2626, Employee relations
2627,knowledge of encryption methods
2628, understanding of block cipher modes
2629, familiarity with cryptographic principles
2630,Data acquisition methods
2631, Hardware interfacing
2632, Third party software concepts
2633,intrusion detection systems
2634, system logs
2635,Vulnerability
2636,vulnerability management
2637, performance optimization
2638, system reliability
2639, incident response
2640,Understanding of botnets
2641, Knowledge of command and control (C2) communication methods
2642, Familiarity with IRC protocol
2643, Awareness of HTTP protocol
2644, Understanding of FTP protocol
2645, Knowledge of SMTP protocol
2646, Familiarity with SSH protocol
2647, Awareness of Telnet protocol
2648, Understanding of RDP protocol
2649, Knowledge of UDP protocol
2650,Linux permissions
2651, chmod command
2652, chown command
2653, file permissions
2654,fundamentals of cybersecurity
2655, security incident detection
2656, activity tracking and review
2657,Kerckhoff\s principle
2658, cryptographic security
2659, encryption algorithms
2660,System Development Life Cycle
2661, Software Development Processes
2662,Discrete logarithm concept
2663, Public key cryptography principles
2664, Key exchange mechanisms
2665, Digital signatures
2666, Prime numbers in cryptography
2667, Modular arithmetic
2668,Cybersecurity concepts
2669, Social engineering tactics
2670,legal system
2671, civil law
2672, standards of proof
2673,knowledge of cybersecurity
2674, understanding of military objectives
2675, awareness of intelligence gathering methods
2676,Knowledge of multilevel security systems
2677, Understanding of classification levels and overclassification
2678, Familiarity with access control mechanisms
2679, Experience with information flow controls
2680,knowledge of security standards
2681, understanding of consumer IoT
2682, familiarity with ETSI
2683, awareness of IEEE
2684, knowledge of NIST
2685, understanding of IETF
2686,Elliptic curve cryptography
2687, Integrated Encryption Scheme
2688, Diffie Hellman key exchange
2689,accountability
2690, non repudiation
2691, deterrence
2692, fault isolation
2693, intrusion detection
2694, prevention
2695, after action recovery
2696, legal action
2697, audit processes
2698,DNS
2699, DNSSEC
2700, digital signatures
2701, resource records
2702, SMTP
2703,Public Key Infrastructure (PKI)
2704, Public key certificates
2705, Secure communication
2706, Insecure networks
2707, Trust management
2708, Transport Layer Security (TLS)
2709, Handshake authentication
2710,Fiber optic network components
2711, Passive optical splitter functionality
2712, Potential network security and performance issues
2713,Understanding of cybersecurity concepts
2714, Knowledge of data breach causes
2715, Awareness of different types of cyber threats
2716,stream cipher basics
2717, keystream properties
2718, cryptographic security concepts
2719,Business Continuity Planning
2720, Disaster Recovery
2721, Risk Management
2722,Key derivation functions
2723, Cryptographic keys
2724, Data encryption and decryption processes
2725, Digital signatures
2726,Operating systems concepts
2727, Process management
2728, Memory management
2729,X.509 certificate format
2730, Basic Constraints extension
2731, Certificate Authority (CA)
2732, Certification path
2733,knowledge of secure data deletion methods
2734, understanding of authorization processes
2735, familiarity with data security best practices
2736,knowledge of data security principles
2737, understanding of the risks associated with storing sensitive information
2738, familiarity with PCI DSS standards
2739,wireless network technologies
2740, fixed infrastructure in wireless networks
2741, 802.11 standard
2742,Software testing methodologies
2743, Code review processes
2744, Static analysis techniques
2745,knowledge of information security
2746, understanding of incident handling
2747, familiarity with legal implications of security breaches
2748,Discretionary Access Control
2749, Bell LaPadula model
2750, Access Matrix
2751, Access Rights
2752, Authorization
2753,knowledge of object oriented programming
2754, understanding of object based applications
2755, testing concepts in software development
2756,knowledge of antivirus technologies
2757, understanding of how different types of antivirus software operate
2758, definition and characteristics of polymorphic viruses
2759, functionality based detection methods
2760,Data Mining Concepts
2761, Data Warehouse Functions
2762, Business Intelligence Principles
2763,knowledge of static electricity
2764, understanding of computer hardware protection
2765, forensic analysis techniques
2766,Understanding of circuit switching
2767, Understanding of packet switching
2768, Knowledge of connection oriented vs connectionless communication
2769, Awareness of delay characteristics in data transmission
2770, Familiarity with applications of different types of switching
2771,malware detection
2772, security appliances
2773, heuristic analysis
2774, signature based detection
2775, intranet protection
2776,Understanding of Common Vulnerabilities and Exposures (CVE)
2777, Familiarity with vulnerability management tools
2778, Knowledge of cybersecurity terminology
2779,host based intrusion detection systems
2780, network architecture
2781, intrusion detection concepts
2782,intrusion detection systems
2783, pattern matching
2784, attack signatures
2785, neural networks
2786, machine learning
2787,Understanding of common cybersecurity threats
2788, Knowledge of social engineering techniques
2789,Penetration testing
2790, Cybersecurity
2791, Vulnerability assessment
2792, Security controls
2793,knowledge of mobile device security
2794, understanding of Bluetooth vulnerabilities
2795,Access Control Matrix
2796, Fine grained access control
2797, Privilege delegation
2798, Authentication
2799, User clearances
2800, Access control rules
2801,malware types
2802, practical knowledge of computer security
2803,Wireless networking terminology
2804, Definition of SSID
2805,penetration testing
2806, security controls
2807, company operations
2808,wireless technology standards
2809, frequencies used by wireless technologies
2810,Knowledge of internal auditing processes
2811, Understanding of cybersecurity principles
2812, Familiarity with organizational control systems
2813, Compliance regulations knowledge
2814,Java security mechanisms
2815, Java sandbox concept
2816, Applet execution environment
2817,Networking and communication protocols
2818,Understanding of security principles
2819, Knowledge of access control
2820, Familiarity with system administration roles
2821,Web security
2822, Cross site scripting (XSS) attacks
2823,firewall performance optimization
2824, policy evaluation process
2825,OSI model
2826, ICMP protocol
2827,knowledge of URL structure
2828, understanding of HTTPS protocol
2829,knowledge of computer malware types
2830, experience with email security incidents
2831, awareness of cybersecurity events from 2000
2832,knowledge of information security standards organizations
2833, understanding of ISO
2834, understanding of NIST
2835, understanding of IEC
2836,Data management principles
2837, Data governance concepts
2838, Roles in data ownership
2839,Linear algebra
2840, Vector spaces
2841, Linear independence
2842,Safety critical systems
2843, Cyber Physical Systems
2844, Real time computing
2845,Information privacy
2846,Circuit level Gateway
2847, TCP connections
2848, SOCKS protocol
2849,information security
2850, organizational structure
2851, roles and responsibilities
2852,Knowledge of cybersecurity terms
2853, Understanding of waste management practices
2854, Awareness of information security threats
2855,knowledge of legal terminology
2856, understanding of courtroom procedures
2857,Security control categories
2858, Personnel oversight concepts
2859, Business practices in security
2860,knowledge of the California Consumer Privacy Act
2861, rights provided under the California Consumer Privacy Act
2862,knowledge of cybersecurity
2863, understanding of data protection systems
2864, familiarity with network security concepts
2865,Understanding of organizational policies
2866, Knowledge of operational constraints
2867, Awareness of regulatory requirements
2868,network security
2869, firewall functions
2870, subnet knowledge
2871,IPSec concepts
2872, Network security fundamentals
2873, Cryptography and security protocols
2874,IP address ranges
2875, private IP addresses
2876,Windows security
2877, User authentication
2878, Access control
2879,knowledge of U.S. Supreme Court rulings
2880, understanding of the First Amendment
2881, awareness of library and information science
2882, familiarity with Internet filtering software
2883,Understanding of security concepts
2884, Knowledge of responsibility tracking in systems
2885, Familiarity with IT security terms
2886,Understanding of DDoS attacks
2887, Knowledge of ISP roles in network security
2888, Familiarity with security measures
2889, Experience in managing network traffic
2890,Access control mechanisms
2891, Discretionary access control
2892,knowledge of science fiction literature
2893, understanding of early concepts in satellite communication
2894,Company resource management
2895, Security policies
2896, Resource protection
2897, Utilization guidelines
2898,Auditing processes
2899, Types of auditing activities
2900,Windows operating system components
2901, Firewall types and their implementations
2902,wireless networking
2903, access points
2904, rogue access points
2905, network security
2906, wireless attacks
2907,RTP
2908, SIP
2909, RTCP
2910, RTSP
2911,Knowledge of cryptographic standards
2912, Familiarity with encryption terminology
2913,TCP protocol
2914, TCP three way handshake
2915, TCP flags (FIN
2916, SYN
2917, ACK
2918, RST)
2919,knowledge of ATM network security
2920, understanding of authentication methods
2921, awareness of security risks in financial systems
2922,Email protocols
2923, Cryptography
2924, Internet security standards
2925,Wireshark display filters
2926, TCP protocol understanding
2927,Password security
2928, Cybersecurity practices
2929,knowledge of network security tools
2930, understanding of data correlation techniques
2931, familiarity with honeynet concepts
2932,Knowledge of data warehousing concepts
2933, Understanding of transactional database designs
2934, Awareness of user needs in system management
2935, Experience with data warehouse operational issues
2936,Computer security concepts
2937, Types of access control
2938,Understanding of software vulnerabilities
2939, Knowledge of cybersecurity best practices
2940, Awareness of attack vectors
2941, Familiarity with threat landscapes
2942,knowledge of embedded systems
2943, understanding of microcontrollers
2944, experience with C++ programming
2945, awareness of FPGA functionalities
2946, Raspberry Pi characteristics
2947, Arduino features
2948, RTOS concepts
2949,knowledge of the PURPLE machine
2950, understanding of V Stepper and C Stepper components
2951, familiarity with ciphertext alphabets
2952,Web application security
2953, SQL queries
2954, Database server interactions
2955,Cybersecurity concepts
2956, Vulnerability discovery and exploitation
2957, Zero day attack terminology
2958,Authentication mechanisms
2959, Token devices
2960, Challenge response process
2961,Forensic science knowledge
2962, Legal ethics
2963, Courtroom procedures
2964,Kerberos protocol
2965, Authentication Service (AS)
2966, Ticket granting service (TGS)
2967, Kerberos tickets
2968, Biometric authentication
2969, Password based authentication
2970, Digital signatures
2971, Encryption keys
2972, User credentials
2973, Service privileges
2974,remote sensing technology
2975, geostationary satellites
2976, orbiting satellites
2977, land based tracking stations
2978, manned aircraft
2979, unmanned aircraft
2980, photographic imagery
2981, radar imagery
2982, infrared imagery
2983, multi spectral imagery
2984, geographic information systems (GIS)
2985,Risk management concepts
2986, Threat occurrence frequency
2987,SIEM (Security Information and Event Management) concepts
2988, Cybersecurity fundamentals
2989, Log management and analysis
2990, Network security monitoring
2991,risk assessment process
2992, security threat analysis
2993, vulnerability assessment
2994,CIA triad components
2995, Concepts of cybersecurity
2996,network security concepts
2997, transport layer protocols
2998, application layer protocols
2999, security mechanisms like IPsec
3000, SSL/TLS
3001, and VPN
3002,knowledge of computer security
3003, understanding of network security terms
3004,knowledge of types of cyber attacks
3005, understanding of DoS attack characteristics
3006,Physical Unclonable Function (PUF) technology
3007, Hardware authentication
3008, Cyber physical systems
3009, Unique identifiers
3010, Secure hardware identification
3011,Understanding of security principles
3012, Knowledge of multi layered security approaches
3013, Awareness of various security measures
3014,Wireless network security concepts
3015, Intrusion prevention systems
3016, Wireless network vulnerabilities
3017,Information security concepts
3018, Definition of assets in information security
3019,Programming concepts
3020, Error handling
3021, Software development lifecycle
3022,Network security concepts
3023, Security principles
3024,Knowledge of intrusion prevention systems
3025, Understanding of signature based detection methods
3026, Awareness of anomaly based detection techniques
3027, Familiarity with behavior based IPS
3028,Encryption modes
3029, Error propagation in encryption
3030, Cipher Feedback (CFB) Mode
3031, Counter (CTR) Mode
3032, Output Feedback (OFB) Mode
3033, Cipher Block Chaining (CBC) Mode
3034,RSA cryptosystem
3035, public key components
3036, encryption exponent
3037, modulus N
3038,Linux system administration
3039, init system understanding
3040, service management tools
3041,Role Based Access Control (RBAC)
3042, Access control models
3043,WAN technologies
3044, Frame relay characteristics
3045, Asynchronous Transfer Mode (ATM)
3046, SMDS (Synchronous Optical Network)
3047, X.25 protocol
3048,Understanding of HTTP cookies
3049, Awareness of web security threats
3050, Knowledge of user data protection
3051,James Reason
3052, human factors engineering
3053, safety science
3054, accident causation models
3055, latent failures
3056, active failures
3057,knowledge of security frameworks and methodologies
3058, understanding of HIPAA requirements
3059, familiarity with systems security engineering concepts
3060,Business Continuity Management
3061, Customer Needs Assessment
3062,Security Information Management
3063, cybersecurity
3064, network monitoring
3065, security threats
3066,IPsec protocols
3067, Key management standards
3068, Security Association (SA)
3069, Authentication methods
3070,SHA 3 algorithm
3071, Rho step function
3072, cryptography
3073,UNIX file system knowledge
3074, Understanding of UNIX accounting files
3075,knowledge of file and directory integrity
3076, understanding of security practices
3077, familiarity with cryptographic hash functions
3078, awareness of system log analysis
3079, knowledge of antivirus software limitations
3080, understanding of authentication methods
3081,Password recovery techniques
3082, Enumeration phase in cybersecurity
3083, Attack methods used by malicious actors
3084,Business Continuity Planning
3085, Understanding of Business Impact Analysis
3086, Knowledge of Recovery Strategies
3087,Operating System Concepts
3088, Memory Management
3089, Process Isolation
3090,Network fundamentals
3091, IP addressing and subnetting
3092, Concepts of network security
3093,Understanding of consumer rights
3094, Knowledge of data privacy regulations
3095, Awareness of customer preferences
3096, Definition of privacy in digital contexts
3097,网络安全知识
3098, 防火墙概念
3099, 网络攻击类型
3100,knowledge of cybersecurity concepts
3101, understanding of data protection methods
3102, awareness of encryption functions
3103,knowledge of information security management systems
3104, understanding of audit frameworks and processes
3105, familiarity with ISO standards
3106, awareness of Common Criteria
3107, knowledge of COBIT framework
3108, understanding of BS 7799
3109,Greek mythology
3110, symbolism in literature
3111, mythological figure Sisyphus
3112,U.S. intelligence agencies
3113, NSA functions and responsibilities
3114, U.S. military and defense organizations
3115,Knowledge of public key cryptography concepts
3116, Understanding of encryption and decryption processes
3117, Awareness of private key confidentiality
3118,knowledge of legal standards for defending against torts
3119, understanding of encryption methods
3120, awareness of effective control measures
3121, familiarity with e discovery processes
3122, experience with operational investigation
3123,Database management systems
3124, ACID properties
3125,Understanding of continuity planning concepts
3126, Knowledge of recovery time objective (RTO)
3127, Awareness of data recovery in IT systems
3128,Network protocols
3129, ARP function
3130, TCP/IP model
3131,Intrusion detection systems
3132, False positive rates
3133, System performance
3134, Cost of implementation
3135,virus propagation techniques
3136, Good Times virus characteristics
3137,knowledge of data security methods
3138, understanding of data classification levels
3139,Computer security
3140, Security standards
3141,knowledge of role based access control
3142, understanding of organizational security needs
3143, familiarity with access control concepts
3144,Configuration Management principles
3145, Software engineering practices
3146, System lifecycle management
3147,knowledge of internet protocol management
3148, understanding of regional internet registries
3149, familiarity with IP address allocation processes
3150, awareness of ASN management
3151,knowledge of access control models
3152, understanding of Mandatory Access Control principles
3153, awareness of Attribute based Access Control features
3154, familiarity with Role based Access Control concepts
3155, knowledge of Discretionary Access Control
3156,knowledge of relational database management systems
3157, understanding of database terminology
3158,knowledge of web security
3159, understanding of SQL databases
3160, awareness of common web attack methods
3161,Web security concepts
3162, Cybersecurity terminology
3163,risk governance framework
3164, risk management phases
3165,knowledge of biometrics
3166, understanding of False Rejection Rate (FRR)
3167, understanding of False Acceptance Rate (FAR)
3168,IPv6 addressing
3169, IPv6 compression rules
3170,Firewall types
3171, Network security concepts
3172,knowledge of password security
3173, understanding of cryptographic hash functions
3174, familiarity with MD5 vulnerabilities
3175, awareness of SHA family strengths and weaknesses
3176, experience with bcrypt for password hashing
3177,IPSec components
3178, Security Association (SA)
3179, Security services and parameters
3180,Computer security
3181, Programming
3182, Cybersecurity terminology
3183,Bluetooth technology
3184, Common terms for Bluetooth related pranks
3185,Business Continuity Management concepts
3186, Disaster Recovery processes
3187, Incident Response procedures
3188,knowledge of cryptographic practices
3189, understanding of certificate authorities roles
3190,knowledge of cryptographic concepts
3191, understanding of asymmetric key pairs
3192, familiarity with security credentials management
3193, awareness of CRL (Certificate Revocation List)
3194, understanding of certificate authorities
3195,Understanding of cloud computing models
3196, Knowledge of SaaS
3197, PaaS
3198, IaaS definitions
3199,Common Criteria
3200, Trusted Computing Base
3201, Evaluation Assurance Levels
3202,software development processes
3203, engineering techniques and tools
3204, error detection
3205, quality assurance
3206,knowledge of web privacy standards
3207, understanding of P3P project
3208,Disaster recovery planning
3209, Physical security concepts
3210, Computer system security
3211,Time based one time password
3212, Authentication mechanisms
3213,Security concepts
3214, Access control principles
3215, Organizational identity management
3216,Knowledge of basic cybersecurity practices
3217, Understanding of password security principles
3218,Information security management
3219, Management commitment
3220, Security program maintenance
3221,patch management systems
3222, software patching processes
3223, system administration
3224,software development methodologies
3225, history of software engineering
3226, security and software assurance
3227,knowledge of web application security
3228, understanding of code injection attacks
3229, familiarity with input validation
3230,forensic tools
3231, file recovery techniques
3232,knowledge of network security
3233, understanding of authentication processes
3234, awareness of different types of cyber attacks
3235,TCP/IP protocols
3236, OSI model
3237, Session layer
3238,Statistical testing in cryptography
3239, Goodness of fit tests
3240, Poker test
3241, Monobit test
3242, Kolmogorov Smirnov test
3243, Runs test
3244,Understanding of communication channels
3245, Knowledge of security controls and their limitations
3246, Awareness of methods used to bypass security
3247,knowledge of cryptographic algorithms
3248, understanding of AES standardization
3249,cybersecurity concepts
3250, malware types
3251, time based attacks
3252,cybersecurity concepts
3253, incident response
3254, network security
3255, compliance management
3256, encryption technologies
3257,Understanding of security principles
3258, Knowledge of fail modes in systems
3259, Experience with secure system design
3260,Cybersecurity principles
3261, Cross Site Scripting (XSS)
3262,knowledge of wireless network security
3263, understanding of shared key authentication
3264, awareness of different types of network attacks
3265, familiarity with encryption and authentication processes
3266,Embedded systems knowledge
3267, Physical world interaction understanding
3268, Security vulnerabilities in hardware
3269, Differences between embedded systems and PCs
3270,Risk Analysis process
3271, Risk management concepts
3272, Threat assessment
3273, Risk mitigation strategies
3274, Asset valuation techniques
3275, Quantitative risk analysis
3276, Qualitative risk analysis
3277,Knowledge of DLL injection techniques
3278, Understanding of process environment block
3279, Antivirus software detection mechanisms
3280,Data classification concepts
3281, Corporate data protection strategies
3282, Benefits of data classification programs
3283, Enterprise wide data management
3284,Cryptography basics
3285, Key concepts in cryptography
3286,Understanding of communication network types
3287, Knowledge of circuit switching concept
3288,company policies
3289, acceptable use policy
3290,Understanding of corporate information management
3291, Knowledge of business risk assessment
3292, Awareness of data classification principles
3293, Insight into decision making processes
3294,Understanding of SQL syntax
3295, Knowledge of web application security
3296, Awareness of common vulnerabilities
3297,Object oriented programming concepts
3298, Methods in OOP
3299,knowledge of computer security terms
3300,knowledge of Common Criteria
3301, understanding of Evaluation Assurance Levels (EALs)
3302, familiarity with security confidence rating scales
3303,File systems
3304, NTFS features
3305, FAT file system limitations
3306, ext4 features
3307, Access Control Lists (ACLs)
3308,knowledge of web server vulnerabilities
3309, understanding of HTTP protocol
3310,Knowledge of information security concepts
3311, Understanding of audit processes
3312, Familiarity with transaction tracking
3313,Virtualization concepts
3314, Cybersecurity fundamentals
3315, Sandboxing techniques
3316,Microsoft environments
3317, User and computer account management
3318, Set of rules for governance
3319, Security templates
3320, Group Policy Editor
3321,Web services
3322, XML
3323, HTTP
3324, UDDI
3325, SOAP
3326,fire suppression systems
3327, sprinkler system types
3328, combustible materials
3329, fire characteristics
3330, sprinkler activation mechanisms
3331,Computer security concepts
3332, Authentication processes
3333,federal laws related to software export
3334, categories of retail and mass market security software
3335, process of submitting products for review by the Commerce Department
3336, freely exporting security software
3337,knowledge of network security protocols
3338, understanding of encrypted communication
3339, familiarity with FTP
3340, Telnet
3341, and rlogin
3342,Knowledge of data security practices
3343, Understanding of encryption
3344, Awareness of data backup procedures
3345, Familiarity with strong authentication methods
3346,Network security concepts
3347, Application layer security protocols
3348,Network security concepts
3349, Intrusion detection systems
3350,Web security concepts
3351, Cross site scripting (XSS) attack mechanisms
3352, Common web application security practices
3353,knowledge of privacy policy creation methods
3354, familiarity with privacy management tools
3355, understanding of natural language processing in legal contexts
3356, awareness of visual representation techniques in privacy settings
3357,knowledge of organizational security concepts
3358, understanding of security policy documents
3359,PCI DSS compliance knowledge
3360, Segmentation concepts
3361, Security operations understanding
3362,Integrity Verification Procedure
3363, Data validation
3364, Security procedures
3365,knowledge of communication security
3366, understanding of digital signatures
3367, packet integrity checks
3368, one time authentication methods
3369, session management
3370, physical security measures
3371, encryption techniques
3372, DNS security
3373, hyperlink validation
3374,knowledge of linear feedback shift registers
3375, understanding of primitive polynomials
3376, properties of LFSR sequences
3377, periodicity and distinctness of LFSR outputs
3378,TCP protocol
3379, Sequence numbering in TCP
3380, Acknowledgment mechanism in TCP
3381, Window size in TCP
3382,Understanding of network services
3383, Knowledge of WAN technologies
3384, Familiarity with connection mechanisms for remote LANs
3385,knowledge of centralized vs decentralized security infrastructures
3386, understanding of organizational scale and user base requirements
3387, familiarity with security needs for web solutions
3388,knowledge of home network security
3389, understanding of firewalls
3390, awareness of pervasive computing
3391, knowledge of device communication protocols
3392,cryptographic principles
3393, key management
3394, security standards
3395,Group theory knowledge
3396, Axioms of group theory
3397,wildfire behavior
3398, fire modeling techniques
3399, geospatial analysis
3400,Knowledge of disaster recovery planning
3401, Understanding of business continuity concepts
3402,network security
3403, cloud computing
3404, cybersecurity threats
3405,network adapters
3406, network modes (full duplex
3407, half duplex
3408, promiscuous)
3409, network intrusion detection systems
3410,computer security
3411, malware
3412, logic bombs
3413, salami attacks
3414, viruses
3415, Trojan Horse
3416,Knowledge of information security practices
3417, Understanding of organizational policies and procedures
3418, Familiarity with compliance processes
3419,Understanding of cloud computing models
3420, Knowledge of SaaS
3421, PaaS
3422, IaaS
3423, and community cloud concepts
3424,knowledge of computer security
3425, understanding of operating systems
3426, vulnerability exploitation techniques
3427, social engineering tactics
3428,knowledge of software development
3429, understanding of source code
3430, awareness of software protection techniques
3431,knowledge of computer viruses and worms
3432, understanding of how viruses and worms spread
3433, awareness of the differences between viruses and worms
3434,knowledge of cryptographic concepts
3435, understanding of cipher types
3436,Knowledge of cryptographic concepts
3437, Understanding of symmetric vs asymmetric encryption
3438, Familiarity with different types of encryption techniques
3439,knowledge of international human rights law
3440, understanding of business and human rights framework
3441,knowledge of computer memory management
3442, understanding of pointers in programming
3443, awareness of null pointer exceptions
3444,Virtual Private Network (VPN) fundamentals
3445, Internet networking concepts
3446, Data security and privacy
3447,network security concepts
3448, firewall functions
3449,Steganography concepts
3450, Covert communication techniques
3451,Privacy concepts
3452, Information security fundamentals
3453,software security
3454, vulnerability management
3455, patch management
3456,Understanding of UDP protocol characteristics
3457, Knowledge of TCP vs UDP differences
3458,Cybersecurity fundamentals
3459, Incident response processes
3460, Legal and compliance requirements
3461,knowledge of security services
3462, understanding of legal aspects of security
3463, awareness of data protection techniques
3464, comprehension of security compliance requirements
3465,networking fundamentals
3466, packet analysis
3467, computer networks
3468,block cipher structure
3469, linear cryptanalysis
3470, differential cryptanalysis
3471, cryptographic rounds
3472,knowledge of SQL injection attacks
3473, understanding of web application security measures
3474,Managed switch features
3475, CAM table function
3476, MAC address management
3477,Familiarity with security protocols and standards
3478, Knowledge of web services security
3479, Understanding of identity and access management
3480, Awareness of standards for secure communication
3481,Telecommunications fraud
3482, Enterprise network management
3483, Billing systems
3484, Calling patterns analysis
3485,Knowledge of data security
3486, Understanding of information lifecycle management
3487, Awareness of regulatory compliance requirements
3488,knowledge of computer malware types
3489,knowledge of the 2007 Saffron Revolution in Burma
3490, understanding of political impacts of protests
3491, awareness of internet censorship practices
3492, familiarity with the ruling junta in Burma at the time
3493,Computer network security
3494, Remote code execution concepts
3495,network protocols
3496, file transfer security
3497, port numbers
3498,knowledge of HRMS
3499, understanding of row level security
3500, familiarity with organizational hierarchy
3501, awareness of department security concepts
3502, insight into user roles in HRMS
3503, data sensitivity levels in HRMS
3504,knowledge of cryptographic attacks
3505, understanding of time memory trade offs
3506,Knowledge of SSO (Single Sign On) products
3507, Understanding of encryption standards
3508, Familiarity with DES (Data Encryption Standard)
3509,Understanding of data confidentiality concepts
3510, Knowledge of encryption techniques
3511, Awareness of cybersecurity principles
3512,game theory
3513, prisoners\ dilemma
3514, classic games
3515,Business Continuity Management
3516, Disaster Recovery
3517, Operational Resilience
3518,Understanding of security principles
3519, Knowledge of access control
3520, Familiarity with cybersecurity terminology
3521,Personal injury law
3522, Damages in tort law
3523,Understanding of connection oriented protocols
3524, Knowledge of data transmission reliability
3525, Awareness of packet delivery guarantees
3526,network security concepts
3527, cybersecurity attack types
3528,Understanding of DoS (Denial of Service) attacks
3529, Understanding of DDoS (Distributed Denial of Service) attacks
3530, Knowledge of attack objectives
3531,knowledge of cybersecurity concepts
3532, understanding of digital signatures
3533, familiarity with data integrity
3534, awareness of authentication processes
3535,Understanding of Kerberos protocol
3536, Knowledge of authentication concepts
3537, Awareness of network domains
3538,firewall types
3539, stateful inspection
3540, packet filtering
3541, application level firewall
3542, circuit level firewall
3543,network security
3544, cybersecurity threats
3545, common attack methods
3546,knowledge of data hiding techniques
3547, understanding of cybersecurity concepts
3548, familiarity with encryption methods
3549,Risk management
3550, Fire safety
3551, Threat vulnerability impact assessment
3552,MIME (Multipurpose Internet Mail Extensions) standards
3553, Content types in MIME
3554, Message headers in email
3555,Access control matrices
3556, Basic understanding of access control concepts
3557,malicious software
3558, memory based computing
3559, file system
3560, software types
3561,virus types
3562, computer boot process
3563, hard drive sectors
3564, memory loading
3565,access control policies
3566, RBAC
3567, DAC
3568, MAC
3569,knowledge of security awareness programs
3570, understanding of audience segmentation
3571, compliance requirements in security
3572, employee roles and responsibilities
3573,knowledge of cybersecurity attack lifecycle models
3574, familiarity with the Cyber Kill Chain
3575, understanding of the MITRE ATT&CK framework
3576,Knowledge of Kerberos authentication process
3577, Understanding of session keys
3578, Familiarity with TGT (Ticket Granting Ticket)
3579, Understanding of encryption and decryption in network security
3580,compliance assurance
3581, remediation processes
3582, security controls
3583,security architecture models
3584, Bell LaPadula model
3585, Biba model
3586, Clark Wilson model
3587, granularity in security models
3588, Harrison Ruzzo Ullman model
3589,Understanding of computer networks
3590, Knowledge of cybersecurity principles
3591, Ability to identify and exploit vulnerabilities
3592, Ethical considerations in hacking
3593,knowledge of security technologies
3594, understanding of USB mass storage devices
3595, familiarity with DLP concepts
3596,Security policy
3597, Employee compliance
3598, Management responsibilities
3599, Organizational security
3600,vulnerability assessment
3601, cybersecurity tools
3602, network security
3603,knowledge of computer network security
3604, understanding of different types of cyber attacks
3605,Principle of Economy of Mechanism
3606,Cryptography
3607,malware types
3608, social engineering tactics
3609,knowledge of cybersecurity
3610, understanding of software updates
3611, awareness of system vulnerabilities
3612,knowledge of computer networking
3613, understanding of file systems and directory structures
3614,Understanding of data security
3615, Knowledge of cybersecurity threats
3616, Awareness of data protection methods
3617,Understanding of compliance requirements
3618, Knowledge of automation tools and processes
3619, Awareness of potential penalties for noncompliance
3620, Experience in staff management
3621,Risk assessment processes
3622, Safeguard selection
3623, Vulnerability identification
3624, Threat evaluation
3625,knowledge of cryptographic functions
3626, understanding of security concepts
3627, familiarity with data protection methods
3628,Risk management process
3629, Concern assessment
3630, Statistical evidence
3631, Personal perceptions
3632, Accurate risk assessment
3633, Preventive measures
3634, Minimize potential threats
3635, Impact of adverse events
3636, Individual intuition
3637, Fear
3638, Stakeholder perceptions
3639, Reduction of ambiguity
3640,knowledge of historical computer and telecommunications hacking
3641, understanding of the counterculture movement
3642, awareness of early telephone systems and phreaking techniques
3643, insight into hacker motivations
3644,knowledge of security protocols
3645, understanding of digital communication
3646,Understanding of session hijacking
3647, Knowledge of network protocols and packet sequencing
3648, Familiarity with session identification mechanisms
3649,Principle of least privilege
3650,Business Continuity Planning
3651, Organizational Structure
3652, Operational Risks
3653, BCP Team Composition
3654,network scanning
3655, IoT device discovery
3656, command line tools
3657,Knowledge of Intrusion Detection Systems (IDS)
3658, Understanding of behavior based IDS
3659, Awareness of common drawbacks of IDS
3660,VoIP and teleconferencing security
3661, Conference bridge security measures
3662,understanding of cybersecurity threats
3663, knowledge of systems and their missions
3664,Common Criteria methodology
3665, Protection Profile (PP)
3666, Security Target (ST)
3667, Technical Implementation Entity (TOE)
3668,Risk assessment methods
3669, Types of risk analysis
3670,Understanding of common attack vectors
3671, Knowledge of how to cover tracks post exploitation
3672, Awareness of different types of cyber attackers
3673,knowledge of cybersecurity terms
3674, understanding of acronyms in cybersecurity
3675,Security principles
3676, Layered defense strategy
3677, Information asset protection
3678, Organizational system security
3679,knowledge of trade secret protection
3680, understanding of legal measures for protecting intellectual property
3681, awareness of contractual agreements
3682, familiarity with system auditing
3683, knowledge of termination procedures
3684,knowledge of cryptographic attacks
3685, understanding of hash functions
3686, awareness of message digest properties
3687,Defense in Depth strategy
3688, security layers
3689, access control
3690,AES 192 algorithm knowledge
3691, CTR mode of operation knowledge
3692,knowledge of SSL/TLS encryption
3693, asymmetric encryption
3694, symmetric encryption
3695, session key exchange
3696, bulk data encryption
3697,knowledge of Federal Sentencing Guidelines
3698, understanding of legal doctrines related to search and seizure
3699,Knowledge of network protocols
3700, Understanding of TCP flags
3701, Familiarity with network scanning techniques
3702,SANS Institute
3703, Information security education and training
3704,network security
3705, twisted pair cable characteristics
3706, security risks in networking
3707,Windows security privileges
3708, Windows token structure
3709,knowledge of secure password practices
3710, understanding of common password cracking methods
3711,knowledge of firewall types
3712, understanding of stateful inspection firewalls
3713, OSI model layers
3714, comparison of firewall speeds
3715, custom application support in firewalls
3716, network address translation in firewalls
3717,Encryption modes
3718, Cryptography
3719,SNMP versions
3720, Security features of SNMP
3721,Understanding of access control types
3722, Knowledge of non discretionary access control principles
3723, Awareness of mandatory access control mechanisms
3724, Familiarity with discretionary access control systems
3725, Insight into lattice based access control
3726,knowledge of cybersecurity
3727, understanding of ethical hacking principles
3728, awareness of legal and ethical boundaries in hacking
3729,Authentication methods
3730, Cryptography basics
3731, Network security concepts
3732,security life cycle model
3733, security measures
3734, security assessment
3735, safeguard design
3736, security strategy
3737,knowledge of social engineering techniques
3738, understanding of identity deception methods
3739,Software development lifecycle
3740, Security integration
3741, Vulnerability management
3742, Post development security
3743,Biometrics
3744, Identity verification processes
3745,knowledge of data management
3746, understanding of security practices
3747, familiarity with organizational roles
3748,Risk management concepts
3749, Threat identification and mitigation
3750, Business continuity planning
3751,knowledge of how cookies work
3752, understanding of user identification on websites
3753, familiarity with web technologies
3754,Understanding of security frameworks
3755, Knowledge of access control principles
3756, Familiarity with identity management systems
3757,risk evaluation
3758, security standards
3759, quantitative risk assessment
3760, qualitative risk assessment
3761,knowledge of safety critical systems
3762, understanding of failure modes
3763, familiarity with safety requirements
3764, experience in system testing
3765,Steganography
3766, Graphic files
3767, Binary representation
3768, Least significant bit
3769,knowledge of basic cryptography concepts
3770, understanding of different encryption modes
3771,SAN security basics
3772, Data breach consequences
3773, Regulatory compliance standards
3774, Physical security measures
3775,networking
3776, scanning techniques
3777, tracert
3778, ping
3779, port scanning
3780,knowledge of organizational security policies
3781, understanding of managerial responsibilities
3782, familiarity with audit functions
3783,cybersecurity concepts
3784, access management
3785,Network switching technology
3786, Traffic analysis techniques
3787, Managed switch features
3788,Software forensics
3789, Malicious code analysis
3790, Programming languages
3791, Cultural coding practices
3792,Service Level Management concepts
3793, IT service quality improvement
3794, Business alignment with IT services
3795,risk assessment
3796, information systems
3797, security controls
3798, asset importance
3799, financial information
3800, quantitative methods
3801, qualitative methods
3802, threat modeling
3803, Delphi method
3804,HIPAA information security requirements
3805, CMM (Capability Maturity Model) framework
3806, Disaster recovery planning
3807, Business continuity planning
3808,XTS AES mode
3809, tweak value
3810, block number
3811, data unit position
3812, symmetric key
3813, initialization vector (IV)
3814,fence height requirements for security
3815, intruder behavior and capabilities
3816,knowledge of computer security terms
3817,Cybersecurity incident response
3818, Legal aspects of cybersecurity
3819, Data preservation techniques
3820, Immediate action in IT systems
3821,Understanding of cybersecurity concepts
3822, Knowledge of risk management
3823, Familiarity with threat modeling
3824,Symmetric encryption algorithms
3825, Common cryptographic standards
3826,knowledge of web development
3827, understanding of CSS and its purpose
3828, familiarity with HTML
3829,Network access methods
3830, Data transmission security
3831, Types of internet connections
3832,Understanding of network security principles
3833, Knowledge of embedded and static system vulnerabilities
3834, Awareness of cybersecurity threats
3835, Concepts of network segmentation
3836,OSI model
3837, IPSec protocol
3838,malware types
3839, hash values
3840, antivirus databases
3841,security concepts
3842, human factors in security
3843, security policies
3844, internet security
3845, software security
3846,knowledge of organizational privacy roles
3847, understanding of privacy policies
3848, familiarity with complaint handling procedures
3849,network security concepts
3850, access control mechanisms
3851, security protocols
3852,Apache server management
3853, SSL/TLS configuration
3854,knowledge of password hashing algorithms
3855, understanding of password cracking tools
3856,knowledge of web security
3857, understanding of session management
3858, awareness of mobile device vulnerabilities
3859, familiarity with common cyber threats
3860,Network security concepts
3861, Firewall and segmentation techniques
3862,biometrics
3863, authentication
3864,business continuity planning
3865, IT department
3866, support departments
3867, operational departments
3868, legal knowledge
3869, senior management
3870,understanding of activism
3871, knowledge of hacking
3872, awareness of cyber ethics
3873,SQL transactions
3874, SQL commit command
3875,knowledge of symmetric encryption
3876, knowledge of asymmetric encryption
3877, understanding of encryption speed
3878, understanding of key distribution
3879, understanding of brute force attacks
3880,network security
3881, cybersecurity techniques
3882, evasion tactics
3883,multifactor authentication
3884, authentication methods
3885, key storage devices
3886, smart cards
3887, USB flash drives
3888, Bluetooth technology
3889, network adapters
3890, PCI Express
3891,IT management
3892, Organizational structure
3893, Budgeting
3894, Security policies
3895,Disaster recovery concepts
3896, Business continuity management
3897,vulnerability types
3898, backdoor concepts
3899, application security
3900,cybersecurity concepts
3901, encryption purposes
3902,Knowledge of different types of Intrusion Detection Systems (IDS)
3903, Understanding of network based IDS (NIDS)
3904, Understanding of host based IDS (HIDS)
3905, Understanding of intrusion prevention systems (IPS)
3906,LDAP injection
3907, syntax of LDAP queries
3908, authentication bypass techniques
3909,Knowledge of quantum mechanics
3910, Understanding of quantum cryptography principles
3911, Familiarity with photon properties and polarizations
3912, Awareness of man in the middle attacks
3913, Understanding of quantum key distribution (QKD)
3914,antivirus software functionality
3915, real time protection mechanisms
3916, malware detection techniques
3917,Knowledge of healthcare regulations
3918, Understanding of data protection laws
3919, Familiarity with HIPAA
3920,Knowledge of voice mail system security
3921, Understanding of security best practices
3922, Familiarity with monitoring techniques
3923, Awareness of potential security threats
3924,Forensic analysis
3925, Data integrity
3926, Evidence preservation
3927,Web security concepts
3928, Types of web application attacks
3929, HTML and JavaScript
3930,HIPAA regulations
3931, Responsibilities of organizations
3932, Patient healthcare information protection
3933,knowledge of human resources management
3934, understanding of job descriptions
3935, familiarity with organizational policies
3936,Knowledge of digital electronics
3937, Understanding of integrated circuits
3938, Awareness of programming concepts applied to hardware
3939,FTP server security
3940, network monitoring
3941, data security practices
3942,Knowledge of electronic signal standards
3943, Understanding of electronic hardware security
3944,wireless network analysis
3945, signal strength measurement
3946, network boundary detection
3947, wireless network scanning tools
3948,knowledge of cryptographic security concepts
3949, understanding of secure communication protocols
3950, awareness of common cyber attacks
3951,network security
3952, vulnerability assessment
3953, cybersecurity
3954,Public key infrastructure
3955, Digital signatures
3956, Authentication mechanisms
3957,knowledge of router security
3958, understanding of access lists in networking
3959,Business Continuity Management
3960, Disaster Recovery Concepts
3961, Business Impact Analysis
3962,Intellectual property law
3963, Business communication practices
3964, Data security in instant messaging
3965, Trade secret protection
3966,watermarking techniques
3967, digital image processing
3968,data lifecycle stages
3969,security management approaches
3970, information security program principles
3971,Knowledge of ISO 17799 standards
3972, Understanding of contingency planning processes
3973,Understanding of cryptographic hash functions
3974, Knowledge of one way functions
3975, Awareness of collision resistance
3976, Familiarity with computational difficulty
3977, Comprehension of fixed length outputs
3978,standardization knowledge
3979, security criteria knowledge
3980, computer product evaluation process
3981,OSI model layers
3982, functions of each OSI layer
3983,knowledge of biometric authentication
3984, understanding of physical characteristics as a form of identification
3985,Steganography
3986, Data hiding techniques
3987, Host file manipulation
3988, Visibility in digital media
3989,Processor architectures
3990, Embedded systems
3991, Mobile phone technology
3992, Consumer electronics
3993,Authentication protocols
3994, Encryption terminology
3995,Business Continuity Planning
3996, Importance of documentation
3997, Disaster recovery procedures
3998, Communication within organizations
3999,knowledge of cybersecurity
4000, understanding of different types of cyber attacks
4001,security concepts
4002, authentication processes
4003, access control
4004,Internet protocols
4005, Traceroute function
4006, ICMP function
4007, ARP function
4008, RIP function
4009,Understanding of security principles
4010, Knowledge of privilege management
4011, Familiarity with cybersecurity best practices
4012,knowledge of international privacy laws
4013, understanding of electronic data interchange systems
4014,software development
4015, open source software
4016, crowdsourced quality improvement
4017, security vulnerabilities
4018,DNS knowledge
4019, Query types in DNS
4020,Transaction Management Principles
4021,knowledge of common hacking motivations
4022, understanding of how web browsers are used
4023, awareness of data stored in browsers
4024, familiarity with browser security mechanisms
4025,Knowledge of SSL/TLS encryption
4026, Understanding of HTTP and HTTPS protocols
4027, Awareness of man in the middle attacks
4028,UDP headers
4029, computer networking
4030, network protocols
4031, data communication
4032,knowledge of fire detection systems
4033, understanding of how different types of fire detectors work
4034,Knowledge of audit processes
4035, Understanding of intranet security
4036, Familiarity with data storage and access controls
4037, Experience in information synthesis
4038,DNS security
4039, Cryptographic techniques
4040, DNS cache poisoning
4041,AES encryption process
4042, AES operations
4043,Virtual Network Computing
4044, Remote desktop access
4045,Kerberos protocol
4046, TGS (Ticket Granting Server)
4047, ticket structure
4048,DNS knowledge
4049, Email security concepts
4050, SPF protocol
4051, DKIM protocol
4052, S/MIME protocol
4053, STARTTLS protocol
4054,network scanning
4055, enumeration tools
4056, Snort
4057, Wireshark
4058, Nmap
4059, Metasploit
4060,knowledge of computer security concepts
4061, understanding of operating systems
4062, familiarity with protection domains
4063,knowledge of computer networks
4064, understanding of network attacks
4065, familiarity with DDoS terminology
4066, awareness of malware and botnets
4067,knowledge of online harassment terms
4068, familiarity with cyber related vocabulary
4069,Knowledge of TMTO (Table Moving To Other) attack
4070, Understanding of encryption chains
4071, Familiarity with key value spaces in cryptography
4072,Understanding of cloud computing models
4073, Knowledge of private and public cloud characteristics
4074,knowledge of corporate security
4075, understanding of legal procedures
4076, awareness of computer crime investigation processes
4077,malware types
4078, evading detection techniques
4079, software reconfiguration
4080,security lighting
4081, types of lighting
4082, illumination requirements for security purposes
4083,Public key cryptography
4084, Asymmetric encryption concepts
4085, Key pair functionality
4086,Wireless networking fundamentals
4087, SSID purpose and function
4088,Knowledge of data security principles
4089, Understanding of cryptographic techniques
4090, Familiarity with encryption methods
4091,XML and security
4092, XML processing
4093, External Entity Injection
4094,Understanding of botnets
4095, Knowledge of DNS and its manipulation
4096, Familiarity with command and control structures
4097,Incident response
4098, Security procedures
4099,knowledge of wireless networking protocols
4100, understanding of authentication methods
4101, familiarity with WPA2 standards
4102, awareness of RADIUS protocol
4103,knowledge of electronic voting systems
4104, understanding of voter validation processes
4105, familiarity with voting machine interfaces
4106,knowledge of mobile phone security vulnerabilities
4107, understanding of Bluetooth communication protocols
4108, awareness of mobile malware techniques
4109,network security controls
4110, firewall function
4111, security awareness concepts
4112, CCTV surveillance purpose
4113, biometric authentication systems
4114,knowledge of computer networking
4115, understanding of terminal identification concepts
4116,Knowledge of DNS
4117, Understanding of DNSSEC
4118, Awareness of DNS security threats
4119,knowledge of key management practices
4120, familiarity with common key storage methods
4121,Social engineering concepts
4122, Types of cyber attacks
4123,Understanding of cryptographic principles
4124, Knowledge of security threats like replay attacks
4125, Familiarity with nonce usage in cryptographic protocols
4126,Authentication factors
4127, Types of biometric authentication
4128, Examples of physical security tokens
4129,Understanding of cybersecurity concepts
4130, Knowledge of security strategies and tactics
4131,Knowledge of computer security concepts
4132, Understanding of security policy enforcement components
4133,GNSS systems
4134, Spoofing attacks on GNSS
4135, Signal processing techniques
4136, Receiver technology for GNSS
4137,802.11 wireless networking standards
4138, Ad Hoc network communication
4139,Network security concepts
4140, Vocabulary related to network division
4141,knowledge of U.S. patent history
4142, familiarity with inventors of early cryptographic devices
4143,Understanding of human psychology
4144, Knowledge of computer viruses and malware
4145, Awareness of social media and internet propagation
4146, Familiarity with cybersecurity threats
4147,Knowledge of organizational structure
4148, Understanding of information security roles and responsibilities
4149, Familiarity with security policy development and maintenance processes
4150,knowledge of network security
4151, understanding of TCP three way handshake process
4152, awareness of common security exploits
4153,Web security
4154, Cross site scripting (XSS)
4155,knowledge of software engineering concepts
4156, understanding of abstraction principles
4157,knowledge of cybersecurity
4158, understanding of data protection concepts
4159, familiarity with encryption processes
4160,wireless networking protocols
4161, DSDV protocol
4162, security in routing information exchange
4163, authentication mechanisms in networking
4164,history of space technology
4165, communications history
4166,firewall functions
4167, network security concepts
4168,knowledge of music industry practices
4169, understanding of digital rights management (DRM)
4170, familiarity with legal actions in intellectual property cases
4171, awareness of internet infrastructure and network operations
4172, knowledge of cybersecurity and distributed denial of service (DDoS) attacks
4173,Multicast addressing
4174, Network communication concepts
4175,Cryptography
4176, Data security
4177, Confidentiality
4178, Data integrity
4179, Transmission security
4180,Knowledge of ITM (Integrated Threat Management) solutions
4181, Understanding of cost implications in security systems
4182, Awareness of complexity and overhead in managing multiple security components
4183, Experience with security equipment maintenance
4184,Enterprise architecture
4185, Disaster recovery planning
4186, System reliability and availability
4187,Business Continuity Planning
4188, Disaster Recovery
4189, Risk Management
4190,Facility security
4191, Access control systems
4192,Computer forensics
4193, Data integrity
4194, Digital evidence handling
4195,Threat scenarios
4196, Experience evaluation
4197, Education level
4198, Potential loss assessment
4199, Severity rating
4200,Linux/UNIX administration
4201, File system management
4202, Group management commands
4203,Wireshark configuration
4204, Network Interface Card (NIC) settings
4205, Promiscuous mode operation
4206, Windows networking drivers
4207, Libpcap library
4208,Application security concepts
4209, Common security phases or components
4210,Knowledge of internet security protocols
4211,Probability theory
4212,knowledge of security concepts
4213, understanding of authentication processes
4214,antivirus technology
4215, virus detection methods
4216, heuristics in cybersecurity
4217,knowledge of email protocols
4218, understanding of network protocols
4219, familiarity with internet security protocols
4220, basic understanding of data encoding
4221,PCI DSS requirements
4222, change detection mechanisms
4223, file security practices
4224,Near Field Communication
4225, Wireless technology basics
4226, Mobile payment systems
4227,Asymmetric key algorithms
4228, RSA
4229, 3DES
4230, DES
4231, AES
4232,social engineering techniques
4233, cybersecurity principles
4234, information security practices
4235,knowledge of financial security technologies
4236, understanding of turnover and loss percentages
4237, history of security technology implementation in France
4238,Asymmetric cryptography
4239, Cryptography security principles
4240, Key exchange protocols
4241,Understanding of domain name systems
4242, Knowledge of internet security practices
4243, Awareness of online phishing techniques
4244,knowledge of organizational security practices
4245, understanding of incident response procedures
4246, awareness of training methodologies
4247, familiarity with system development lifecycle
4248,Change management processes
4249, Quality assurance practices
4250, Security best practices
4251, Production environment management
4252,Control Flow Integrity
4253, Computer security
4254, Software execution
4255, Attack vectors in software
4256,hash function properties
4257, cryptographic security concepts
4258,command injection attack
4259, web application security
4260, OS command execution
4261,Knowledge of identity management systems
4262, Understanding of Higgins project
4263, Interoperability concepts
4264, Security and privacy in identity management
4265, Decentralized systems
4266,biometric authentication
4267, access control types
4268, authentication factors
4269,Knowledge of intrusion prevention systems
4270, Understanding of physical security measures
4271, Familiarity with security terminology
4272,knowledge of authentication protocols
4273, understanding of Diffie Hellman key exchange
4274, concept of perfect forward secrecy
4275,Knowledge of RC4 algorithm
4276, Understanding of state vector initialization
4277,knowledge of security principles
4278, understanding of access control
4279, familiarity with manufacturing and storage area access requirements
4280,network switching fundamentals
4281, MAC address concepts
4282, switched network traffic isolation
4283, Ethernet frame structure
4284, network security techniques
4285,Bell LaPadula model
4286, computer security
4287, data security
4288, access control models
4289,Understanding of cloud computing concepts
4290, Knowledge of container technology
4291, Awareness of application isolation techniques
4292,OSI reference model
4293, Network Layer functions
4294,firewall policies
4295, network security
4296, public network risks
4297, encryption methods
4298,network security
4299, firewall functions
4300, application gateway features
4301,Wired Equivalent Privacy (WEP) encryption
4302, IEEE 802.11 networks
4303, Network security concepts
4304,password policy
4305, security best practices
4306,Understanding of security vulnerabilities
4307, Knowledge of risk management principles
4308, Familiarity with vulnerability assessment tools
4309,knowledge of business law
4310, understanding of regulatory compliance
4311, familiarity with government regulations
4312, awareness of industry standards
4313,Wi Fi security protocols
4314, WEP (Wired Equivalent Privacy)
4315, WPA (Wi Fi Protected Access)
4316, WPA2 (Wi Fi Protected Access II)
4317, WPA3 (Wi Fi Protected Access III)
4318, Initialization Vector
4319,TCP/IP protocol stack
4320, Transport layer responsibilities
4321, Application layer functions
4322, Network layer roles
4323, Link layer duties
4324,firewall rules
4325, best match policy
4326, network security
4327,knowledge of cybersecurity
4328, understanding of authentication methods
4329,Knowledge of data management
4330, Understanding of Windows operating system
4331, Concepts of data backup and recovery
4332,Random number generation
4333, Cryptographic security
4334, Ephemeral keys
4335,knowledge of cryptographic methods
4336, symmetric key cryptography
4337, asymmetric key cryptography
4338,Access control systems
4339, Discretionary access control
4340, Mandatory access control
4341, Role based access control
4342,knowledge of computer security
4343, understanding of different types of cybersecurity software
4344,CIA triad concepts
4345, Data security principles
4346,Fault tolerance concepts
4347, System survivability principles
4348, Cybersecurity fundamentals
4349,Operating systems
4350, Computer security
4351, Hardening techniques
4352,Understanding of cloud computing concepts
4353, Knowledge of resource management
4354, Awareness of scalability and flexibility in IT infrastructure
4355,Knowledge of continuity planning
4356, Understanding of organizational goals
4357, Experience with backup and recovery processes
4358, Familiarity with performance metrics
4359,Understanding of insurance claims processes
4360, Knowledge of data backup and recovery procedures
4361, Awareness of potential impacts of catastrophic events on data
4362,smart card technology
4363, access control systems
4364, authentication methods
4365,knowledge of system administration
4366, understanding of hardening processes
4367,Knowledge of encryption methods
4368, Understanding of symmetric encryption
4369, Understanding of asymmetric encryption
4370, Understanding of SSL/TLS
4371, Understanding of hashing
4372,Understanding of data protection
4373, Knowledge of cybersecurity definitions
4374, Awareness of online threats
4375,Understanding of cloud computing deployment models
4376, Knowledge of private cloud characteristics
4377, Awareness of public cloud features
4378, Comprehension of hybrid cloud definitions
4379, Insight into community cloud specifics
4380,knowledge of corporate network security
4381, understanding of encryption methods
4382, familiarity with TLS
4383, awareness of link encryption
4384,IT security
4385, assurance requirements
4386, evaluation process
4387,knowledge of cybersecurity
4388, understanding of encryption principles
4389, awareness of software development security practices
4390,authentication methods
4391, factor authentication
4392,BSI TR 03184 standard
4393, Information Security for Space Systems
4394, Business processes in space systems
4395, Classification levels for security
4396,knowledge of computer security
4397, understanding of malware types
4398,Access control models
4399, Discretionary Access Control (DAC)
4400, Role Based Access Control (RBAC)
4401, Mandatory Access Control (MAC)
4402, Lattice Based Access Controls
4403,Operating systems
4404, Security principles
4405, Information security
4406, Computer security controls
4407,knowledge of authentication methods
4408, understanding of two factor authentication components
4409,Factorization methods
4410, Prime factorization
4411, Factor base
4412, Smooth numbers
4413,Understanding of multilevel security
4414, Knowledge of database concepts
4415, Awareness of inference attacks in databases
4416,knowledge of cybersecurity terms
4417, understanding of data concealment techniques
4418,Data remanence
4419, Erasure methods
4420,Knowledge of intrusion detection systems
4421, Understanding of anomaly detection techniques
4422, Familiarity with network traffic analysis
4423,Public Key Infrastructure (PKI)
4424, Digital Signatures
4425, Bilateral Authentication
4426, Secure Communications
4427, Validation of public keys
4428, Private key generation
4429, Transfer of symmetric keys
4430, Obfuscation
4431,Network protocols
4432, Data encapsulation
4433, Tunneling techniques
4434,Wireless Application Protocol
4435, Wireless Transport Layer Security Protocol
4436, Secure Sockets Layer
4437,IPsec
4438, Traffic analysis
4439, Bandwidth usage
4440, Processing load
4441, Extra padding
4442,knowledge of payment card transaction terminology
4443,knowledge of Feistel ciphers
4444, understanding of cryptographic attacks (chosen plaintext
4445, known plaintext
4446, chosen ciphertext)
4447, cryptographic permutations and pseudorandom functions
4448,knowledge of secure communication methods
4449, understanding of encryption
4450, awareness of data security best practices
4451,Understanding of desktop computer systems
4452, Knowledge of different types of data backups
4453, Awareness of common backup practices
4454,TCP/IP protocol suite
4455, Transport Layer
4456, data flow
4457, applications
4458, hosts
4459,cybersecurity concepts
4460, risk management principles
4461, security assessment techniques
4462,crossover error rate
4463, false acceptance rate
4464, false rejection rate
4465, equivalent error rate
4466,knowledge of legal systems
4467, understanding of evidence law
4468,knowledge of database management systems
4469, understanding of relational databases
4470, referential integrity concepts
4471,OSI model structure
4472,OSI model layers
4473, Data translation and understanding between layers
4474,SQL injection
4475, database security
4476, web application vulnerabilities
4477,Understanding of digital content protection
4478, Awareness of copyright and intellectual property issues
4479, Knowledge of access control mechanisms
4480,reliability engineering
4481, architecture principles
4482,Understanding of intrusion detection systems
4483, Knowledge of false positive alarms
4484, Awareness of legitimate vs. malicious network traffic
4485,knowledge of cybersecurity terms
4486, understanding of common cyber attacks
4487,psychology of loss
4488, cybersecurity incident response
4489,warrant requirements
4490, law enforcement procedures
4491, property seizure laws
4492, child pornography regulations
4493,Military protocols
4494, Friendly fire prevention
4495,Windows security features
4496, Logon process in Windows
4497,Wireless networking
4498, Base station components and functions
4499,knowledge of web application security
4500, understanding of web 1.0 vs web 2.0
4501, familiarity with common security vulnerabilities
4502,Ethernet standards
4503, 10Base T specifications
4504, Category 3 cabling characteristics
4505,Knowledge of information technology security evaluation frameworks
4506, Understanding of security standards and certifications
4507,architecture concepts
4508, application deployment models
4509,Cellular network protocols
4510, Call routing processes
4511,Network security concepts
4512, Types of network monitoring techniques
4513,knowledge of mobile phone technology evolution
4514, understanding of GSM security
4515, familiarity with two factor authentication mechanisms
4516, awareness of public key cryptography
4517, knowledge of encryption techniques used in mobile communications
4518,knowledge of SQL syntax
4519, understanding of common web vulnerabilities
4520,knowledge of networking protocols
4521, understanding of DNS
4522, local network operations
4523,knowledge of third party service provider agreements
4524, understanding of security responsibilities in business relationships
4525, awareness of legal and regulatory compliance requirements
4526,firewall architectures
4527, network interfaces
4528,knowledge of formal methods in computer science
4529, understanding of cryptographic protocols
4530, awareness of security verification processes
4531, familiarity with mathematical proofs and theorems
4532,knowledge of cybersecurity terminology
4533, familiarity with types of cyber attacks
4534, understanding of security concepts
4535,IT security
4536, system design
4537, implementation processes
4538,Network security concepts
4539, Types of network security controls
4540, Functionality of firewalls
4541,TLS protocol knowledge
4542, TCP segment transmission process
4543,network protocols
4544, TCP/IP model
4545, data transmission concepts
4546,VPN features
4547, reporting mechanisms
4548, cost accounting in IT
4549,System security policies
4550, Access control concepts
4551, User group management
4552, System resource management
4553,knowledge of cryptographic systems
4554, understanding of hardware security modules
4555, familiarity with key management
4556,OSI model
4557, Virtual Private Network (VPN)
4558, Network security
4559,knowledge of computer security terms
4560, understanding of malware types and prevention methods
4561,Linux file system structure
4562, Understanding of Linux user and group management
4563, Knowledge of Security Identifiers (SIDs) and Resource Identifiers (RIDs)
4564,Canadian privacy laws
4565, Personal Information Protection and Electronic Documents Act (PIPEDA)
4566, Commercial business practices in Canada
4567,understanding of privacy paradigms
4568, knowledge of different approaches to privacy protection
4569,cybersecurity risk management
4570, remediation processes
4571, vulnerability assessment
4572,Understanding of crisis management
4573, Knowledge of public relations
4574, Familiarity with communication strategies during emergencies
4575,Continuity planning principles
4576, Recovery strategy development process
4577,firewall functionality
4578, integrity checking purposes
4579,Cryptography
4580, Cryptographic systems
4581, Data security
4582, Encryption
4583,DNS record types
4584, Email routing
4585,TCP services
4586, Network bandwidth management
4587, Demand based resource allocation
4588,Network security concepts
4589, Internet architecture
4590, Security protocols
4591,knowledge of prime number algorithms
4592, understanding of probabilistic primality tests
4593, familiarity with cryptographic algorithms
4594,security concepts
4595, workflow management
4596,Knowledge of network security
4597, Understanding of digital signatures
4598, Familiarity with update management processes
4599, Awareness of VPN technologies
4600,Incident response phases
4601, Recovery process
4602,knowledge of software copy protection methods
4603, understanding of hardware components in personal computers
4604,knowledge of computer security
4605, understanding of policy guides
4606, familiarity with information security concepts
4607,knowledge of data protection techniques
4608, understanding of tokenization process
4609, understanding of pseudonymization process
4610,Managed Security Services
4611, Security Infrastructure Compatibility
4612, Customer Premise Equipment
4613, Control Over Security Infrastructure
4614,virus behavior
4615, virus infection techniques
4616, computer security
4617,Network security rules and their processing order
4618, Packet filtering concepts
4619,IT security concepts
4620, Campaign design principles
4621, User engagement techniques
4622, Simplicity in communication
4623,knowledge of computer security
4624, understanding of data protection methods
4625, awareness of cybersecurity threats
4626,knowledge of security practices
4627, understanding of antivirus software
4628, awareness of firewall functionality
4629, familiarity with Group Policy objects
4630, experience with server deployment
4631,Cryptography basics
4632, Digital certificate concepts
4633, PKI (Public Key Infrastructure)
4634,Knowledge of cybersecurity attack methods
4635, Understanding of brute force attacks
4636,Understanding of data security
4637, Knowledge of encryption methods
4638, Awareness of disk integrity issues
4639, Experience with system memory and its effects on software
4640,Network security concepts
4641, IDS (Intrusion Detection Systems) types
4642, Anomaly detection mechanisms
4643, Signature based detection methods
4644,Knowledge of data security practices
4645, Understanding of data remanence
4646, Familiarity with degaussing processes
4647, Awareness of data sanitization methods
4648,Software security
4649, Automated testing
4650, Coding standards
4651, Security policies
4652,knowledge of web application security
4653, understanding of server side operations
4654, awareness of URL handling in servers
4655,TCP protocol
4656, TCP three way handshake
4657, ACK (Acknowledgment) packet
4658,Bluetooth security vulnerabilities
4659, Mobile phone security
4660, Wireless communication protocols
4661,Knowledge of ISDN (Integrated Services Digital Network) standards
4662, Understanding of ISDN Basic Rate Interface (BRI) specifications
4663,knowledge of data protection laws
4664, understanding of data breach reporting requirements
4665, familiarity with organization\s disaster recovery plan
4666,Knowledge of stream ciphers
4667, Understanding of keystream properties
4668, Awareness of cryptographic security principles
4669,Risk assessment process
4670, Task identification in risk assessment
4671,Knowledge of terrorism
4672, Understanding of computer networks and cybersecurity
4673, Familiarity with legal definitions related to cybercrimes
4674,Digital watermarking
4675, Information embedding
4676, File manipulation techniques
4677,knowledge of computer networking
4678, understanding of user authentication processes
4679, familiarity with scripting languages
4680, awareness of network share concepts
4681,Knowledge of criminal investigation processes
4682, Understanding of the legal system and evidentiary rules
4683,network security concepts
4684, firewall functions
4685, security protocols
4686,multifunction devices
4687, security components
4688, application filtering
4689, IDS
4690, IPS
4691, antivirus/antimalware scanning
4692, Web Security Gateway
4693, Circuit Level Firewall
4694, Next Generation Firewall (NGFW)
4695, Stateful Inspection Firewall
4696,Authentication methods
4697, Types of authentication
4698,international law
4699, cyber espionage
4700, peacetime regulations
4701, state sovereignty
4702,TCP/IP protocol stack
4703, layers of TCP/IP model
4704, functionality of each TCP/IP layer
4705,Windows operating system
4706, IPv6 protocol
4707, netsh command
4708,Public key cryptography
4709, Certificate authorities
4710, Key servers
4711,Understanding of security principles
4712, Knowledge of least privilege concept
4713, Awareness of potential risks associated with excessive user privileges
4714,XOR logic gate
4715, Boolean algebra
4716,Understanding of common cybersecurity threats
4717, Knowledge of social engineering tactics
4718, Awareness of workplace security procedures
4719,Understanding of system deployment processes
4720, Knowledge of configuration management
4721, Awareness of security best practices
4722, Experience with change management
4723,nmblookup command syntax
4724, NetBIOS over TCP/IP concepts
4725,network security
4726, hacking techniques
4727, security administration
4728, vulnerability simulation
4729,RSA algorithm properties
4730, cryptographic attacks
4731, chosen ciphertext attack
4732, probable message attack
4733, brute force attack
4734, mathematical attack
4735,Server based Certificate Validity Protocol
4736, Certificate chain validation
4737, Root certificates
4738, Public Key Infrastructure
4739,cybersecurity practices
4740, data backup procedures
4741, cloud storage
4742, separate backup locations
4743,Knowledge of the structure and function of the ESP (Encapsulating Security Payload) packet format
4744, Understanding of encryption and padding techniques in cryptography
4745,security awareness
4746, information security policies
4747, PCI DSS
4748, threat landscape
4749,Understanding of basic cybersecurity concepts
4750, Awareness of common security threats
4751, Knowledge of safe computing practices
4752, Ability to recognize phishing attempts
4753,knowledge of cybersecurity
4754, understanding of instant messaging vulnerabilities
4755, definition of man in the middle attacks
4756,intrusion detection systems
4757, attack signatures
4758, system monitoring techniques
4759,operating systems
4760, access control mechanisms
4761, ACLs (Access Control Lists)
4762,knowledge of mobile device security
4763, understanding of data protection practices
4764, familiarity with IT management practices
4765,Knowledge of authentication systems
4766, Understanding of Kerberos protocol
4767, Awareness of token based authentication
4768, Familiarity with Message Authentication Codes (MAC)
4769, 了解单一登录(SSO)
4770,Key escrow
4771, security principles
4772, need to know principle
4773, two factor authentication
4774, least privilege principle
4775, split knowledge concept
4776,Network Time Protocol (NTP)
4777, Synchronization technologies
4778,Cyber Kill Chain model
4779, C&C infrastructure
4780, Communication protocols
4781, Infected computer
4782,knowledge of cybercrime trends in the early 2000s
4783, understanding of common targets in online blackmail
4784,radar technology
4785, airborne object detection
4786, radio wave propagation
4787,Program forensics
4788, Fundamental characteristics of program forensics
4789, Error analysis
4790, Legal considerations
4791, Noncontent analysis
4792, Content analysis
4793,Cryptography
4794, Cryptographic systems
4795, Ciphertext
4796, Plaintext
4797, Key
4798,IP addressing
4799, Network connectivity concepts
4800,Understanding of security policies
4801, Knowledge of legal and regulatory requirements
4802, Awareness of organizational security needs
4803, Familiarity with the concept of continuous improvement
4804,Fundamental concepts of application security
4805, Defense in depth strategy
4806, Importance of integrating security in system design
4807, Access control mechanisms
4808, Data encryption techniques
4809,knowledge of cybersecurity practices
4810, understanding of security terminology
4811,knowledge of industrial control systems
4812, understanding of Triton malware
4813,Understanding of computing concepts
4814, Knowledge of network latency
4815, Awareness of cloud computing
4816, Familiarity with data processing techniques
4817,knowledge of cybersecurity threats
4818, understanding of common cyber attacks
4819,definition of trade secret
4820, requirements for trade secret status
4821, economic value of information
4822, steps to maintain confidentiality
4823,Cellular network operations
4824, Call handling processes
4825, Network congestion management
4826,network security
4827, cybersecurity concepts
4828, types of cyber attacks
4829,Data protection
4830, Classification schemes
4831, Information security
4832,Intrusion detection systems
4833, Anomalous user activity detection
4834, Expert systems
4835,Instructional design
4836, Training evaluation theories
4837, Information system security
4838,knowledge of security assessments
4839, understanding of risk management concepts
4840,Voice over Internet Protocol (VoIP)
4841, IP networks
4842,knowledge of internet service providers
4843, understanding of data privacy laws
4844, familiarity with the Convention on certain aspects of international telecommunications
4845, awareness of legal and regulatory compliance issues
4846,Knowledge of data center outsourcing history
4847, Understanding of confidentiality clauses in business contracts
4848, Awareness of data security concerns in early outsourcing practices
4849,knowledge of cybersecurity threats
4850, understanding of social engineering tactics
4851,ATT&CK Framework knowledge
4852, Understanding of different phases in cyber attack lifecycle
4853,knowledge of iOS history and development
4854, familiarity with major operating systems
4855,knowledge of Common Criteria
4856, understanding of Protection Profiles
4857, familiarity with security requirement definitions
4858,knowledge of secure hash functions
4859, understanding of data integrity
4860, familiarity with cryptographic concepts
4861,knowledge of malware types
4862, understanding of how malware spreads
4863,Understanding of economic principles
4864, Knowledge of security measures and their costs
4865, Awareness of potential losses due to security breaches
4866, Familiarity with budgeting processes
4867,knowledge of Fermat\s theorem
4868, understanding of modular arithmetic
4869, familiarity with prime numbers
4870, awareness of linear congruences
4871, knowledge of the Chinese Remainder Theorem
4872,wireless networking
4873, Wi Fi security
4874, types of wireless attacks
4875,PCI DSS
4876, Payment Card Industry Data Security Standard
4877, CDE
4878, Cardholder Data Environment
4879,knowledge of network security tools
4880, understanding of RPC (Remote Procedure Call) concepts
4881,knowledge of BYOD (Bring Your Own Device) policies
4882, understanding of corporate network security measures
4883, familiarity with Wi Fi network security
4884, awareness of different authentication methods
4885, knowledge of network isolation techniques
4886,knowledge of web server operations
4887, understanding of common cyber attacks
4888,Understanding of modern business challenges
4889, Knowledge of network security
4890, Awareness of technological trends
4891, Comprehension of organizational efficiency
4892, Familiarity with IT infrastructure
4893,IT security events
4894, calendar systems
4895, information security newsletters
4896, trade associations
4897,IPS (Intrusion Prevention System) monitoring types
4898, IPS update processes
4899,Cryptography fundamentals
4900, Public key infrastructure concepts
4901, Cryptographic functions
4902,Disaster recovery planning
4903, Business continuity management
4904,Cryptoprocessor architecture
4905, Memory security techniques
4906, Physical security of cryptographic devices
4907, Countermeasures against side channel attacks
4908,Intrusion Detection Systems (IDS)
4909, Knowledge based systems
4910, Network security
4911, Vulnerability management
4912, Pattern recognition
4913,networking
4914, command line utilities
4915, packet crafting
4916, TCP/IP
4917,knowledge of common phishing attack vectors
4918, understanding of digital communication methods
4919, awareness of cybersecurity threats
4920,GSM authentication process
4921, A38 one way function
4922, Mobile communications security
4923,Virtualization
4924, Containerization
4925, Resource management
4926,knowledge of mobile communication technologies
4927, understanding of GSM standards
4928,Physical security concepts
4929, Facility security components
4930, Information security basics
4931,knowledge of workplace surveillance
4932, understanding of security measures
4933, insight into employee behavior
4934, awareness of productivity factors
4935,knowledge of web application security
4936, understanding of common web attacks
4937,Privacy breach response planning
4938, Data breach identification
4939, Personally Identifiable Information (PII)
4940, Organizational document management
4941, Employee training on privacy breaches
4942,knowledge of natural events
4943, understanding of potential hazards
4944,Intrusion Detection Systems
4945, cybersecurity
4946, network security concepts
4947,Understanding of the security triad
4948, Knowledge of information security concepts
4949,Understanding of hierarchical organization of documentation
4950, Knowledge of security terminology
4951, Familiarity with security implementation processes
4952,Knowledge of IT security practices
4953, Understanding of access control principles
4954, Familiarity with organizational security policies
4955,cybersecurity concepts
4956, vulnerability exploitation
4957, threat agents
4958,knowledge of access control concepts
4959, understanding of active and passive entities in security contexts
4960,malware types
4961, computer security concepts
4962,Information Security Services
4963, Security Evaluation Process
4964, Management Approval Process
4965, Information Application Protection
4966, Supporting Infrastructure Protection
4967, Sensitivity Assessment
4968, Criticality Assessment
4969,Symmetric cryptography
4970, Asymmetric cryptography
4971, Block ciphers
4972, RSA PSS
4973, Sponge constructions
4974,knowledge of steganography
4975, familiarity with steganography tools
4976,ATM knowledge in networking
4977,Knowledge of DNS protocols
4978, Understanding of data exfiltration techniques
4979, Awareness of network security vulnerabilities
4980,IT system security knowledge
4981, Training program development process
4982, Organizational analysis skills
4983,Networking fundamentals
4984, OSI model
4985, Datalink layer functions
4986,AES cipher
4987, MixColumns
4988, AddRoundKey
4989, ShiftRows
4990, SubBytes
4991,Knowledge of cryptographic principles
4992, Understanding of security risks associated with cryptographic keys
4993, Familiarity with data protection best practices
4994,knowledge of data security concepts
4995, understanding of encryption purposes
4996,Decentralized key control schemes
4997, Shared session key generation
4998, Encryption concepts
4999, Cryptographic hash functions
5000,knowledge of cryptography
5001, understanding of encryption and decryption processes
5002,Virtualization technology
5003, Security administration
5004, Patch management
5005, Latency and throughput
5006, Baselining
5007, Network isolation
5008,Risk management concepts
5009, Types of risk treatments
5010,malware
5011, computer security
5012, backdoor
5013, system protection
5014,Public Key Infrastructure (PKI)
5015, Registration Authority (RA)
5016, Certificate enrollment process
5017, Public private key pair generation
5018,knowledge of cryptographic concepts
5019, understanding of encryption methods
5020, public key infrastructure
5021,Understanding of legal and forensic processes
5022, Knowledge of digital data extraction techniques
5023, Familiarity with computer systems and networks
5024, Experience in evidence documentation and interpretation
5025,Understanding of data security terms
5026, Knowledge of business agreements
5027,Active Directory
5028, DNS
5029, LDAP
5030,knowledge of SHA 512 hash function
5031, understanding of bitwise operations
5032, familiarity with cryptographic hash functions
5033,Digital Forensics
5034, Evidence Management
5035,knowledge of FERPA (Family Educational Rights and Privacy Act)
5036, understanding of legal requirements for disclosing education records
5037,knowledge of ARP protocol
5038, understanding of subnetting
5039, ARP cache poisoning
5040, network switching concepts
5041,cybersecurity basics
5042, network security concepts
5043, firewall definitions
5044,Electromagnetic compatibility
5045, Power supply protection techniques
5046, Interference reduction methods
5047,Knowledge of database security techniques
5048, Understanding of information hiding in databases
5049,knowledge of legal and ethical guidelines
5050, understanding of non disclosure agreements
5051, awareness of security audit processes
5052,Twisted pair cabling standards
5053, Ethernet cabling standards
5054,Understanding of social engineering techniques
5055, Knowledge of wireless networks
5056, Awareness of cybersecurity threats
5057,Understanding of internet and intranet concepts
5058, Knowledge of business to business (B2B) applications
5059, Familiarity with enterprise network systems
5060,NSA functions and objectives
5061, Types of information protected by government agencies
5062, National security concepts
5063,Federated identity management
5064, Access control
5065, User authentication
5066, Enterprise IT infrastructure
5067,knowledge of rootkit behavior
5068, understanding of system integrity checks
5069, experience with post attack recovery procedures
5070, familiarity with cybersecurity best practices
5071,Knowledge of ISO/IEC standards
5072, Understanding of information security management
5073, Familiarity with IT security concepts
5074, Awareness of security assurance frameworks
5075, Insight into business continuity management
5076,Operations management
5077, Resource allocation
5078, Business operations
5079,Network security concepts
5080, Channel security definitions
5081,knowledge of cryptographic terms and concepts
5082, understanding of symmetric and asymmetric encryption methods
5083,knowledge of staff training procedures
5084, understanding of equipment operation
5085, familiarity with training materials
5086,HTTPS protocol
5087, HTTP protocol
5088, TLS/SSL protocol
5089, Data encryption
5090, Data integrity
5091, Server authentication
5092,knowledge of web security protocols
5093, understanding of HTTP vs HTTPS
5094, awareness of internet security concepts
5095,knowledge of AES (Advanced Encryption Standard) history and selection process
5096, familiarity with cryptographic algorithms
5097,knowledge of cellular network security
5098, understanding of radio access network vulnerabilities
5099, awareness of types of cyber attacks on mobile networks
5100,IPv6 protocols
5101, ICMP versions
5102, Neighbor Discovery process
5103,knowledge of standard setting organizations
5104, understanding of electrical
5105, electronic
5106, and computer engineering fields
5107,Understanding of software development and user interface design
5108, Knowledge of user experience and interface adjustments
5109, Familiarity with security concepts and access control
5110,backup processes
5111, data recovery techniques
5112,Kerckhoff\s principle
5113, cryptographic systems
5114, key management
5115,Security concepts
5116, Digital signatures
5117, Cryptography
5118,Computer networking basics
5119, Network addressing concepts
5120, IPv4 and IPv6 protocols
5121, MAC address structure
5122,knowledge of legal procedures
5123, understanding of computer systems
5124, awareness of forensic practices
5125,knowledge of software security
5126, understanding of closed source vs open source models
5127, awareness of potential leaks and vulnerabilities in closed source systems
5128,knowledge of TPM technology
5129, understanding of hardware components in PCs
5130, awareness of major PC hardware manufacturers
5131, familiarity with cryptographic processors
5132,knowledge of computer networking
5133, understanding of digital and analog signal interpretation
5134, awareness of data transmission methods
5135,NSA InfoSec Assessment Methodology
5136, Phases of NSA IAM
5137,Knowledge of ARP (Address Resolution Protocol)
5138, Understanding of ARP request and response mechanisms
5139,Cybersecurity principles
5140, Legal and ethical considerations in cybersecurity
5141,Forensic examination process
5142, Cybersecurity incident response procedures
5143, Legal aspects of digital evidence
5144,security
5145, access control
5146, physical security measures
5147,fail terms definitions
5148, physical products
5149, digital products
5150, asset protection
5151, human safety
5152,knowledge of information security threats
5153, understanding of minisupercomputers
5154, awareness of mainframe systems
5155, knowledge of authentication systems
5156,backup methods
5157, computer file management
5158,Data management
5159, Information retention
5160,block cipher modes of operation
5161, cipher block chaining (CBC)
5162, electronic codebook (ECB)
5163,Cryptography
5164, DES (Data Encryption Standard)
5165,EAP protocols
5166, TLS protocol
5167, Digital certificates
5168, Mutual authentication
5169,Understanding of how cookies function in web browsers
5170, Awareness of common web security threats
5171, Knowledge of HTTP request headers
5172, Understanding of session management in web applications
5173,network security
5174, encryption standards
5175, data transmission protocols
5176,Knowledge of data security practices
5177, Understanding of laptop theft risks
5178, Familiarity with encryption methods
5179, Awareness of physical security measures
5180,Knowledge of surveillance systems
5181, Understanding of psychological deterrence
5182, Insight into workplace behavior and management
5183,Understanding of security principles
5184, Knowledge of layered security architecture
5185, Awareness of cyber threats and attack vectors
5186, Familiarity with Common Off The Shelf (COTS) products
5187,Wireless networking fundamentals
5188, Security concepts in networking
5189, Wi Fi security protocols
5190,knowledge of cybercrime
5191, understanding of crime hotspot identification
5192, familiarity with cybersecurity concepts
5193,knowledge of security testing
5194, understanding of vulnerability identification
5195, awareness of security practices
5196,Identity and Access Management
5197, Lifecycle Processes
5198, Provisioning
5199, Revocation
5200, Auditing
5201,Cryptography basics
5202, Key generation and management
5203, Cryptographic attacks and defenses
5204,Understanding of basic cybersecurity principles
5205, Knowledge of common security practices
5206, Experience with system administration
5207,Alarm systems
5208, Signal processing
5209, Noise management
5210, Alarm threshold settings
5211,knowledge of economic espionage
5212, understanding of surveillance practices
5213, awareness of intelligence accuracy and reliability
5214, insight into economic decision making processes
5215,Phishing techniques
5216, SMS security
5217, Mobile device vulnerabilities
5218, Malware risks
5219,HTTP authentication schemes
5220, HTTPS protection
5221, Security risks of HTTP
5222,Captive portal
5223,Database security concepts
5224, Data integrity
5225, Unauthorized access prevention
5226, Physical security
5227, System availability
5228,Understanding of business as usual (BAU) processes
5229, Knowledge of compliance requirements
5230, Awareness of legal obligations
5231, Understanding of security controls and their documentation
5232,knowledge of wireless networking standards
5233, understanding of encryption protocols used in wireless networks
5234,Understanding of mobile device security
5235, Knowledge of application management techniques
5236, Awareness of malware and security threats
5237, Familiarity with security policies and procedures
5238,Internet Explorer version history
5239, XP Service Pack 3 features
5240,cryptographic concepts
5241, properties of cryptographic techniques
5242,security controls
5243, transparency
5244, encryption
5245, hashing
5246, confidentiality
5247, integrity
5248, communication recording
5249, source
5250, destination
5251, time stamps
5252, transmission status
5253, intrusion detection
5254, network traffic
5255, security threats
5256, policy violations
5257,metadata types
5258, data generation processes
5259, physical location tracking
5260,DHCP protocol
5261, DHCP starvation attack
5262, IP address allocation
5263,Understanding of transaction authorization processes
5264, Knowledge of dual control policies
5265, Awareness of separation of duty policies
5266, Familiarity with least privilege policies
5267, Understanding of non repudiation policies
5268,knowledge of CIDR notation
5269, understanding of subnet masks
5270, ability to convert between subnet masks and CIDR notation
5271,Authentication
5272, Cybersecurity
5273, Network security
5274, Access control
5275,knowledge of authentication mechanisms
5276, understanding of dynamic vs static authentication
5277, familiarity with one time passwords (OTPs)
5278,knowledge of US aviation history
5279, understanding of US government organizations related to transportation and security
5280, familiarity with major US legislation enacted post 9/11
5281,knowledge of cryptographic algorithms
5282, understanding of block ciphers
5283, familiarity with cryptographic operations including XOR
5284, multiplication
5285, and addition
5286, awareness of cryptographic designers and their works
5287,Authentication methods
5288, Security protocols
5289, Biometric technologies
5290, Identification verification techniques
5291,antivirus technologies
5292, virus detection methods
5293,Web server administration
5294, Network security
5295, Authentication methods
5296, Administrative interface security
5297,Knowledge of HIPAA regulations
5298, Understanding of administrative simplification provisions
5299, Familiarity with healthcare data privacy
5300,network security
5301, software security
5302, data breach prevention
5303,Knowledge of Kerberos protocol
5304, Understanding of Key Distribution Center (KDC)
5305, Familiarity with cryptographic session keys
5306,Risk management principles
5307, Information security concepts
5308,change management process
5309, prioritization techniques
5310,knowledge of PPTP protocol features
5311, knowledge of L2TP protocol features
5312, understanding of tunneling in VPNs
5313,knowledge of polyalphabetic cipher mechanisms
5314, understanding of encryption rules and their application
5315,Mobile content management
5316, Company resource management
5317, Mobile device security
5318,Enterprise security
5319, Threat management
5320, User behavior
5321, Security control design
5322, Productivity impact
5323,knowledge of secure remote access systems
5324, understanding of security best practices
5325, familiarity with access control mechanisms
5326, awareness of logging and auditing importance
5327,Understanding of organizational security needs
5328, Knowledge of security policies and their roles
5329, Familiarity with administrative controls
5330,Understanding of business operations
5331, Knowledge of information security
5332, Familiarity with networking concepts
5333, Awareness of workplace flexibility
5334,Firewall configurations
5335, Network security concepts
5336, Packet analysis
5337,Cyber Physical Systems
5338, Reciprocal Rapid Data Collaboration (RRDC)
5339, IoT devices
5340, cloud based services
5341, security information sharing
5342, ICS (Industrial Control Systems)
5343, anonymization techniques
5344, cybersecurity
5345,Email security protocols
5346, S/MIME
5347, SMTP
5348, POP3
5349, Cryptographic security
5350,Proxy servers
5351, Network security concepts
5352, Internet protocols
5353, Access control
5354,Network security
5355, Penetration testing
5356, Computer networking
5357,knowledge of security standards
5358, understanding of organizational security roles
5359, familiarity with healthcare industry standards
5360,OSI model
5361, TCP/IP model
5362, transport layer
5363, network layer
5364, presentation layer
5365, application layer
5366,TCP/IP protocol knowledge
5367, Understanding of TCP three way handshake
5368, Knowledge of IP ID sequence
5369, Port state determination based on TCP responses
5370,Security policies
5371, Abstract statements
5372, Algorithms
5373, Data structures
5374, Software design
5375,Knowledge of security metrics
5376, Understanding of measurement consistency
5377, Awareness of subjective criteria impact
5378, Familiarity with cardinal numbers and percentages
5379,SQL functions
5380, COUNT function
5381, SUM function
5382, MAX function
5383, MIN function
5384,OAuth 2.0 knowledge
5385, Authorization concepts
5386, Authentication concepts
5387,Business continuity management
5388, Disaster recovery planning
5389, Emergency response procedures
5390, Risk assessment
5391, Physical security
5392, Training program development
5393,Knowledge of best practices for cybersecurity
5394, Understanding of Windows system security
5395,knowledge of password hashing
5396, understanding of rainbow table concept
5397, password cracking methods
5398,firewall operation
5399, security policies
5400, security architecture
5401, security audits
5402,Risk management
5403, Types of controls in operations
5404, Compensating controls
5405, Technical controls
5406, Logical controls
5407, Corrective controls
5408,knowledge of public key cryptography
5409, understanding of digital signatures
5410, awareness of one way authentication
5411,Email protocols
5412, Common ports used for email
5413,Web services security
5414, Secure Token Service (STS)
5415, Authentication and Authorization
5416,RAID configurations
5417, Fault tolerance concepts
5418, Parity information
5419,Windows command line interface
5420, IPv6 protocol installation
5421, netsh command syntax
5422,RSA mechanism
5423, security conditions
5424, modulus length
5425, public exponent
5426, discrete logarithms
5427,knowledge of cryptographic principles
5428, understanding of public key infrastructure (PKI)
5429, familiarity with encryption and decryption processes
5430, awareness of key distribution challenges
5431,User experience principles
5432, Human computer interaction
5433,knowledge of network security protocols
5434, understanding of authentication methods
5435, experience with network administration
5436,cybersecurity
5437, digital rights management
5438, content scrambling system
5439, two factor authentication
5440, end to end encryption
5441,Telecommunication basics
5442, Confidentiality concepts in information security
5443, Network security technologies
5444,Access control concepts
5445, Understanding of access requests
5446, Knowledge of resources and subjects in security contexts
5447,Understanding of advertising models
5448, Knowledge of click fraud
5449, Awareness of online publishing business practices
5450,network security
5451, remote access security
5452, malicious software
5453, system administration
5454,knowledge of machine certificate authentication
5455, understanding of EAP TLS protocol
5456, familiarity with digital signature concepts
5457,security concepts
5458, security policies
5459, security frameworks
5460,WEP stands for Wired Equivalent Privacy
5461,Risk management
5462, Threat assessment
5463, Probability calculation
5464,Understanding of computer security concepts
5465, Knowledge of access control models
5466, Familiarity with identity management systems
5467,Understanding of TCP three way handshake
5468, Knowledge of SYN flood attack mechanism
5469,Understanding of Instant Messaging systems
5470, Knowledge of cybersecurity vulnerabilities
5471, Awareness of user anonymity issues
5472, Understanding of network security
5473,Understanding of mobile operating system security
5474, Knowledge of common mobile threats
5475, Awareness of data handling practices
5476, Familiarity with network security concepts
5477,Understanding of organizational control standards
5478, Knowledge of new standards and industry requirements
5479, Familiarity with ISO 17799
5480,Threat modeling concepts
5481, System security principles
5482, Cybersecurity practices
5483,knowledge of network security protocols
5484, understanding of TLS
5485, understanding of IPsec
5486, awareness of SSH
5487, familiarity with VPN tunneling
5488,Network security
5489, Honeypot technology
5490,network security concepts
5491, firewall functionality
5492, security measures for computer networks
5493,knowledge of software vulnerabilities
5494, understanding of patch management
5495, awareness of antivirus technologies
5496, network security practices
5497,knowledge of SHA 3 algorithm
5498, understanding of step functions in SHA 3
5499,Network Address Translation (NAT)
5500, Private IP addressing
5501, Internet access
5502, Routers functions
5503, Proxies functions
5504, Layer three switches functions
5505,network security concepts
5506, security mechanisms
5507, firewall function
5508, application gateway purpose
5509, intrusion detection system function
5510, authentication and authorization process
5511,cybersecurity concepts
5512, network security principles
5513, defense mechanisms
5514,knowledge of security industry
5515, understanding of professional development
5516, awareness of networking benefits
5517,knowledge of security architecture
5518, understanding of user identification and authentication
5519, familiarity with user name services
5520,Network security concepts
5521, Firewall functions
5522, Security devices
5523,Network security concepts
5524, Corporate network access policies
5525,knowledge of decentralized systems
5526, understanding of microprocessors
5527, awareness of computing architectures
5528,knowledge of network security concepts
5529, understanding of firewall functions
5530,Knowledge of network protocols
5531, Understanding of TCP flags
5532,  Familiarity with network scanning techniques
5533,Windows update terminology
5534, Update types and their definitions
5535,knowledge of cryptographic mechanisms
5536, understanding of reversible vs irreversible transformations in cryptography
5537,knowledge of cybersecurity
5538, understanding of evidence management
5539, familiarity with legal and regulatory requirements for data retention
5540,Digital signatures
5541, Public key infrastructure
5542,PCI DSS requirements
5543, Intrusion detection systems
5544, Intrusion prevention systems
5545,network security
5546, TCP/IP protocol stack
5547, SYN flood attacks
5548, network attack vectors
5549,Virtualization concepts
5550, VM lifecycle management
5551, IT security best practices
5552, Patch management processes
5553,Virtual Private Network (VPN)
5554, Enterprise LAN
5555, Public internetwork
5556, Private network
5557, Virtual network
5558, Secure network
5559,security policies
5560, security procedures
5561,Linear feedback shift register
5562, LFSR
5563, Sequence analysis
5564, Correlation
5565,Business interruption insurance knowledge
5566, Types of commercial insurance
5567,Knowledge of Windows security features
5568, Understanding of user account permissions
5569, Awareness of security risks associated with standard user accounts
5570,Understanding of cybersecurity
5571, Knowledge of organizational security frameworks
5572, Familiarity with security policies and procedures
5573,Knowledge of DNS security
5574, Understanding of network security practices
5575, Familiarity with encryption methods
5576, Awareness of physical security measures
5577, Understanding of ARP protocol
5578, Experience with session management
5579, Knowledge of DNS zone transfers
5580, Familiarity with packet analysis
5581,Cryptography
5582, XOR operation
5583,computer architecture
5584, legacy peripheral devices
5585, Plug and Play (PnP) technology
5586, IRQ
5587,encryption types
5588, performance of encryption algorithms
5589, data size considerations in encryption
5590,knowledge of security concepts
5591, understanding of system analysis and development processes
5592, familiarity with software development lifecycle
5593,knowledge of computer security
5594, understanding of malware types
5595,Shamir\s secret sharing scheme
5596, cryptographic key distribution
5597, secret sharing concepts
5598,knowledge of security principles
5599, understanding of penetration testing techniques
5600, awareness of vulnerability discovery methods
5601, familiarity with countermeasures
5602,knowledge of biometric authentication
5603, understanding of facial recognition technology
5604, awareness of security measures in authentication
5605,knowledge of network security protocols
5606, understanding of public key cryptography
5607, familiarity with IP based protocols
5608, awareness of encryption methods
5609, knowledge of access control mechanisms
5610, understanding of nonrepudiation
5611, familiarity with message authentication
5612,Grid computing basics
5613, Security concepts
5614, Data management
5615, Performance evaluation
5616,knowledge of distributed systems
5617, understanding of content delivery networks
5618, awareness of caching mechanisms
5619, load balancing techniques
5620, private cloud services
5621,knowledge of network security
5622, understanding of remote desktop protocols
5623, familiarity with two factor authentication
5624, experience with IPsec VPNs
5625, awareness of active directory integration
5626, knowledge of virtualization technologies
5627, understanding of password complexity and management
5628,network security
5629, vulnerabilities
5630, attack types
5631,Risk management concepts
5632, Security administration practices
5633,Understanding of Intrusion Detection Systems (IDS)
5634, Familiarity with different types of IDS
5635, Knowledge of how signature based detection works
5636,Network layer functions
5637, Common network devices and their roles
5638,Knowledge of security protocols
5639, Understanding of data transmission security
5640,Biometric identification technologies
5641, Fingerprint scanning techniques
5642, Facial recognition systems
5643, Voice recognition methods
5644, Retina and iris scanning
5645,Client server architecture
5646, Processing distribution in client server model
5647,Risk assessment terminology
5648, Security and compliance
5649,Network Layer Security Protocol (NLSP) concepts
5650, Connection oriented vs connectionless network communication
5651, Subnetwork level security definitions
5652,Risk management concepts
5653, Threat assessment
5654, Vulnerability assessment
5655, Asset valuation
5656,Knowledge of information security
5657, Understanding of employee engagement
5658, Awareness of managements role in security
5659, Comprehension of different methods to communicate security importance
5660,Third party security services market valuation
5661, Economic trends in the early 2000s
5662,knowledge of mobile payment security
5663, understanding of transaction authentication methods
5664, awareness of payment technology risks
5665,knowledge of DNS security
5666, understanding of DNS caching
5667, awareness of DNS poisoning attacks
5668, penetration testing techniques
5669,knowledge of digital signatures
5670, understanding of hash functions
5671, awareness of cryptographic principles
5672,knowledge of the LUCIFER cipher
5673,Object oriented programming concepts
5674, Message passing in OOP
5675, Behavior of objects in response to messages
5676,Knowledge of international standards related to power system security
5677, Understanding of the organizations that develop such standards (NIST
5678, IEEE
5679, IEC)
5680, Familiarity with specific power system security standards
5681,knowledge of the history of cryptography
5682, information about Horst Feistel
5683, details about the development of LUCIFER
5684,penetration testing
5685, security controls
5686, management decision making
5687, organization security
5688,Wireshark packet capture
5689, TCP protocol
5690, HTTP protocol
5691,Human behavior
5692, Common mistakes in daily activities
5693, Operating procedures for equipment
5694,Risk assessment concepts
5695, Types of risk assessment
5696,knowledge of data security concepts
5697, understanding of security policy violations
5698, familiarity with terms used in cybersecurity
5699,network security
5700, vulnerability assessment
5701, penetration testing
5702, automated tools
5703,RAID levels
5704, Fault tolerance in RAID
5705,Cryptography
5706, Public Key Infrastructure
5707, Symmetric Key Algorithms
5708, Asymmetric Key Algorithms
5709,Security fundamentals
5710, Monitoring principles
5711, Intrusion detection systems
5712,TCP protocol
5713, TCP three way handshake
5714,knowledge of web security protocols
5715, understanding of URL structure
5716, familiarity with HTTPS
5717,knowledge of open source vs closed source software
5718, understanding of code review processes
5719, awareness of developer community dynamics
5720,knowledge of social engineering tactics
5721, understanding of human psychology
5722, awareness of common attack vectors
5723,VNC (Virtual Network Computing) platforms
5724, Operating systems compatibility
5725,Social engineering tactics
5726, Common types of impersonation scams
5727,Software development lifecycle
5728, Bug fixing process
5729, Vulnerability management
5730, Performance testing
5731,knowledge of physical security systems
5732, understanding of multifactor authentication
5733, familiarity with various types of access control devices
5734,Knowledge of network scanning tools
5735, Understanding of network security
5736, Familiarity with Nmap functionalities
5737,Cryptography
5738, Encryption process
5739,security standards
5740, guidance
5741, procedures implementation
5742, policies implementation
5743, high level policy objectives
5744,Web security
5745, Programming
5746, Data handling
5747,malware types
5748, virus characteristics
5749, encryption concepts
5750, ransom demands
5751,ISO 7498 2 standards
5752, Security services in information security
5753,Understanding of social engineering tactics
5754, Knowledge of file execution processes
5755, Awareness of user behavior manipulation techniques
5756,IPsec knowledge
5757, Understanding of security protocols
5758, Familiarity with internet standards
5759,Knowledge of cybersecurity threats
5760, Understanding of password cracking techniques
5761, Awareness of social manipulation tactics in security contexts
5762, Familiarity with physical security vulnerabilities
5763,knowledge of computer architecture
5764, understanding of instruction sets
5765, familiarity with different software layers
5766,Social engineering techniques
5767, Psychological manipulation principles
5768,knowledge of authentication methods
5769, understanding of multifactor authentication principles
5770,Knowledge of information security concepts
5771, Understanding of employee roles in security
5772, Awareness of security threats and vulnerabilities
5773,wireless communication principles
5774, radio frequency technology
5775, cellular network architecture
5776, communication infrastructure concepts
5777,radar principles
5778, Doppler effect in radar
5779, radar types
5780,Understanding of cybersecurity concepts
5781, Knowledge of IT service management processes
5782, Awareness of computing services and resources
5783,security engineering
5784, 21st century security challenges
5785, defensive cybersecurity strategies
5786, cryptography
5787, technical complexity management
5788, proprietary software development
5789,knowledge of internet protocols
5790, HTTP protocol
5791,Bluetooth device modes
5792, Bluetooth discovery process
5793,knowledge of fire suppression systems
5794, understanding of water based suppression systems limitations
5795, awareness of environmental conditions that can affect fire suppression
5796,Knowledge of cybersecurity testing methods
5797, Understanding of attack vectors and types
5798,knowledge of networking terminology
5799,knowledge of federal systems
5800, understanding of sovereignty
5801, awareness of international law
5802,knowledge of different types of cables
5803, properties of cables including resistance to electromagnetic interference
5804, applications of various cables in infrastructure
5805,Cybersecurity concepts
5806, Data security practices
5807, Media sanitization techniques
5808,Risk management process
5809, Mitigation strategies
5810,Understanding of cyber attacks
5811, Knowledge of service disruptions
5812, Awareness of cybersecurity terms
5813,Tunneling protocols
5814, Network security concepts
5815, Common network protocols
5816,Nmap basics
5817, Zenmap features
5818, GUI interface knowledge
5819,knowledge of server maintenance
5820, understanding of data recovery processes
5821, awareness of data security practices
5822,knowledge of columnar transposition encryption
5823, understanding of permutation cycles
5824, familiarity with cryptographic terminology
5825,knowledge of social engineering techniques
5826, understanding of employee roles in cybersecurity
5827, awareness of common social engineering tactics
5828,Understanding of organizational management
5829, Knowledge of information security
5830, Familiarity with policy making processes
5831,Disaster management phases
5832, Stabilization techniques
5833, Protection measures during disasters
5834,forensic methodologies
5835, hard drive imaging processes
5836, data integrity
5837, swap files
5838, volatile memory
5839,knowledge of physical security concepts
5840, understanding of layered security approaches
5841, familiarity with access control methods
5842,ADS B technology
5843, Security vulnerabilities in ADS B
5844, Multilateration (MLAT) technology
5845,intrusion detection systems
5846, network security concepts
5847, unauthorized access attempts
5848,penetration testing
5849, cybersecurity
5850, attack scheduling
5851, intrusion detection systems
5852, social engineering
5853,OSI model
5854, Physical layer
5855, Network layer
5856, Data Link layer
5857, Media Access Control (MAC) address
5858,Information Security
5859, Governance
5860, Risk Management
5861, Compliance
5862,Knowledge of cybersecurity concepts
5863, Understanding of data protection methods
5864, Familiarity with encryption and decryption processes
5865,Infrastructure as Code concepts
5866, Automation tools for deployment
5867, Cybersecurity practices
5868, CloudFormation basics
5869, PowerShell scripting
5870, Ansible automation
5871, Terraform usage
5872,knowledge of network architecture
5873, understanding of firewall placement
5874,knowledge of web security vulnerabilities
5875, understanding of SQL injection
5876, understanding of Cross Site Scripting (XSS)
5877, understanding of parameter manipulation
5878, understanding of common web application attacks
5879,knowledge of encryption methods
5880, understanding of columnar transposition encryption
5881, familiarity with basic cryptography concepts
5882,federal government agencies
5883, responsibilities of federal agencies
5884, types of information security
5885, government computer systems
5886,IIS versions history
5887, Windows Server 2008 release date and features
5888,Understanding of computer security
5889, Knowledge of rootkit types
5890,knowledge of web security terms
5891, understanding of internet protocol acronyms
5892,network security concepts
5893, cybersecurity fundamentals
5894, firewall functions
5895,serverless computing
5896, event driven processing
5897, parallel processing
5898, functional programming
5899, procedural programming
5900,Knowledge of common security threats
5901, Understanding of physical security vulnerabilities
5902,Knowledge of cryptographic methods
5903, Understanding of encryption and decryption processes
5904, Familiarity with symmetric and asymmetric key systems
5905,common security misconceptions
5906, IT professional roles and responsibilities
5907, certifications in IT and cybersecurity
5908, evolution of technical infrastructure
5909,knowledge of IBM KryptoKnight system
5910, understanding of computer security systems
5911, familiarity with computational capabilities of different computers
5912,DNS design principles
5913, DNS query types (recursive vs iterative)
5914, DNS security considerations
5915, Network segmentation
5916,WPA3 security protocol
5917, Authentication and association process in wireless networks
5918, Four way handshake mechanism
5919,Knowledge of security systems
5920, Understanding of trusted third parties
5921, Familiarity with key management
5922, Awareness of identity verification processes
5923,Knowledge of public key cryptography concepts
5924, Understanding of encryption key types
5925,knowledge of network security
5926, understanding of intrusion detection systems
5927, familiarity with common types of cyber attacks
5928,Penetration testing
5929, Electronic penetration techniques
5930, Automated security testing tools
5931, Social engineering
5932, Physical security controls
5933,knowledge of hacker motivations
5934, understanding of hacktivist goals
5935, awareness of legal versus illegal activities in cyber contexts
5936,Understanding of symmetric and asymmetric encryption concepts
5937, Knowledge of key distribution and management challenges
5938, Awareness of nonrepudiation properties in cryptography
5939,Knowledge of cybersecurity
5940, Understanding of human psychology in security contexts
5941, Awareness of different attack vectors including email
5942, Understanding of antivirus software limitations
5943,network security
5944, intrusion detection systems
5945, cybersecurity terminology
5946,knowledge of abstract algebra
5947, definition of integral domain
5948, properties of algebraic structures
5949,knowledge of online advertising
5950, understanding of criminal activities on the internet
5951, awareness of advertiser fraud techniques
5952,knowledge of telecom industry challenges
5953, understanding of payment schemes
5954, familiarity with telecommunications billing practices
5955,Risk management concepts
5956, Threat agent understanding
5957, Vulnerability assessment
5958, Internal vs external threats knowledge
5959,software development process knowledge
5960, test environment management
5961, stability management concepts
5962,data warehouse concepts
5963, data warehouse implementation success metrics
5964,Risk Management Life Cycle
5965, Confidentiality
5966, Integrity
5967, Availability
5968, Information Resources
5969,cipher machines
5970, stepping sequence
5971, breakwheel
5972, encryption and decryption processes
5973, rotors
5974,Web application security
5975, HTML forms
5976, User input manipulation
5977,knowledge of different types of law
5978, understanding of how laws are implemented at the federal level
5979, familiarity with the roles of the executive branch
5980,Fault tolerance concepts
5981, Server disk redundancy techniques
5982, Clustering technologies
5983, RAID levels and their purposes
5984, High Availability (HA) pair configurations
5985, Load balancing principles
5986,knowledge of Japanese World War II communication systems
5987, familiarity with codebooks used in Purple machine encryption
5988, specific historical context of PURPLE machine usage by Japanese
5989,knowledge of cybersecurity threats
5990, understanding of social engineering tactics
5991, awareness of malware infection methods
5992, familiarity with security best practices
5993,knowledge of firewall technology
5994, understanding of cybersecurity threats
5995, awareness of web and mail traffic filtering
5996,HVAC system components
5997, corrosion causes
5998, environmental factors affecting HVAC
5999, material properties of electrical connections
6000,knowledge of distributed computing
6001, understanding of interprocess communication concepts
6002,intrusion detection systems
6003, host based intrusion detection systems
6004,RSA encryption
6005, Euler\s totient function
6006, Relative primality
6007,network security concepts
6008, security monitoring techniques
6009,encryption concepts
6010, storage area network security
6011,knowledge of tcpdump command line options
6012, understanding of network protocol analysis
6013,Information security concepts
6014, National security principles
6015, Risk management
6016,Business Continuity Management
6017, Contingency Planning
6018, Risk Management
6019, Recovery Strategies
6020,knowledge of network utilities
6021, understanding of FQDN to IP resolution
6022,knowledge of cryptographic hash functions
6023, understanding of forensic analysis techniques
6024, familiarity with SHA1 and SHA2 algorithms
6025,Risk management concepts
6026, Quantitative risk analysis methods
6027, Qualitative risk analysis methods
6028,knowledge of medical data security
6029, understanding of data anonymization techniques
6030, familiarity with privacy laws and regulations
6031, awareness of data re identification risks
6032,Operational investigation processes
6033, Incident prevention strategies
6034, Types of analytical methods used in IT
6035,knowledge of digital marketing metrics
6036, understanding of user behavior on websites
6037, familiarity with ad network operations
6038,Network technologies
6039, Storage area networks (SAN)
6040, Virtualization concepts
6041, Software defined storage
6042,Network security concepts
6043, DMZ function in network architecture
6044,knowledge of web security concepts
6045, understanding of different security measures
6046, familiarity with encryption
6047,Cryptography
6048, Adversary models in cryptography
6049,Understanding of hacker ethics and motivations
6050, Knowledge of different types of hackers and their typical actions
6051,Knowledge of cryptographic mechanisms
6052, Understanding of elliptic curve cryptography
6053, Familiarity with discrete logarithm problem
6054, Understanding of ECIES (Elliptic Curve Integrated Encryption Scheme)
6055,project management
6056, organizational strategy
6057, facilities planning
6058,Cryptography concepts
6059, Symmetric vs asymmetric encryption
6060,knowledge of encryption
6061, understanding of software protection
6062, awareness of copyright laws
6063, insight into cybersecurity
6064,security engineering
6065, security concepts
6066, security principles
6067,knowledge of DoS (Denial of Service) attack types
6068, understanding of network protocols and packet manipulation
6069, familiarity with common attack vectors and techniques
6070,OSI model
6071, Proxy server architectures
6072, Network security concepts
6073,Understanding of security principles
6074, Knowledge of access control mechanisms
6075,knowledge of encryption algorithms
6076, understanding of IKE and IPsec protocols
6077, familiarity with key lengths and security levels
6078, awareness of cryptographic hash functions
6079,Knowledge of security awareness concepts
6080, Understanding of employee behavior in relation to security
6081, Familiarity with security incident handling procedures
6082,Understanding of proxy based firewalls
6083, Knowledge of OSI model
6084, Awareness of network security concepts
6085,XML namespaces
6086, naming conflicts
6087, XML documents
6088,International law
6089, Data privacy regulations
6090, Cross border data transfer rules
6091,Cryptography
6092, Block ciphers
6093,knowledge of cryptographic systems
6094, understanding of asymmetric and symmetric key cryptography
6095,Transport Layer protocols
6096, TCP vs UDP
6097, Reliability and error recovery mechanisms
6098,malware lifecycle
6099, vulnerability exploitation
6100,knowledge of symmetric key encryption
6101, knowledge of asymmetric key encryption
6102, understanding of encryption performance
6103, understanding of encryption security
6104,Cybersecurity principles
6105, Third party risk management
6106, Software and hardware security
6107,knowledge of ARP (Address Resolution Protocol)
6108, understanding of network traffic manipulation
6109, awareness of security vulnerabilities related to ARP
6110,insurance types
6111, industrial insurance knowledge
6112, boiler related insurance
6113,Windows operating system history
6114, Access control mechanisms in Windows
6115, Windows NT security features
6116, Windows 2000 security enhancements
6117,Internet Protocol knowledge
6118, Understanding of network protocols
6119,Risk analysis concepts
6120, Quantitative vs qualitative analysis
6121, Risk management processes
6122,knowledge of web security
6123, understanding of Unicode encoding
6124, directory traversal attacks
6125,backup generators
6126, space requirements
6127, generator brands
6128, generator pricing
6129, generator startup methods
6130, generator uptime
6131, generator power output
6132, generator fuel types
6133,Knowledge of intranet and data center management
6134, Understanding of service level agreements
6135, Enterprise information security
6136, System and data center security management
6137,knowledge of cryptography
6138, understanding of encryption systems
6139, familiarity with decryption methods
6140,DNSSEC
6141, RRsets
6142, DS records
6143, NSEC records
6144, RRSIG records
6145, DNSKEY records
6146,Social engineering techniques
6147, Common methods of phishing
6148, Information security practices
6149,Knowledge of network security
6150, Understanding of authentication processes
6151, Awareness of security risks in remote access
6152,Understanding of utility services
6153, Knowledge of single point of failure concepts
6154, Awareness of redundancy in connectivity
6155,Software development knowledge
6156, Understanding of software security terms
6157,knowledge of network security tools
6158, understanding of network sniffing
6159,Cybersecurity concepts
6160, Social engineering tactics
6161,XML and tagged languages knowledge
6162, Process to process authentication concepts
6163, Digital signatures basics
6164,Knowledge of email encryption methods
6165, Understanding of UNIX command line tools
6166, Familiarity with cryptographic software
6167,Knowledge of common IT security incident detection methods
6168, Understanding of intrusion detection and prevention systems
6169, Familiarity with automated audit log analysis tools
6170, Awareness of end user roles in security incident detection
6171,knowledge of access control principles
6172, understanding of CIA triad (Confidentiality
6173, Integrity
6174, Availability)
6175,network analysis
6176, data packet inspection
6177, network monitoring
6178,Computer security principles
6179, Authentication methods
6180,vulnerability assessment
6181, exploitation techniques
6182, cybersecurity principles
6183,knowledge of encryption methods
6184, understanding of secret key encryption
6185, awareness of security challenges in cryptography
6186,cybersecurity concepts
6187, encryption purposes
6188, data security
6189,group theory
6190, permutations
6191, symmetric group
6192,SQL injection
6193, database security
6194,knowledge of information security threats
6195, understanding of physical security measures
6196, awareness of environmental risks
6197,Knowledge of cybersecurity practices
6198, Understanding of data protection methods
6199,Understanding of security threats
6200, Knowledge of entity deception in cybersecurity
6201,Information systems security
6202, Business continuity planning
6203, Risk management
6204,legal protection
6205, security vulnerabilities
6206, good faith reporting
6207,knowledge of browser parasites
6208, understanding of privacy concerns
6209, familiarity with web browsing practices
6210,cybersecurity principles
6211, network security concepts
6212, unauthorized access prevention methods
6213,routing protocols
6214, network security concepts
6215, checksum function in networking
6216,Frequency hopping technology
6217, Anti jamming techniques
6218, Communication security concepts
6219,networking basics
6220, command line utilities
6221, TCP/IP protocols
6222,knowledge of cryptographic concepts
6223, understanding of encryption and decryption processes
6224, familiarity with different types of ciphers
6225,Smartcard security
6226, Physical tampering techniques
6227, Passivation layer
6228, Probing methods
6229,DNS caching mechanisms
6230, DNS poisoning techniques
6231, DNS resolution process
6232,Physical security measures
6233, Identification methods
6234, Control mechanisms
6235, Smart card technology
6236,Military logistics
6237, Data security
6238, Classification levels
6239, Nonmonotonic logic
6240, Unauthorized data transfer
6241, Data separation
6242,DNS security
6243, Network security practices
6244, Understanding of DNS operations
6245, Knowledge of ARP protocol
6246,knowledge of cryptographic concepts
6247, understanding of message authentication codes
6248, understanding of digital signatures
6249,PeopleSoft field security
6250, Third party applications integration
6251, PeopleSoft panel security
6252,network security
6253, packet manipulation
6254, ethical hacking tools
6255, man in the middle attacks
6256, network protocols
6257,Risk management concepts
6258, Project management knowledge
6259,knowledge of HIPAA regulations
6260, understanding of U.S. healthcare administrative structure
6261,LAN technologies
6262, Cable types and their applications
6263, Data transmission speeds and protocols
6264,mobile security
6265, app installation policies
6266,knowledge of data structures
6267, understanding of cryptography basics
6268,knowledge of computer security
6269, understanding of access control models
6270, familiarity with security clearance concepts
6271,risk management
6272, business impact analysis
6273, security incidents
6274, daily business operations
6275, organization network infrastructure
6276, vulnerabilities
6277, historical data analysis
6278, future threats
6279, security breach
6280, financial implications
6281,Knowledge of data erasure methods
6282, Understanding of data security practices
6283,cybersecurity terminology
6284, acronyms in cybersecurity
6285,p0f knowledge
6286, network scanning tools
6287,authentication protocols
6288, smartcards
6289, user interfaces
6290, trust
6291, secure transactions
6292,Knowledge of cryptographic protocols
6293, Understanding of public key cryptography
6294, Familiarity with symmetric and asymmetric encryption methods
6295,Cybersecurity principles
6296, Access control
6297, User privileges
6298,history of hacking
6299, evolution of hacker culture
6300, terminology in cybersecurity
6301,Understanding of security models in computer science
6302, Knowledge of Biba model principles
6303,Database integrity
6304, Transaction management
6305,organizational ethics
6306, legal regulations
6307, employee behavior
6308, recruitment strategies
6309,compliance
6310, budgeting
6311, organizational policies
6312, regulatory requirements
6313,IT Management (ITM) programs
6314, Components of ITM programs
6315, Best practices in ITM
6316,virus characteristics
6317, worm characteristics
6318,knowledge of TCP protocol
6319, understanding of packet filtering
6320, awareness of IP spoofing
6321,IPsec
6322, Remote access
6323, EAP methods
6324,Business Continuity Management
6325, Disaster Recovery Planning
6326, Risk Management
6327,Configuration management
6328, Operations security
6329, Security best practices
6330, System changes impact on security
6331,knowledge of malware development
6332, understanding of Python capabilities and limitations
6333,XML knowledge
6334, Understanding of security information management
6335, Awareness of data classification standards
6336, Database management concepts
6337, Enterprise security event correlation
6338,knowledge of security measurement principles
6339, understanding of quantitative vs qualitative metrics
6340,gaming
6341, bot technology
6342, online gaming fairness
6343, server performance
6344, player data security
6345,knowledge of legal systems
6346, understanding of property law
6347, familiarity with computer crime
6348, awareness of changes in legal definitions
6349,packet filtering
6350, network security
6351,knowledge of cybersecurity
6352, understanding of malware types
6353, awareness of safe computing practices
6354,contract law
6355, quality assurance in contracts
6356, legal standards for goods and services
